"bookId","subject","medium","volume","chapterId","chapterNumber","chapterTitle","sourceStartPage","exercisePage","candidates","bookBackCandidates","autoEligible","published","publishedBookBack","publishedOther","printedKeyKnownAwaitingReview","pending","bookBackIdentified","coverageStatus"
"12-accountancy-english-c0f4ded3","Accountancy","English","","tb-12-accountancy-english-c0f4ded3-ch-1","1","Chapter 1","9","38","11","10","10","10","10","0","0","1","true","Partial coverage; completeness not independently established"
"12-accountancy-english-c0f4ded3","Accountancy","English","","tb-12-accountancy-english-c0f4ded3-ch-2","2","Chapter 2","47","77","11","10","10","10","10","0","0","1","true","Partial coverage; completeness not independently established"
"12-accountancy-english-c0f4ded3","Accountancy","English","","tb-12-accountancy-english-c0f4ded3-ch-3","3","Chapter 3","89","118","11","9","9","9","9","0","0","2","true","Partial coverage; completeness not independently established"
"12-accountancy-english-c0f4ded3","Accountancy","English","","tb-12-accountancy-english-c0f4ded3-ch-4","4","Chapter 4","127","139","13","8","8","8","8","0","0","5","true","Partial coverage; completeness not independently established"
"12-accountancy-english-c0f4ded3","Accountancy","English","","tb-12-accountancy-english-c0f4ded3-ch-5","5","Chapter 5","145","179","16","10","9","9","9","0","1","7","true","Partial coverage; completeness not independently established"
"12-accountancy-english-c0f4ded3","Accountancy","English","","tb-12-accountancy-english-c0f4ded3-ch-6","6","Chapter 6","191","223","13","10","10","10","10","0","0","3","true","Partial coverage; completeness not independently established"
"12-accountancy-english-c0f4ded3","Accountancy","English","","tb-12-accountancy-english-c0f4ded3-ch-7","7","Chapter 7","233","263","11","9","9","9","9","0","0","2","true","Partial coverage; completeness not independently established"
"12-accountancy-english-c0f4ded3","Accountancy","English","","tb-12-accountancy-english-c0f4ded3-ch-8","8","Chapter 8","271","293","32","10","9","9","9","0","1","23","true","Partial coverage; completeness not independently established"
"12-accountancy-english-c0f4ded3","Accountancy","English","","tb-12-accountancy-english-c0f4ded3-ch-9","9","Chapter 9","301","326","29","10","10","10","10","0","0","19","true","Partial coverage; completeness not independently established"
"12-accountancy-english-c0f4ded3","Accountancy","English","","tb-12-accountancy-english-c0f4ded3-ch-10","10","Chapter 10","335","363","13","10","10","10","10","0","0","3","true","Partial coverage; completeness not independently established"
"12-accountancy-tamil-6e7f5476","Accountancy","Tamil","","tb-12-accountancy-tamil-6e7f5476-ch-1","1","Chapter 1","9","23","11","11","0","0","0","0","10","11","true","No student-ready questions; review/extraction needed"
"12-accountancy-tamil-6e7f5476","Accountancy","Tamil","","tb-12-accountancy-tamil-6e7f5476-ch-2","2","Chapter 2","47","77","13","10","0","0","0","0","10","13","true","No student-ready questions; review/extraction needed"
"12-accountancy-tamil-6e7f5476","Accountancy","Tamil","","tb-12-accountancy-tamil-6e7f5476-ch-3","3","Chapter 3","89","","10","0","0","0","0","0","0","10","false","No book-back candidates identified; inspect original exercise"
"12-accountancy-tamil-6e7f5476","Accountancy","Tamil","","tb-12-accountancy-tamil-6e7f5476-ch-4","4","Chapter 4","127","139","13","13","0","0","0","0","8","13","true","No student-ready questions; review/extraction needed"
"12-accountancy-tamil-6e7f5476","Accountancy","Tamil","","tb-12-accountancy-tamil-6e7f5476-ch-5","5","Chapter 5","145","179","15","10","0","0","0","0","10","15","true","No student-ready questions; review/extraction needed"
"12-accountancy-tamil-6e7f5476","Accountancy","Tamil","","tb-12-accountancy-tamil-6e7f5476-ch-6","6","Chapter 6","191","227","12","2","0","0","0","0","0","12","true","No student-ready questions; review/extraction needed"
"12-accountancy-tamil-6e7f5476","Accountancy","Tamil","","tb-12-accountancy-tamil-6e7f5476-ch-7","7","Chapter 7","233","","13","0","0","0","0","0","0","13","false","No book-back candidates identified; inspect original exercise"
"12-accountancy-tamil-6e7f5476","Accountancy","Tamil","","tb-12-accountancy-tamil-6e7f5476-ch-8","8","Chapter 8","271","293","31","10","0","0","0","0","10","31","true","No student-ready questions; review/extraction needed"
"12-accountancy-tamil-6e7f5476","Accountancy","Tamil","","tb-12-accountancy-tamil-6e7f5476-ch-9","9","Chapter 9","301","308","30","6","0","0","0","0","0","30","true","No student-ready questions; review/extraction needed"
"12-accountancy-tamil-6e7f5476","Accountancy","Tamil","","tb-12-accountancy-tamil-6e7f5476-ch-10","10","Chapter 10","335","363","13","10","0","0","0","0","10","13","true","No student-ready questions; review/extraction needed"
"12-advanced-tamil-tamil-6679b417","Advanced Tamil","Tamil","","tb-12-advanced-tamil-tamil-6679b417-ch-1","1","Textbook exercises","1","","98","0","0","0","0","0","0","98","false","No book-back candidates identified; inspect original exercise"
"12-agricultural-science-tamil-1d871464","Agricultural Science","Tamil","","tb-12-agricultural-science-tamil-1d871464-ch-1","1","Chapter 1","9","","36","0","0","0","0","0","0","36","false","No book-back candidates identified; inspect original exercise"
"12-agricultural-science-tamil-1d871464","Agricultural Science","Tamil","","tb-12-agricultural-science-tamil-1d871464-ch-2","2","Chapter 2","34","","18","0","0","0","0","0","0","18","false","No book-back candidates identified; inspect original exercise"
"12-agricultural-science-tamil-1d871464","Agricultural Science","Tamil","","tb-12-agricultural-science-tamil-1d871464-ch-3","3","Chapter 3","77","","7","0","0","0","0","0","0","7","false","No book-back candidates identified; inspect original exercise"
"12-agricultural-science-tamil-1d871464","Agricultural Science","Tamil","","tb-12-agricultural-science-tamil-1d871464-ch-4","4","Chapter 4","112","","12","0","0","0","0","0","0","12","false","No book-back candidates identified; inspect original exercise"
"12-agricultural-science-tamil-1d871464","Agricultural Science","Tamil","","tb-12-agricultural-science-tamil-1d871464-ch-5","5","Chapter 5","121","","23","0","0","0","0","0","0","23","false","No book-back candidates identified; inspect original exercise"
"12-agricultural-science-tamil-1d871464","Agricultural Science","Tamil","","tb-12-agricultural-science-tamil-1d871464-ch-6","6","Chapter 6","142","","6","0","0","0","0","0","0","6","false","No book-back candidates identified; inspect original exercise"
"12-agricultural-science-tamil-1d871464","Agricultural Science","Tamil","","tb-12-agricultural-science-tamil-1d871464-ch-7","7","Chapter 7","150","","15","0","0","0","0","0","0","15","false","No book-back candidates identified; inspect original exercise"
"12-agricultural-science-tamil-1d871464","Agricultural Science","Tamil","","tb-12-agricultural-science-tamil-1d871464-ch-8","8","Chapter 8","166","","2","0","0","0","0","0","0","2","false","No book-back candidates identified; inspect original exercise"
"12-agricultural-science-tamil-1d871464","Agricultural Science","Tamil","","tb-12-agricultural-science-tamil-1d871464-ch-9","9","Chapter 9","177","","2","0","0","0","0","0","0","2","false","No book-back candidates identified; inspect original exercise"
"12-agricultural-science-tamil-1d871464","Agricultural Science","Tamil","","tb-12-agricultural-science-tamil-1d871464-ch-10","10","Chapter 10","184","","0","0","0","0","0","0","0","0","false","No book-back candidates identified; inspect original exercise"
"12-agricultural-science-tamil-1d871464","Agricultural Science","Tamil","","tb-12-agricultural-science-tamil-1d871464-ch-11","11","Chapter 11","198","","1","0","0","0","0","0","0","1","false","No book-back candidates identified; inspect original exercise"
"12-agricultural-science-tamil-1d871464","Agricultural Science","Tamil","","tb-12-agricultural-science-tamil-1d871464-ch-12","12","Chapter 12","218","","10","0","0","0","0","0","0","10","false","No book-back candidates identified; inspect original exercise"
"12-agricultural-science-tamil-1d871464","Agricultural Science","Tamil","","tb-12-agricultural-science-tamil-1d871464-ch-13","13","Chapter 13","234","","5","0","0","0","0","0","0","5","false","No book-back candidates identified; inspect original exercise"
"12-agricultural-science-tamil-1d871464","Agricultural Science","Tamil","","tb-12-agricultural-science-tamil-1d871464-ch-14","14","Chapter 14","247","","10","0","0","0","0","0","0","10","false","No book-back candidates identified; inspect original exercise"
"12-auditing-english-cb18c74c","Auditing","English","","tb-12-auditing-english-cb18c74c-ch-1","1","Chapter 1","15","30","10","10","10","10","10","0","0","0","true","Partial coverage; completeness not independently established"
"12-auditing-english-cb18c74c","Auditing","English","","tb-12-auditing-english-cb18c74c-ch-2","2","Chapter 2","33","44","6","6","6","6","6","0","0","0","true","Partial coverage; completeness not independently established"
"12-auditing-english-cb18c74c","Auditing","English","","tb-12-auditing-english-cb18c74c-ch-3","3","Chapter 3","47","55","10","10","0","0","0","0","0","10","true","No student-ready questions; review/extraction needed"
"12-auditing-english-cb18c74c","Auditing","English","","tb-12-auditing-english-cb18c74c-ch-4","4","Chapter 4","58","73","32","30","29","29","29","0","1","3","true","Partial coverage; completeness not independently established"
"12-auditing-english-cb18c74c","Auditing","English","","tb-12-auditing-english-cb18c74c-ch-5","5","Chapter 5","78","94","25","19","0","0","0","0","0","25","true","No student-ready questions; review/extraction needed"
"12-auditing-english-cb18c74c","Auditing","English","","tb-12-auditing-english-cb18c74c-ch-6","6","Chapter 6","98","110","10","10","10","10","10","0","0","0","true","Partial coverage; completeness not independently established"
"12-auditing-english-cb18c74c","Auditing","English","","tb-12-auditing-english-cb18c74c-ch-7","7","Chapter 7","112","125","12","10","10","10","10","0","0","2","true","Partial coverage; completeness not independently established"
"12-auditing-english-cb18c74c","Auditing","English","","tb-12-auditing-english-cb18c74c-ch-8","8","Chapter 8","128","138","14","10","9","9","9","0","1","5","true","Partial coverage; completeness not independently established"
"12-auditing-english-cb18c74c","Auditing","English","","tb-12-auditing-english-cb18c74c-ch-9","9","Chapter 9","141","157","19","18","0","0","0","0","0","19","true","No student-ready questions; review/extraction needed"
"12-auditing-english-cb18c74c","Auditing","English","","tb-12-auditing-english-cb18c74c-ch-10","10","Chapter 10","161","174","17","17","17","17","17","0","0","0","true","Partial coverage; completeness not independently established"
"12-auditing-tamil-e1982513","Auditing","Tamil","","tb-12-auditing-tamil-e1982513-ch-1","1","Chapter 1","13","","11","0","0","0","0","0","0","11","false","No book-back candidates identified; inspect original exercise"
"12-auditing-tamil-e1982513","Auditing","Tamil","","tb-12-auditing-tamil-e1982513-ch-2","2","Chapter 2","32","45","10","10","0","0","0","0","0","10","true","No student-ready questions; review/extraction needed"
"12-auditing-tamil-e1982513","Auditing","Tamil","","tb-12-auditing-tamil-e1982513-ch-3","3","Chapter 3","48","","11","0","0","0","0","0","0","11","false","No book-back candidates identified; inspect original exercise"
"12-auditing-tamil-e1982513","Auditing","Tamil","","tb-12-auditing-tamil-e1982513-ch-4","4","Chapter 4","59","76","15","15","0","0","0","0","0","15","true","No student-ready questions; review/extraction needed"
"12-auditing-tamil-e1982513","Auditing","Tamil","","tb-12-auditing-tamil-e1982513-ch-5","5","Chapter 5","79","92","20","20","0","0","0","0","0","20","true","No student-ready questions; review/extraction needed"
"12-auditing-tamil-e1982513","Auditing","Tamil","","tb-12-auditing-tamil-e1982513-ch-6","6","Chapter 6","104","","10","0","0","0","0","0","0","10","false","No book-back candidates identified; inspect original exercise"
"12-auditing-tamil-e1982513","Auditing","Tamil","","tb-12-auditing-tamil-e1982513-ch-7","7","Chapter 7","121","","14","0","0","0","0","0","0","14","false","No book-back candidates identified; inspect original exercise"
"12-auditing-tamil-e1982513","Auditing","Tamil","","tb-12-auditing-tamil-e1982513-ch-8","8","Chapter 8","139","151","10","10","0","0","0","0","0","10","true","No student-ready questions; review/extraction needed"
"12-auditing-tamil-e1982513","Auditing","Tamil","","tb-12-auditing-tamil-e1982513-ch-9","9","Chapter 9","154","","20","0","0","0","0","0","0","20","false","No book-back candidates identified; inspect original exercise"
"12-auditing-tamil-e1982513","Auditing","Tamil","","tb-12-auditing-tamil-e1982513-ch-10","10","Chapter 10","176","","19","0","0","0","0","0","0","19","false","No book-back candidates identified; inspect original exercise"
"12-basic-automobile-engineering-english-69f8e9f9","Basic Automobile Engineering","English","","tb-12-basic-automobile-engineering-english-69f8e9f9-ch-1","1","Chapter 1","7","19","5","5","0","0","0","0","0","5","true","No student-ready questions; review/extraction needed"
"12-basic-automobile-engineering-english-69f8e9f9","Basic Automobile Engineering","English","","tb-12-basic-automobile-engineering-english-69f8e9f9-ch-2","2","Chapter 2","21","34","10","10","0","0","0","0","0","10","true","No student-ready questions; review/extraction needed"
"12-basic-automobile-engineering-english-69f8e9f9","Basic Automobile Engineering","English","","tb-12-basic-automobile-engineering-english-69f8e9f9-ch-3","3","Chapter 3","36","59","10","10","0","0","0","0","0","10","true","No student-ready questions; review/extraction needed"
"12-basic-automobile-engineering-english-69f8e9f9","Basic Automobile Engineering","English","","tb-12-basic-automobile-engineering-english-69f8e9f9-ch-4","4","Chapter 4","61","77","10","10","0","0","0","0","0","10","true","No student-ready questions; review/extraction needed"
"12-basic-automobile-engineering-english-69f8e9f9","Basic Automobile Engineering","English","","tb-12-basic-automobile-engineering-english-69f8e9f9-ch-5","5","Chapter 5","80","95","10","10","0","0","0","0","0","10","true","No student-ready questions; review/extraction needed"
"12-basic-automobile-engineering-english-69f8e9f9","Basic Automobile Engineering","English","","tb-12-basic-automobile-engineering-english-69f8e9f9-ch-6","6","Chapter 6","97","127","10","10","0","0","0","0","0","10","true","No student-ready questions; review/extraction needed"
"12-basic-automobile-engineering-english-69f8e9f9","Basic Automobile Engineering","English","","tb-12-basic-automobile-engineering-english-69f8e9f9-ch-7","7","Chapter 7","129","149","5","5","0","0","0","0","0","5","true","No student-ready questions; review/extraction needed"
"12-basic-automobile-engineering-english-69f8e9f9","Basic Automobile Engineering","English","","tb-12-basic-automobile-engineering-english-69f8e9f9-ch-8","8","Chapter 8","151","170","13","11","0","0","0","0","0","13","true","No student-ready questions; review/extraction needed"
"12-basic-automobile-engineering-english-69f8e9f9","Basic Automobile Engineering","English","","tb-12-basic-automobile-engineering-english-69f8e9f9-ch-9","9","Chapter 9","173","188","12","10","0","0","0","0","0","12","true","No student-ready questions; review/extraction needed"
"12-basic-automobile-engineering-english-69f8e9f9","Basic Automobile Engineering","English","","tb-12-basic-automobile-engineering-english-69f8e9f9-ch-10","10","Chapter 10","190","223","27","14","0","0","0","0","0","27","true","No student-ready questions; review/extraction needed"
"12-basic-automobile-engineering-tamil-e76f29d2","Basic Automobile Engineering","Tamil","","tb-12-basic-automobile-engineering-tamil-e76f29d2-ch-1","1","Chapter 1","9","","5","0","0","0","0","0","0","5","false","No book-back candidates identified; inspect original exercise"
"12-basic-automobile-engineering-tamil-e76f29d2","Basic Automobile Engineering","Tamil","","tb-12-basic-automobile-engineering-tamil-e76f29d2-ch-2","2","Chapter 2","23","38","10","3","0","0","0","0","0","10","true","No student-ready questions; review/extraction needed"
"12-basic-automobile-engineering-tamil-e76f29d2","Basic Automobile Engineering","Tamil","","tb-12-basic-automobile-engineering-tamil-e76f29d2-ch-3","3","Chapter 3","39","","10","0","0","0","0","0","0","10","false","No book-back candidates identified; inspect original exercise"
"12-basic-automobile-engineering-tamil-e76f29d2","Basic Automobile Engineering","Tamil","","tb-12-basic-automobile-engineering-tamil-e76f29d2-ch-4","4","Chapter 4","66","","10","0","0","0","0","0","0","10","false","No book-back candidates identified; inspect original exercise"
"12-basic-automobile-engineering-tamil-e76f29d2","Basic Automobile Engineering","Tamil","","tb-12-basic-automobile-engineering-tamil-e76f29d2-ch-5","5","Chapter 5","85","","10","0","0","0","0","0","0","10","false","No book-back candidates identified; inspect original exercise"
"12-basic-automobile-engineering-tamil-e76f29d2","Basic Automobile Engineering","Tamil","","tb-12-basic-automobile-engineering-tamil-e76f29d2-ch-6","6","Chapter 6","102","134","10","10","0","0","0","0","0","10","true","No student-ready questions; review/extraction needed"
"12-basic-automobile-engineering-tamil-e76f29d2","Basic Automobile Engineering","Tamil","","tb-12-basic-automobile-engineering-tamil-e76f29d2-ch-7","7","Chapter 7","137","","5","0","0","0","0","0","0","5","false","No book-back candidates identified; inspect original exercise"
"12-basic-automobile-engineering-tamil-e76f29d2","Basic Automobile Engineering","Tamil","","tb-12-basic-automobile-engineering-tamil-e76f29d2-ch-8","8","Chapter 8","160","","13","0","0","0","0","0","0","13","false","No book-back candidates identified; inspect original exercise"
"12-basic-automobile-engineering-tamil-e76f29d2","Basic Automobile Engineering","Tamil","","tb-12-basic-automobile-engineering-tamil-e76f29d2-ch-9","9","Chapter 9","183","","11","0","0","0","0","0","0","11","false","No book-back candidates identified; inspect original exercise"
"12-basic-automobile-engineering-tamil-e76f29d2","Basic Automobile Engineering","Tamil","","tb-12-basic-automobile-engineering-tamil-e76f29d2-ch-10","10","Chapter 10","201","239","18","15","0","0","0","0","0","18","true","No student-ready questions; review/extraction needed"
"12-basic-civil-engineering-english-fc2d4128","Basic Civil Engineering","English","","tb-12-basic-civil-engineering-english-fc2d4128-ch-1","1","Chapter 1","9","24","7","6","6","6","6","0","0","1","true","Partial coverage; completeness not independently established"
"12-basic-civil-engineering-english-fc2d4128","Basic Civil Engineering","English","","tb-12-basic-civil-engineering-english-fc2d4128-ch-2","2","Chapter 2","25","42","7","6","6","6","6","0","0","1","true","Partial coverage; completeness not independently established"
"12-basic-civil-engineering-english-fc2d4128","Basic Civil Engineering","English","","tb-12-basic-civil-engineering-english-fc2d4128-ch-3","3","Chapter 3","43","66","11","7","7","7","7","0","0","4","true","Partial coverage; completeness not independently established"
"12-basic-civil-engineering-english-fc2d4128","Basic Civil Engineering","English","","tb-12-basic-civil-engineering-english-fc2d4128-ch-4","4","Chapter 4","68","92","8","7","7","7","7","0","0","1","true","Partial coverage; completeness not independently established"
"12-basic-civil-engineering-english-fc2d4128","Basic Civil Engineering","English","","tb-12-basic-civil-engineering-english-fc2d4128-ch-5","5","Chapter 5","93","115","10","5","5","5","5","0","0","5","true","Partial coverage; completeness not independently established"
"12-basic-civil-engineering-english-fc2d4128","Basic Civil Engineering","English","","tb-12-basic-civil-engineering-english-fc2d4128-ch-6","6","Chapter 6","116","141","11","6","6","6","6","0","0","5","true","Partial coverage; completeness not independently established"
"12-basic-civil-engineering-english-fc2d4128","Basic Civil Engineering","English","","tb-12-basic-civil-engineering-english-fc2d4128-ch-7","7","Chapter 7","142","161","16","6","6","6","6","0","0","10","true","Partial coverage; completeness not independently established"
"12-basic-civil-engineering-english-fc2d4128","Basic Civil Engineering","English","","tb-12-basic-civil-engineering-english-fc2d4128-ch-8","8","Chapter 8","162","171","34","33","4","4","4","0","0","30","true","Partial coverage; completeness not independently established"
"12-basic-civil-engineering-tamil-122addb5","Basic Civil Engineering","Tamil","","tb-12-basic-civil-engineering-tamil-122addb5-ch-1","1","Chapter 1","9","","6","0","0","0","0","0","0","6","false","No book-back candidates identified; inspect original exercise"
"12-basic-civil-engineering-tamil-122addb5","Basic Civil Engineering","Tamil","","tb-12-basic-civil-engineering-tamil-122addb5-ch-2","2","Chapter 2","28","","6","0","0","0","0","0","0","6","false","No book-back candidates identified; inspect original exercise"
"12-basic-civil-engineering-tamil-122addb5","Basic Civil Engineering","Tamil","","tb-12-basic-civil-engineering-tamil-122addb5-ch-3","3","Chapter 3","49","","9","0","0","0","0","0","0","9","false","No book-back candidates identified; inspect original exercise"
"12-basic-civil-engineering-tamil-122addb5","Basic Civil Engineering","Tamil","","tb-12-basic-civil-engineering-tamil-122addb5-ch-4","4","Chapter 4","78","","8","0","0","0","0","0","0","8","false","No book-back candidates identified; inspect original exercise"
"12-basic-civil-engineering-tamil-122addb5","Basic Civil Engineering","Tamil","","tb-12-basic-civil-engineering-tamil-122addb5-ch-5","5","Chapter 5","109","","8","0","0","0","0","0","0","8","false","No book-back candidates identified; inspect original exercise"
"12-basic-civil-engineering-tamil-122addb5","Basic Civil Engineering","Tamil","","tb-12-basic-civil-engineering-tamil-122addb5-ch-6","6","Chapter 6","136","","10","0","0","0","0","0","0","10","false","No book-back candidates identified; inspect original exercise"
"12-basic-civil-engineering-tamil-122addb5","Basic Civil Engineering","Tamil","","tb-12-basic-civil-engineering-tamil-122addb5-ch-7","7","Chapter 7","168","189","14","6","0","0","0","0","6","14","true","No student-ready questions; review/extraction needed"
"12-basic-civil-engineering-tamil-122addb5","Basic Civil Engineering","Tamil","","tb-12-basic-civil-engineering-tamil-122addb5-ch-8","8","Chapter 8","191","250","33","29","0","0","0","0","0","33","true","No student-ready questions; review/extraction needed"
"12-basic-electrical-engineering-english-13c7fc7b","Basic Electrical Engineering","English","","tb-12-basic-electrical-engineering-english-13c7fc7b-ch-1","1","Chapter 1","9","24","13","13","0","0","0","0","0","13","true","No student-ready questions; review/extraction needed"
"12-basic-electrical-engineering-english-13c7fc7b","Basic Electrical Engineering","English","","tb-12-basic-electrical-engineering-english-13c7fc7b-ch-2","2","Chapter 2","28","42","15","14","0","0","0","0","0","15","true","No student-ready questions; review/extraction needed"
"12-basic-electrical-engineering-english-13c7fc7b","Basic Electrical Engineering","English","","tb-12-basic-electrical-engineering-english-13c7fc7b-ch-3","3","Chapter 3","45","58","19","18","0","0","0","0","0","19","true","No student-ready questions; review/extraction needed"
"12-basic-electrical-engineering-english-13c7fc7b","Basic Electrical Engineering","English","","tb-12-basic-electrical-engineering-english-13c7fc7b-ch-4","4","Chapter 4","62","78","17","15","0","0","0","0","0","17","true","No student-ready questions; review/extraction needed"
"12-basic-electrical-engineering-english-13c7fc7b","Basic Electrical Engineering","English","","tb-12-basic-electrical-engineering-english-13c7fc7b-ch-5","5","Chapter 5","83","91","13","8","0","0","0","0","0","13","true","No student-ready questions; review/extraction needed"
"12-basic-electrical-engineering-english-13c7fc7b","Basic Electrical Engineering","English","","tb-12-basic-electrical-engineering-english-13c7fc7b-ch-6","6","Chapter 6","94","107","18","17","0","0","0","0","0","18","true","No student-ready questions; review/extraction needed"
"12-basic-electrical-engineering-english-13c7fc7b","Basic Electrical Engineering","English","","tb-12-basic-electrical-engineering-english-13c7fc7b-ch-7","7","Chapter 7","111","122","10","10","0","0","0","0","0","10","true","No student-ready questions; review/extraction needed"
"12-basic-electrical-engineering-english-13c7fc7b","Basic Electrical Engineering","English","","tb-12-basic-electrical-engineering-english-13c7fc7b-ch-8","8","Chapter 8","125","137","21","21","0","0","0","0","0","21","true","No student-ready questions; review/extraction needed"
"12-basic-electrical-engineering-english-13c7fc7b","Basic Electrical Engineering","English","","tb-12-basic-electrical-engineering-english-13c7fc7b-ch-9","9","Chapter 9","141","157","22","22","0","0","0","0","0","22","true","No student-ready questions; review/extraction needed"
"12-basic-electrical-engineering-english-13c7fc7b","Basic Electrical Engineering","English","","tb-12-basic-electrical-engineering-english-13c7fc7b-ch-10","10","Chapter 10","161","174","34","16","0","0","0","0","0","34","true","No student-ready questions; review/extraction needed"
"12-basic-electrical-engineering-tamil-029f513a","Basic Electrical Engineering","Tamil","","tb-12-basic-electrical-engineering-tamil-029f513a-ch-1","1","Chapter 1","9","","13","0","0","0","0","0","0","13","false","No book-back candidates identified; inspect original exercise"
"12-basic-electrical-engineering-tamil-029f513a","Basic Electrical Engineering","Tamil","","tb-12-basic-electrical-engineering-tamil-029f513a-ch-2","2","Chapter 2","30","","15","0","0","0","0","0","0","15","false","No book-back candidates identified; inspect original exercise"
"12-basic-electrical-engineering-tamil-029f513a","Basic Electrical Engineering","Tamil","","tb-12-basic-electrical-engineering-tamil-029f513a-ch-3","3","Chapter 3","49","","17","0","0","0","0","0","0","17","false","No book-back candidates identified; inspect original exercise"
"12-basic-electrical-engineering-tamil-029f513a","Basic Electrical Engineering","Tamil","","tb-12-basic-electrical-engineering-tamil-029f513a-ch-4","4","Chapter 4","67","","16","0","0","0","0","0","0","16","false","No book-back candidates identified; inspect original exercise"
"12-basic-electrical-engineering-tamil-029f513a","Basic Electrical Engineering","Tamil","","tb-12-basic-electrical-engineering-tamil-029f513a-ch-5","5","Chapter 5","91","","8","0","0","0","0","0","0","8","false","No book-back candidates identified; inspect original exercise"
"12-basic-electrical-engineering-tamil-029f513a","Basic Electrical Engineering","Tamil","","tb-12-basic-electrical-engineering-tamil-029f513a-ch-6","6","Chapter 6","102","","15","0","0","0","0","0","0","15","false","No book-back candidates identified; inspect original exercise"
"12-basic-electrical-engineering-tamil-029f513a","Basic Electrical Engineering","Tamil","","tb-12-basic-electrical-engineering-tamil-029f513a-ch-7","7","Chapter 7","120","132","10","7","0","0","0","0","0","10","true","No student-ready questions; review/extraction needed"
"12-basic-electrical-engineering-tamil-029f513a","Basic Electrical Engineering","Tamil","","tb-12-basic-electrical-engineering-tamil-029f513a-ch-8","8","Chapter 8","134","","22","0","0","0","0","0","0","22","false","No book-back candidates identified; inspect original exercise"
"12-basic-electrical-engineering-tamil-029f513a","Basic Electrical Engineering","Tamil","","tb-12-basic-electrical-engineering-tamil-029f513a-ch-9","9","Chapter 9","152","170","22","20","0","0","0","0","0","22","true","No student-ready questions; review/extraction needed"
"12-basic-electrical-engineering-tamil-029f513a","Basic Electrical Engineering","Tamil","","tb-12-basic-electrical-engineering-tamil-029f513a-ch-10","10","Chapter 10","174","191","32","25","0","0","0","0","0","32","true","No student-ready questions; review/extraction needed"
"12-basic-electronics-engineering-english-983efd90","Basic Electronics Engineering","English","","tb-12-basic-electronics-engineering-english-983efd90-ch-1","1","Digital Circuit Applications","9","37","15","14","13","13","13","0","1","2","true","Partial coverage; completeness not independently established"
"12-basic-electronics-engineering-english-983efd90","Basic Electronics Engineering","English","","tb-12-basic-electronics-engineering-english-983efd90-ch-2","2","Chapter 2","39","54","9","3","3","8","3","5","0","1","true","Partial coverage; completeness not independently established"
"12-basic-electronics-engineering-english-983efd90","Basic Electronics Engineering","English","","tb-12-basic-electronics-engineering-english-983efd90-ch-3","3","Chapter 3","57","87","13","10","10","10","10","0","0","3","true","Partial coverage; completeness not independently established"
"12-basic-electronics-engineering-english-983efd90","Basic Electronics Engineering","English","","tb-12-basic-electronics-engineering-english-983efd90-ch-4","4","Chapter 4","90","120","19","14","14","19","14","5","0","0","true","Partial coverage; completeness not independently established"
"12-basic-electronics-engineering-english-983efd90","Basic Electronics Engineering","English","","tb-12-basic-electronics-engineering-english-983efd90-ch-5","5","Chapter 5","123","142","12","12","12","12","12","0","0","0","true","Partial coverage; completeness not independently established"
"12-basic-electronics-engineering-english-983efd90","Basic Electronics Engineering","English","","tb-12-basic-electronics-engineering-english-983efd90-ch-6","6","Chapter 6","144","162","20","9","8","8","8","0","1","12","true","Partial coverage; completeness not independently established"
"12-basic-electronics-engineering-english-983efd90","Basic Electronics Engineering","English","","tb-12-basic-electronics-engineering-english-983efd90-ch-7","7","Chapter 7","165","185","15","8","8","8","8","0","0","7","true","Partial coverage; completeness not independently established"
"12-basic-electronics-engineering-english-983efd90","Basic Electronics Engineering","English","","tb-12-basic-electronics-engineering-english-983efd90-ch-8","8","Chapter 8","188","203","10","10","9","9","9","0","1","1","true","Partial coverage; completeness not independently established"
"12-basic-electronics-engineering-english-983efd90","Basic Electronics Engineering","English","","tb-12-basic-electronics-engineering-english-983efd90-ch-9","9","Chapter 9","205","232","10","4","3","3","3","0","1","7","true","Partial coverage; completeness not independently established"
"12-basic-electronics-engineering-english-983efd90","Basic Electronics Engineering","English","","tb-12-basic-electronics-engineering-english-983efd90-ch-10","10","Chapter 10","234","257","21","16","3","3","3","0","0","18","true","Partial coverage; completeness not independently established"
"12-basic-electronics-engineering-tamil-96fcb4f2","Basic Electronics Engineering","Tamil","","tb-12-basic-electronics-engineering-tamil-96fcb4f2-ch-1","1","Chapter 1","9","","13","0","0","0","0","0","0","13","false","No book-back candidates identified; inspect original exercise"
"12-basic-electronics-engineering-tamil-96fcb4f2","Basic Electronics Engineering","Tamil","","tb-12-basic-electronics-engineering-tamil-96fcb4f2-ch-2","2","Chapter 2","42","","10","0","0","0","0","0","0","10","false","No book-back candidates identified; inspect original exercise"
"12-basic-electronics-engineering-tamil-96fcb4f2","Basic Electronics Engineering","Tamil","","tb-12-basic-electronics-engineering-tamil-96fcb4f2-ch-3","3","Chapter 3","64","","15","0","0","0","0","0","0","15","false","No book-back candidates identified; inspect original exercise"
"12-basic-electronics-engineering-tamil-96fcb4f2","Basic Electronics Engineering","Tamil","","tb-12-basic-electronics-engineering-tamil-96fcb4f2-ch-4","4","Chapter 4","101","142","19","17","0","0","0","0","0","19","true","No student-ready questions; review/extraction needed"
"12-basic-electronics-engineering-tamil-96fcb4f2","Basic Electronics Engineering","Tamil","","tb-12-basic-electronics-engineering-tamil-96fcb4f2-ch-5","5","Chapter 5","144","","15","0","0","0","0","0","0","15","false","No book-back candidates identified; inspect original exercise"
"12-basic-electronics-engineering-tamil-96fcb4f2","Basic Electronics Engineering","Tamil","","tb-12-basic-electronics-engineering-tamil-96fcb4f2-ch-6","6","Chapter 6","171","193","21","20","0","0","0","0","20","21","true","No student-ready questions; review/extraction needed"
"12-basic-electronics-engineering-tamil-96fcb4f2","Basic Electronics Engineering","Tamil","","tb-12-basic-electronics-engineering-tamil-96fcb4f2-ch-7","7","Chapter 7","196","222","15","15","0","0","0","0","15","15","true","No student-ready questions; review/extraction needed"
"12-basic-electronics-engineering-tamil-96fcb4f2","Basic Electronics Engineering","Tamil","","tb-12-basic-electronics-engineering-tamil-96fcb4f2-ch-8","8","Chapter 8","225","","9","0","0","0","0","0","0","9","false","No book-back candidates identified; inspect original exercise"
"12-basic-electronics-engineering-tamil-96fcb4f2","Basic Electronics Engineering","Tamil","","tb-12-basic-electronics-engineering-tamil-96fcb4f2-ch-9","9","Chapter 9","246","","9","0","0","0","0","0","0","9","false","No book-back candidates identified; inspect original exercise"
"12-basic-electronics-engineering-tamil-96fcb4f2","Basic Electronics Engineering","Tamil","","tb-12-basic-electronics-engineering-tamil-96fcb4f2-ch-10","10","Chapter 10","277","306","25","25","0","0","0","0","4","25","true","No student-ready questions; review/extraction needed"
"12-basic-mechanical-engineering-english-e15ca391","Basic Mechanical Engineering","English","","tb-12-basic-mechanical-engineering-english-e15ca391-ch-1","1","XII BME English version CHAPTER 01","15","43","11","2","0","0","0","0","0","11","true","No student-ready questions; review/extraction needed"
"12-basic-mechanical-engineering-english-e15ca391","Basic Mechanical Engineering","English","","tb-12-basic-mechanical-engineering-english-e15ca391-ch-2","2","XII BME English version CHAPTER 02","45","69","10","4","0","0","0","0","0","10","true","No student-ready questions; review/extraction needed"
"12-basic-mechanical-engineering-english-e15ca391","Basic Mechanical Engineering","English","","tb-12-basic-mechanical-engineering-english-e15ca391-ch-3","3","XII BME English version CHAPTER 03","71","89","12","4","0","0","0","0","0","12","true","No student-ready questions; review/extraction needed"
"12-basic-mechanical-engineering-english-e15ca391","Basic Mechanical Engineering","English","","tb-12-basic-mechanical-engineering-english-e15ca391-ch-4","4","XII BME English version CHAPTER 04","91","111","7","5","0","0","0","0","0","7","true","No student-ready questions; review/extraction needed"
"12-basic-mechanical-engineering-english-e15ca391","Basic Mechanical Engineering","English","","tb-12-basic-mechanical-engineering-english-e15ca391-ch-5","5","XII BME English version CHAPTER 05","113","132","5","4","0","0","0","0","0","5","true","No student-ready questions; review/extraction needed"
"12-basic-mechanical-engineering-english-e15ca391","Basic Mechanical Engineering","English","","tb-12-basic-mechanical-engineering-english-e15ca391-ch-6","6","XII BME English version CHAPTER 06","133","140","4","3","0","0","0","0","0","4","true","No student-ready questions; review/extraction needed"
"12-basic-mechanical-engineering-english-e15ca391","Basic Mechanical Engineering","English","","tb-12-basic-mechanical-engineering-english-e15ca391-ch-7","7","XII BME English version CHAPTER 07","141","153","8","2","0","0","0","0","0","8","true","No student-ready questions; review/extraction needed"
"12-basic-mechanical-engineering-english-e15ca391","Basic Mechanical Engineering","English","","tb-12-basic-mechanical-engineering-english-e15ca391-ch-8","8","XII BME English version CHAPTER 08","155","168","13","3","0","0","0","0","0","13","true","No student-ready questions; review/extraction needed"
"12-basic-mechanical-engineering-english-e15ca391","Basic Mechanical Engineering","English","","tb-12-basic-mechanical-engineering-english-e15ca391-ch-9","9","XII BME English version CHAPTER 09","169","177","8","2","0","0","0","0","0","8","true","No student-ready questions; review/extraction needed"
"12-basic-mechanical-engineering-english-e15ca391","Basic Mechanical Engineering","English","","tb-12-basic-mechanical-engineering-english-e15ca391-ch-10","10","XII BME English version CHAPTER 10","179","191","17","15","0","0","0","0","0","17","true","No student-ready questions; review/extraction needed"
"12-basic-mechanical-engineering-tamil-49be34e2","Basic Mechanical Engineering","Tamil","","tb-12-basic-mechanical-engineering-tamil-49be34e2-ch-1","1","XII BME Tamil version CHAPTER 01","15","48","11","4","0","0","0","0","0","11","true","No student-ready questions; review/extraction needed"
"12-basic-mechanical-engineering-tamil-49be34e2","Basic Mechanical Engineering","Tamil","","tb-12-basic-mechanical-engineering-tamil-49be34e2-ch-2","2","XII BME Tamil version CHAPTER 02","50","","11","0","0","0","0","0","0","11","false","No book-back candidates identified; inspect original exercise"
"12-basic-mechanical-engineering-tamil-49be34e2","Basic Mechanical Engineering","Tamil","","tb-12-basic-mechanical-engineering-tamil-49be34e2-ch-3","3","XII BME Tamil version CHAPTER 03","79","","12","0","0","0","0","0","0","12","false","No book-back candidates identified; inspect original exercise"
"12-basic-mechanical-engineering-tamil-49be34e2","Basic Mechanical Engineering","Tamil","","tb-12-basic-mechanical-engineering-tamil-49be34e2-ch-4","4","XII BME Tamil version CHAPTER 04","100","","6","0","0","0","0","0","0","6","false","No book-back candidates identified; inspect original exercise"
"12-basic-mechanical-engineering-tamil-49be34e2","Basic Mechanical Engineering","Tamil","","tb-12-basic-mechanical-engineering-tamil-49be34e2-ch-5","5","XII BME Tamil version CHAPTER 05","125","","4","0","0","0","0","0","0","4","false","No book-back candidates identified; inspect original exercise"
"12-basic-mechanical-engineering-tamil-49be34e2","Basic Mechanical Engineering","Tamil","","tb-12-basic-mechanical-engineering-tamil-49be34e2-ch-6","6","XII BME Tamil version CHAPTER 06","148","","4","0","0","0","0","0","0","4","false","No book-back candidates identified; inspect original exercise"
"12-basic-mechanical-engineering-tamil-49be34e2","Basic Mechanical Engineering","Tamil","","tb-12-basic-mechanical-engineering-tamil-49be34e2-ch-7","7","XII BME Tamil version CHAPTER 07","157","","9","0","0","0","0","0","0","9","false","No book-back candidates identified; inspect original exercise"
"12-basic-mechanical-engineering-tamil-49be34e2","Basic Mechanical Engineering","Tamil","","tb-12-basic-mechanical-engineering-tamil-49be34e2-ch-8","8","XII BME Tamil version CHAPTER 08","173","","15","0","0","0","0","0","0","15","false","No book-back candidates identified; inspect original exercise"
"12-basic-mechanical-engineering-tamil-49be34e2","Basic Mechanical Engineering","Tamil","","tb-12-basic-mechanical-engineering-tamil-49be34e2-ch-9","9","XII BME Tamil version CHAPTER 09","189","","8","0","0","0","0","0","0","8","false","No book-back candidates identified; inspect original exercise"
"12-basic-mechanical-engineering-tamil-49be34e2","Basic Mechanical Engineering","Tamil","","tb-12-basic-mechanical-engineering-tamil-49be34e2-ch-10","10","XII BME Tamil version CHAPTER 10","200","","20","0","0","0","0","0","0","20","false","No book-back candidates identified; inspect original exercise"
"12-bio-botany-english-f15d4524","Bio-Botany","English","","tb-12-bio-botany-english-f15d4524-ch-1","1","Asexual and Sexual","7","32","21","17","0","0","0","0","0","21","true","No student-ready questions; review/extraction needed"
"12-bio-botany-english-f15d4524","Bio-Botany","English","","tb-12-bio-botany-english-f15d4524-ch-2","2","Classical Genetics","37","52","19","19","0","0","0","0","0","19","true","No student-ready questions; review/extraction needed"
"12-bio-botany-english-f15d4524","Bio-Botany","English","","tb-12-bio-botany-english-f15d4524-ch-3","3","Chromosomal Basis of","56","71","11","10","0","0","0","0","0","11","true","No student-ready questions; review/extraction needed"
"12-bio-botany-english-f15d4524","Bio-Botany","English","","tb-12-bio-botany-english-f15d4524-ch-4","4","Principles and Processes of","74","95","10","9","0","0","0","0","0","10","true","No student-ready questions; review/extraction needed"
"12-bio-botany-english-f15d4524","Bio-Botany","English","","tb-12-bio-botany-english-f15d4524-ch-5","5","Plant Tissue Culture","102","111","9","9","0","0","0","0","0","9","true","No student-ready questions; review/extraction needed"
"12-bio-botany-english-f15d4524","Bio-Botany","English","","tb-12-bio-botany-english-f15d4524-ch-6","6","Principles of Ecology","115","136","18","15","0","0","0","0","0","18","true","No student-ready questions; review/extraction needed"
"12-bio-botany-english-f15d4524","Bio-Botany","English","","tb-12-bio-botany-english-f15d4524-ch-7","7","Ecosystem","140","157","17","14","0","0","0","0","0","17","true","No student-ready questions; review/extraction needed"
"12-bio-botany-english-f15d4524","Bio-Botany","English","","tb-12-bio-botany-english-f15d4524-ch-8","8","Environmental Issues","161","174","11","11","0","0","0","0","0","11","true","No student-ready questions; review/extraction needed"
"12-bio-botany-english-f15d4524","Bio-Botany","English","","tb-12-bio-botany-english-f15d4524-ch-9","9","Learning Objectives","177","187","17","17","0","0","0","0","0","17","true","No student-ready questions; review/extraction needed"
"12-bio-botany-english-f15d4524","Bio-Botany","English","","tb-12-bio-botany-english-f15d4524-ch-10","10","Chapter outline","191","207","171","53","0","0","0","0","0","171","true","No student-ready questions; review/extraction needed"
"12-bio-botany-tamil-51160855","Bio-Botany","Tamil","","tb-12-bio-botany-tamil-51160855-ch-1","1","Chapter 1","7","","20","0","0","0","0","0","0","20","false","No book-back candidates identified; inspect original exercise"
"12-bio-botany-tamil-51160855","Bio-Botany","Tamil","","tb-12-bio-botany-tamil-51160855-ch-2","2","Chapter 2","39","56","22","22","0","0","0","0","0","22","true","No student-ready questions; review/extraction needed"
"12-bio-botany-tamil-51160855","Bio-Botany","Tamil","","tb-12-bio-botany-tamil-51160855-ch-3","3","Chapter 3","59","","6","0","0","0","0","0","0","6","false","No book-back candidates identified; inspect original exercise"
"12-bio-botany-tamil-51160855","Bio-Botany","Tamil","","tb-12-bio-botany-tamil-51160855-ch-4","4","Chapter 4","79","","8","0","0","0","0","0","0","8","false","No book-back candidates identified; inspect original exercise"
"12-bio-botany-tamil-51160855","Bio-Botany","Tamil","","tb-12-bio-botany-tamil-51160855-ch-5","5","Chapter 5","110","120","9","9","0","0","0","0","0","9","true","No student-ready questions; review/extraction needed"
"12-bio-botany-tamil-51160855","Bio-Botany","Tamil","","tb-12-bio-botany-tamil-51160855-ch-6","6","Chapter 6","124","","20","0","0","0","0","0","0","20","false","No book-back candidates identified; inspect original exercise"
"12-bio-botany-tamil-51160855","Bio-Botany","Tamil","","tb-12-bio-botany-tamil-51160855-ch-7","7","Chapter 7","152","","15","0","0","0","0","0","0","15","false","No book-back candidates identified; inspect original exercise"
"12-bio-botany-tamil-51160855","Bio-Botany","Tamil","","tb-12-bio-botany-tamil-51160855-ch-8","8","Chapter 8","174","","11","0","0","0","0","0","0","11","false","No book-back candidates identified; inspect original exercise"
"12-bio-botany-tamil-51160855","Bio-Botany","Tamil","","tb-12-bio-botany-tamil-51160855-ch-9","9","Chapter 9","191","202","16","16","0","0","0","0","0","16","true","No student-ready questions; review/extraction needed"
"12-bio-botany-tamil-51160855","Bio-Botany","Tamil","","tb-12-bio-botany-tamil-51160855-ch-10","10","Chapter 10","207","","181","0","0","0","0","0","0","181","false","No book-back candidates identified; inspect original exercise"
"12-bio-zoology-english-7e848813","Bio-Zoology","English","","tb-12-bio-zoology-english-7e848813-ch-1","1","Chapter 1","9","16","5","5","0","0","0","0","0","5","true","No student-ready questions; review/extraction needed"
"12-bio-zoology-english-7e848813","Bio-Zoology","English","","tb-12-bio-zoology-english-7e848813-ch-2","2","Chapter 2","19","36","14","11","0","0","0","0","0","14","true","No student-ready questions; review/extraction needed"
"12-bio-zoology-english-7e848813","Bio-Zoology","English","","tb-12-bio-zoology-english-7e848813-ch-3","3","Chapter 3","40","50","10","5","0","0","0","0","0","10","true","No student-ready questions; review/extraction needed"
"12-bio-zoology-english-7e848813","Bio-Zoology","English","","tb-12-bio-zoology-english-7e848813-ch-4","4","Chapter 4","53","63","18","18","0","0","0","0","0","18","true","No student-ready questions; review/extraction needed"
"12-bio-zoology-english-7e848813","Bio-Zoology","English","","tb-12-bio-zoology-english-7e848813-ch-5","5","Chapter 5","66","92","11","7","0","0","0","0","0","11","true","No student-ready questions; review/extraction needed"
"12-bio-zoology-english-7e848813","Bio-Zoology","English","","tb-12-bio-zoology-english-7e848813-ch-6","6","Chapter 6","97","112","15","15","0","0","0","0","0","15","true","No student-ready questions; review/extraction needed"
"12-bio-zoology-english-7e848813","Bio-Zoology","English","","tb-12-bio-zoology-english-7e848813-ch-7","7","Chapter 7","115","142","14","14","0","0","0","0","0","14","true","No student-ready questions; review/extraction needed"
"12-bio-zoology-english-7e848813","Bio-Zoology","English","","tb-12-bio-zoology-english-7e848813-ch-8","8","Chapter 8","146","153","8","4","0","0","0","0","0","8","true","No student-ready questions; review/extraction needed"
"12-bio-zoology-english-7e848813","Bio-Zoology","English","","tb-12-bio-zoology-english-7e848813-ch-9","9","Chapter 9","155","167","9","9","0","0","0","0","0","9","true","No student-ready questions; review/extraction needed"
"12-bio-zoology-english-7e848813","Bio-Zoology","English","","tb-12-bio-zoology-english-7e848813-ch-10","10","Chapter 10","170","186","12","9","0","0","0","0","0","12","true","No student-ready questions; review/extraction needed"
"12-bio-zoology-english-7e848813","Bio-Zoology","English","","tb-12-bio-zoology-english-7e848813-ch-11","11","Chapter 11","189","206","8","8","0","0","0","0","0","8","true","No student-ready questions; review/extraction needed"
"12-bio-zoology-english-7e848813","Bio-Zoology","English","","tb-12-bio-zoology-english-7e848813-ch-12","12","Chapter 12","209","224","105","93","0","0","0","0","0","105","true","No student-ready questions; review/extraction needed"
"12-bio-zoology-tamil-2631f8e3","Bio-Zoology","Tamil","","tb-12-bio-zoology-tamil-2631f8e3-ch-1","1","Chapter 1","9","","5","0","0","0","0","0","0","5","false","No book-back candidates identified; inspect original exercise"
"12-bio-zoology-tamil-2631f8e3","Bio-Zoology","Tamil","","tb-12-bio-zoology-tamil-2631f8e3-ch-2","2","Chapter 2","20","","14","0","0","0","0","0","0","14","false","No book-back candidates identified; inspect original exercise"
"12-bio-zoology-tamil-2631f8e3","Bio-Zoology","Tamil","","tb-12-bio-zoology-tamil-2631f8e3-ch-3","3","Chapter 3","43","56","7","6","0","0","0","0","0","7","true","No student-ready questions; review/extraction needed"
"12-bio-zoology-tamil-2631f8e3","Bio-Zoology","Tamil","","tb-12-bio-zoology-tamil-2631f8e3-ch-4","4","Chapter 4","60","72","21","21","0","0","0","0","0","21","true","No student-ready questions; review/extraction needed"
"12-bio-zoology-tamil-2631f8e3","Bio-Zoology","Tamil","","tb-12-bio-zoology-tamil-2631f8e3-ch-5","5","Chapter 5","76","","12","0","0","0","0","0","0","12","false","No book-back candidates identified; inspect original exercise"
"12-bio-zoology-tamil-2631f8e3","Bio-Zoology","Tamil","","tb-12-bio-zoology-tamil-2631f8e3-ch-6","6","Chapter 6","112","131","16","16","0","0","0","0","0","16","true","No student-ready questions; review/extraction needed"
"12-bio-zoology-tamil-2631f8e3","Bio-Zoology","Tamil","","tb-12-bio-zoology-tamil-2631f8e3-ch-7","7","Chapter 7","134","166","14","14","0","0","0","0","0","14","true","No student-ready questions; review/extraction needed"
"12-bio-zoology-tamil-2631f8e3","Bio-Zoology","Tamil","","tb-12-bio-zoology-tamil-2631f8e3-ch-8","8","Chapter 8","170","","9","0","0","0","0","0","0","9","false","No book-back candidates identified; inspect original exercise"
"12-bio-zoology-tamil-2631f8e3","Bio-Zoology","Tamil","","tb-12-bio-zoology-tamil-2631f8e3-ch-9","9","Chapter 9","182","197","10","10","0","0","0","0","0","10","true","No student-ready questions; review/extraction needed"
"12-bio-zoology-tamil-2631f8e3","Bio-Zoology","Tamil","","tb-12-bio-zoology-tamil-2631f8e3-ch-10","10","Chapter 10","200","220","11","9","0","0","0","0","0","11","true","No student-ready questions; review/extraction needed"
"12-bio-zoology-tamil-2631f8e3","Bio-Zoology","Tamil","","tb-12-bio-zoology-tamil-2631f8e3-ch-11","11","Chapter 11","224","246","9","9","0","0","0","0","0","9","true","No student-ready questions; review/extraction needed"
"12-bio-zoology-tamil-2631f8e3","Bio-Zoology","Tamil","","tb-12-bio-zoology-tamil-2631f8e3-ch-12","12","Chapter 12","250","","110","0","0","0","0","0","0","110","false","No book-back candidates identified; inspect original exercise"
"12-biochemistry-english-dfd867ac","Biochemistry","English","","tb-12-biochemistry-english-dfd867ac-ch-1","1","XII U1 Cell Membrane","11","30","15","15","0","0","0","0","0","15","true","No student-ready questions; review/extraction needed"
"12-biochemistry-english-dfd867ac","Biochemistry","English","","tb-12-biochemistry-english-dfd867ac-ch-2","2","XII U2 Digestion","35","65","25","25","0","0","0","0","0","25","true","No student-ready questions; review/extraction needed"
"12-biochemistry-english-dfd867ac","Biochemistry","English","","tb-12-biochemistry-english-dfd867ac-ch-3","3","XII U3 Carbohydrates","72","97","16","15","0","0","0","0","0","16","true","No student-ready questions; review/extraction needed"
"12-biochemistry-english-dfd867ac","Biochemistry","English","","tb-12-biochemistry-english-dfd867ac-ch-4","4","XII U4 Protein","103","120","14","14","0","0","0","0","0","14","true","No student-ready questions; review/extraction needed"
"12-biochemistry-english-dfd867ac","Biochemistry","English","","tb-12-biochemistry-english-dfd867ac-ch-5","5","XII U5 Lipids","126","144","9","9","0","0","0","0","0","9","true","No student-ready questions; review/extraction needed"
"12-biochemistry-english-dfd867ac","Biochemistry","English","","tb-12-biochemistry-english-dfd867ac-ch-6","6","XII U6 Mol Bio","149","","0","0","0","0","0","0","0","0","false","No book-back candidates identified; inspect original exercise"
"12-biochemistry-english-dfd867ac","Biochemistry","English","","tb-12-biochemistry-english-dfd867ac-ch-7","7","XII U7 Inborn","177","192","18","18","0","0","0","0","0","18","true","No student-ready questions; review/extraction needed"
"12-biochemistry-english-dfd867ac","Biochemistry","English","","tb-12-biochemistry-english-dfd867ac-ch-8","8","XII U8 Biological oxidation","197","213","7","7","0","0","0","0","0","7","true","No student-ready questions; review/extraction needed"
"12-biochemistry-english-dfd867ac","Biochemistry","English","","tb-12-biochemistry-english-dfd867ac-ch-9","9","XII U9 Enzyme Kinetics","216","233","17","17","0","0","0","0","0","17","true","No student-ready questions; review/extraction needed"
"12-biochemistry-english-dfd867ac","Biochemistry","English","","tb-12-biochemistry-english-dfd867ac-ch-10","10","XII U10 Immunology","238","269","25","25","0","0","0","0","0","25","true","No student-ready questions; review/extraction needed"
"12-biochemistry-tamil-910cca11","Biochemistry","Tamil","","tb-12-biochemistry-tamil-910cca11-ch-1","1","XII U1 Cell Membrane","11","","15","0","0","0","0","0","0","15","false","No book-back candidates identified; inspect original exercise"
"12-biochemistry-tamil-910cca11","Biochemistry","Tamil","","tb-12-biochemistry-tamil-910cca11-ch-2","2","XII U2 Digestion-TM","37","","25","0","0","0","0","0","0","25","false","No book-back candidates identified; inspect original exercise"
"12-biochemistry-tamil-910cca11","Biochemistry","Tamil","","tb-12-biochemistry-tamil-910cca11-ch-3","3","XII U3 Carbohydrates TM","75","103","17","17","0","0","0","0","0","17","true","No student-ready questions; review/extraction needed"
"12-biochemistry-tamil-910cca11","Biochemistry","Tamil","","tb-12-biochemistry-tamil-910cca11-ch-4","4","XII U4 Protein new tamil","108","125","15","15","0","0","0","0","0","15","true","No student-ready questions; review/extraction needed"
"12-biochemistry-tamil-910cca11","Biochemistry","Tamil","","tb-12-biochemistry-tamil-910cca11-ch-5","5","XII U5 Lipids","132","151","10","10","0","0","0","0","0","10","true","No student-ready questions; review/extraction needed"
"12-biochemistry-tamil-910cca11","Biochemistry","Tamil","","tb-12-biochemistry-tamil-910cca11-ch-6","6","XII U6 Mol Bio TM","156","","0","0","0","0","0","0","0","0","false","No book-back candidates identified; inspect original exercise"
"12-biochemistry-tamil-910cca11","Biochemistry","Tamil","","tb-12-biochemistry-tamil-910cca11-ch-7","7","XII U7 Inborn TM","186","","17","0","0","0","0","0","0","17","false","No book-back candidates identified; inspect original exercise"
"12-biochemistry-tamil-910cca11","Biochemistry","Tamil","","tb-12-biochemistry-tamil-910cca11-ch-8","8","XII U8 Biological oxidation","206","","7","0","0","0","0","0","0","7","false","No book-back candidates identified; inspect original exercise"
"12-biochemistry-tamil-910cca11","Biochemistry","Tamil","","tb-12-biochemistry-tamil-910cca11-ch-9","9","XII U9 Enzyme Kinetics","227","","20","0","0","0","0","0","0","20","false","No book-back candidates identified; inspect original exercise"
"12-biochemistry-tamil-910cca11","Biochemistry","Tamil","","tb-12-biochemistry-tamil-910cca11-ch-10","10","XII U10 Immunology","250","284","24","23","0","0","0","0","0","24","true","No student-ready questions; review/extraction needed"
"12-botany-english-da5635aa","Botany","English","","tb-12-botany-english-da5635aa-ch-1","1","Asexual and Sexual","9","36","23","23","0","0","0","0","0","23","true","No student-ready questions; review/extraction needed"
"12-botany-english-da5635aa","Botany","English","","tb-12-botany-english-da5635aa-ch-2","2","Classical Genetics","41","57","20","20","0","0","0","0","0","20","true","No student-ready questions; review/extraction needed"
"12-botany-english-da5635aa","Botany","English","","tb-12-botany-english-da5635aa-ch-3","3","Chromosomal Basis of","60","85","30","28","0","0","0","0","0","30","true","No student-ready questions; review/extraction needed"
"12-botany-english-da5635aa","Botany","English","","tb-12-botany-english-da5635aa-ch-4","4","Principles and Processes of","90","111","11","9","0","0","0","0","0","11","true","No student-ready questions; review/extraction needed"
"12-botany-english-da5635aa","Botany","English","","tb-12-botany-english-da5635aa-ch-5","5","Plant Tissue Culture","118","128","9","9","0","0","0","0","0","9","true","No student-ready questions; review/extraction needed"
"12-botany-english-da5635aa","Botany","English","","tb-12-botany-english-da5635aa-ch-6","6","Principles of Ecology","131","152","20","16","0","0","0","0","0","20","true","No student-ready questions; review/extraction needed"
"12-botany-english-da5635aa","Botany","English","","tb-12-botany-english-da5635aa-ch-7","7","Ecosystem","157","182","19","14","0","0","0","0","0","19","true","No student-ready questions; review/extraction needed"
"12-botany-english-da5635aa","Botany","English","","tb-12-botany-english-da5635aa-ch-8","8","Environmental Issues","186","204","15","15","0","0","0","0","0","15","true","No student-ready questions; review/extraction needed"
"12-botany-english-da5635aa","Botany","English","","tb-12-botany-english-da5635aa-ch-9","9","Learning Objectives","207","219","16","16","0","0","0","0","0","16","true","No student-ready questions; review/extraction needed"
"12-botany-english-da5635aa","Botany","English","","tb-12-botany-english-da5635aa-ch-10","10","Chapter outline","224","252","192","43","0","0","0","0","0","192","true","No student-ready questions; review/extraction needed"
"12-botany-tamil-37a9b740","Botany","Tamil","","tb-12-botany-tamil-37a9b740-ch-1","1","Chapter 1","9","","23","0","0","0","0","0","0","23","false","No book-back candidates identified; inspect original exercise"
"12-botany-tamil-37a9b740","Botany","Tamil","","tb-12-botany-tamil-37a9b740-ch-2","2","Chapter 2","43","60","22","22","0","0","0","0","0","22","true","No student-ready questions; review/extraction needed"
"12-botany-tamil-37a9b740","Botany","Tamil","","tb-12-botany-tamil-37a9b740-ch-3","3","Chapter 3","63","","26","0","0","0","0","0","0","26","false","No book-back candidates identified; inspect original exercise"
"12-botany-tamil-37a9b740","Botany","Tamil","","tb-12-botany-tamil-37a9b740-ch-4","4","Chapter 4","96","120","8","6","0","0","0","0","0","8","true","No student-ready questions; review/extraction needed"
"12-botany-tamil-37a9b740","Botany","Tamil","","tb-12-botany-tamil-37a9b740-ch-5","5","Chapter 5","127","137","9","9","0","0","0","0","0","9","true","No student-ready questions; review/extraction needed"
"12-botany-tamil-37a9b740","Botany","Tamil","","tb-12-botany-tamil-37a9b740-ch-6","6","Chapter 6","141","","20","0","0","0","0","0","0","20","false","No book-back candidates identified; inspect original exercise"
"12-botany-tamil-37a9b740","Botany","Tamil","","tb-12-botany-tamil-37a9b740-ch-7","7","Chapter 7","169","","15","0","0","0","0","0","0","15","false","No book-back candidates identified; inspect original exercise"
"12-botany-tamil-37a9b740","Botany","Tamil","","tb-12-botany-tamil-37a9b740-ch-8","8","Chapter 8","199","","15","0","0","0","0","0","0","15","false","No book-back candidates identified; inspect original exercise"
"12-botany-tamil-37a9b740","Botany","Tamil","","tb-12-botany-tamil-37a9b740-ch-9","9","Chapter 9","221","","16","0","0","0","0","0","0","16","false","No book-back candidates identified; inspect original exercise"
"12-botany-tamil-37a9b740","Botany","Tamil","","tb-12-botany-tamil-37a9b740-ch-10","10","Chapter 10","239","","186","0","0","0","0","0","0","186","false","No book-back candidates identified; inspect original exercise"
"12-business-mathematics-statistics-english-5710bd23","Business Mathematics & Statistics","English","","tb-12-business-mathematics-statistics-english-5710bd23-ch-1","1","XII Std - Business Maths & Stat EM Chapter 1","7","26","25","25","3","3","3","0","22","22","true","Partial coverage; completeness not independently established"
"12-business-mathematics-statistics-english-5710bd23","Business Mathematics & Statistics","English","","tb-12-business-mathematics-statistics-english-5710bd23-ch-2","2","XII Std - Business Maths & Stat EM Chapter 2","32","59","26","26","0","0","0","0","26","26","true","No student-ready questions; review/extraction needed"
"12-business-mathematics-statistics-english-5710bd23","Business Mathematics & Statistics","English","","tb-12-business-mathematics-statistics-english-5710bd23-ch-3","3","XII Std - Business Maths & Stat EM Chapter 3","66","81","25","25","2","2","2","0","23","23","true","Partial coverage; completeness not independently established"
"12-business-mathematics-statistics-english-5710bd23","Business Mathematics & Statistics","English","","tb-12-business-mathematics-statistics-english-5710bd23-ch-4","4","XII Std - Business Maths & Stat EM Chapter 4","86","105","25","25","0","0","0","0","25","25","true","No student-ready questions; review/extraction needed"
"12-business-mathematics-statistics-english-5710bd23","Business Mathematics & Statistics","English","","tb-12-business-mathematics-statistics-english-5710bd23-ch-5","5","XII Std - Business Maths & Stat EM Chapter 5","110","126","12","12","1","1","1","0","11","11","true","Partial coverage; completeness not independently established"
"12-business-mathematics-statistics-english-5710bd23","Business Mathematics & Statistics","English","","tb-12-business-mathematics-statistics-english-5710bd23-ch-6","6","XII Std - Business Maths & Stat EM Chapter 6","130","147","32","30","0","0","0","0","0","32","true","No student-ready questions; review/extraction needed"
"12-business-mathematics-statistics-english-5710bd23","Business Mathematics & Statistics","English","","tb-12-business-mathematics-statistics-english-5710bd23-ch-7","7","XII Std - Business Maths & Stat EM Chapter 7","155","175","33","32","0","0","0","0","0","33","true","No student-ready questions; review/extraction needed"
"12-business-mathematics-statistics-english-5710bd23","Business Mathematics & Statistics","English","","tb-12-business-mathematics-statistics-english-5710bd23-ch-8","8","XII Std - Business Maths & Stat EM Chapter 8","181","201","22","21","0","0","0","0","0","22","true","No student-ready questions; review/extraction needed"
"12-business-mathematics-statistics-english-5710bd23","Business Mathematics & Statistics","English","","tb-12-business-mathematics-statistics-english-5710bd23-ch-9","9","XII Std - Business Maths & Stat EM Chapter 9","206","235","26","25","22","22","22","0","3","4","true","Partial coverage; completeness not independently established"
"12-business-mathematics-statistics-english-5710bd23","Business Mathematics & Statistics","English","","tb-12-business-mathematics-statistics-english-5710bd23-ch-10","10","XII Std - Business Maths & Stat EM Chapter 10","244","266","19","19","0","0","0","0","0","19","true","No student-ready questions; review/extraction needed"
"12-business-mathematics-statistics-tamil-a77e8ce0","Business Mathematics & Statistics","Tamil","","tb-12-business-mathematics-statistics-tamil-a77e8ce0-ch-1","1","XII Std - Business Maths & Stat TM Chapter 1","7","","25","0","0","0","0","0","0","25","false","No book-back candidates identified; inspect original exercise"
"12-business-mathematics-statistics-tamil-a77e8ce0","Business Mathematics & Statistics","Tamil","","tb-12-business-mathematics-statistics-tamil-a77e8ce0-ch-2","2","XII Std - Business Maths & Stat TM Chapter 2","33","","29","0","0","0","0","0","0","29","false","No book-back candidates identified; inspect original exercise"
"12-business-mathematics-statistics-tamil-a77e8ce0","Business Mathematics & Statistics","Tamil","","tb-12-business-mathematics-statistics-tamil-a77e8ce0-ch-3","3","XII Std - Business Maths & Stat TM Chapter 3","69","","25","0","0","0","0","0","0","25","false","No book-back candidates identified; inspect original exercise"
"12-business-mathematics-statistics-tamil-a77e8ce0","Business Mathematics & Statistics","Tamil","","tb-12-business-mathematics-statistics-tamil-a77e8ce0-ch-4","4","XII Std - Business Maths & Stat TM Chapter 4","90","","25","0","0","0","0","0","0","25","false","No book-back candidates identified; inspect original exercise"
"12-business-mathematics-statistics-tamil-a77e8ce0","Business Mathematics & Statistics","Tamil","","tb-12-business-mathematics-statistics-tamil-a77e8ce0-ch-5","5","XII Std - Business Maths & Stat TM Chapter 5","114","130","12","12","0","0","0","0","12","12","true","No student-ready questions; review/extraction needed"
"12-business-mathematics-statistics-tamil-a77e8ce0","Business Mathematics & Statistics","Tamil","","tb-12-business-mathematics-statistics-tamil-a77e8ce0-ch-6","6","XII Std - Business Maths & Stat TM Chapter 6","134","144","32","2","0","0","0","0","0","32","true","No student-ready questions; review/extraction needed"
"12-business-mathematics-statistics-tamil-a77e8ce0","Business Mathematics & Statistics","Tamil","","tb-12-business-mathematics-statistics-tamil-a77e8ce0-ch-7","7","XII Std - Business Maths & Stat TM Chapter 7","161","","31","0","0","0","0","0","0","31","false","No book-back candidates identified; inspect original exercise"
"12-business-mathematics-statistics-tamil-a77e8ce0","Business Mathematics & Statistics","Tamil","","tb-12-business-mathematics-statistics-tamil-a77e8ce0-ch-8","8","XII Std - Business Maths & Stat TM Chapter 8","188","","21","0","0","0","0","0","0","21","false","No book-back candidates identified; inspect original exercise"
"12-business-mathematics-statistics-tamil-a77e8ce0","Business Mathematics & Statistics","Tamil","","tb-12-business-mathematics-statistics-tamil-a77e8ce0-ch-9","9","XII Std - Business Maths & Stat TM Chapter 9","217","","22","0","0","0","0","0","0","22","false","No book-back candidates identified; inspect original exercise"
"12-business-mathematics-statistics-tamil-a77e8ce0","Business Mathematics & Statistics","Tamil","","tb-12-business-mathematics-statistics-tamil-a77e8ce0-ch-10","10","XII Std - Business Maths & Stat TM Chapter 10","255","278","20","16","0","0","0","0","0","20","true","No student-ready questions; review/extraction needed"
"12-chemistry-english-v1-2d0e27cb","Chemistry","English","1","tb-12-chemistry-english-v1-2d0e27cb-ch-1","1","XII U1 Metallurgy - Jerald","11","30","25","24","10","10","10","0","14","15","true","Partial coverage; completeness not independently established"
"12-chemistry-english-v1-2d0e27cb","Chemistry","English","1","tb-12-chemistry-english-v1-2d0e27cb-ch-2","2","XII U2-P-Block","36","63","19","17","12","12","12","0","5","7","true","Partial coverage; completeness not independently established"
"12-chemistry-english-v1-2d0e27cb","Chemistry","English","1","tb-12-chemistry-english-v1-2d0e27cb-ch-3","3","XII U3-P-block","66","106","21","18","5","5","5","0","12","16","true","Partial coverage; completeness not independently established"
"12-chemistry-english-v1-2d0e27cb","Chemistry","English","1","tb-12-chemistry-english-v1-2d0e27cb-ch-4","4","XII U4-D-Block-Jerald Folder","110","135","21","19","7","7","7","0","12","14","true","Partial coverage; completeness not independently established"
"12-chemistry-english-v1-2d0e27cb","Chemistry","English","1","tb-12-chemistry-english-v1-2d0e27cb-ch-5","5","XII U5 Coordination jagan","140","179","21","18","0","0","0","0","0","21","true","No student-ready questions; review/extraction needed"
"12-chemistry-english-v1-2d0e27cb","Chemistry","English","1","tb-12-chemistry-english-v1-2d0e27cb-ch-6","6","XII U6 Solid State - Jerald","186","207","24","23","0","0","0","0","0","24","true","No student-ready questions; review/extraction needed"
"12-chemistry-english-v1-2d0e27cb","Chemistry","English","1","tb-12-chemistry-english-v1-2d0e27cb-ch-7","7","XII U7 kinetics - Jerald Folder","214","236","30","29","0","0","0","0","0","30","true","No student-ready questions; review/extraction needed"
"12-chemistry-english-v2-0010d706","Chemistry","English","2","tb-12-chemistry-english-v2-0010d706-ch-8","8","XII U8-Ionic equilibrium","5","32","23","23","0","0","0","0","0","23","true","No student-ready questions; review/extraction needed"
"12-chemistry-english-v2-0010d706","Chemistry","English","2","tb-12-chemistry-english-v2-0010d706-ch-9","9","XII U9 Electro Chemistry","37","66","23","22","5","5","5","0","17","18","true","Partial coverage; completeness not independently established"
"12-chemistry-english-v2-0010d706","Chemistry","English","2","tb-12-chemistry-english-v2-0010d706-ch-10","10","XII U10-Surface Chemistry","73","104","19","18","8","8","8","0","10","11","true","Partial coverage; completeness not independently established"
"12-chemistry-english-v2-0010d706","Chemistry","English","2","tb-12-chemistry-english-v2-0010d706-ch-11","11","XII U11-Hydroxy compounds","108","143","21","16","7","7","7","0","9","14","true","Partial coverage; completeness not independently established"
"12-chemistry-english-v2-0010d706","Chemistry","English","2","tb-12-chemistry-english-v2-0010d706-ch-12","12","XII U12-Carbonyl Compounds","149","193","24","21","14","14","14","0","7","10","true","Partial coverage; completeness not independently established"
"12-chemistry-english-v2-0010d706","Chemistry","English","2","tb-12-chemistry-english-v2-0010d706-ch-13","13","XII U13-Organic Nitrogen Compounds","200","233","33","25","0","0","0","0","0","33","true","No student-ready questions; review/extraction needed"
"12-chemistry-english-v2-0010d706","Chemistry","English","2","tb-12-chemistry-english-v2-0010d706-ch-14","14","XII U14-Biomolecules New","241","272","23","23","20","20","20","0","3","3","true","Partial coverage; completeness not independently established"
"12-chemistry-english-v2-0010d706","Chemistry","English","2","tb-12-chemistry-english-v2-0010d706-ch-15","15","XII U15 Chemistry in Action","276","298","15","15","0","0","0","0","0","15","true","No student-ready questions; review/extraction needed"
"12-chemistry-tamil-v1-5fcd65a9","Chemistry","Tamil","1","tb-12-chemistry-tamil-v1-5fcd65a9-ch-1","1","XII U1 Metallurgy - Jerald","11","32","22","22","0","0","0","0","0","22","true","No student-ready questions; review/extraction needed"
"12-chemistry-tamil-v1-5fcd65a9","Chemistry","Tamil","1","tb-12-chemistry-tamil-v1-5fcd65a9-ch-2","2","XII U2-P-Block","39","","21","0","0","0","0","0","0","21","false","No book-back candidates identified; inspect original exercise"
"12-chemistry-tamil-v1-5fcd65a9","Chemistry","Tamil","1","tb-12-chemistry-tamil-v1-5fcd65a9-ch-3","3","XII U3-P-block","74","","21","0","0","0","0","0","0","21","false","No book-back candidates identified; inspect original exercise"
"12-chemistry-tamil-v1-5fcd65a9","Chemistry","Tamil","1","tb-12-chemistry-tamil-v1-5fcd65a9-ch-4","4","XII U4-D-Block-Jerald Folder","121","","19","0","0","0","0","0","0","19","false","No book-back candidates identified; inspect original exercise"
"12-chemistry-tamil-v1-5fcd65a9","Chemistry","Tamil","1","tb-12-chemistry-tamil-v1-5fcd65a9-ch-5","5","XII U5 Coordination jagan","156","","23","0","0","0","0","0","0","23","false","No book-back candidates identified; inspect original exercise"
"12-chemistry-tamil-v1-5fcd65a9","Chemistry","Tamil","1","tb-12-chemistry-tamil-v1-5fcd65a9-ch-6","6","XII U6 Solid State - Jerald","205","","24","0","0","0","0","0","0","24","false","No book-back candidates identified; inspect original exercise"
"12-chemistry-tamil-v1-5fcd65a9","Chemistry","Tamil","1","tb-12-chemistry-tamil-v1-5fcd65a9-ch-7","7","XII U7 kinetics - Jerald Folder","237","285","26","1","0","0","0","0","0","26","true","No student-ready questions; review/extraction needed"
"12-chemistry-tamil-v2-52192807","Chemistry","Tamil","2","tb-12-chemistry-tamil-v2-52192807-ch-8","8","XII U8-Ionic equilibrium","5","33","23","23","0","0","0","0","0","23","true","No student-ready questions; review/extraction needed"
"12-chemistry-tamil-v2-52192807","Chemistry","Tamil","2","tb-12-chemistry-tamil-v2-52192807-ch-9","9","XII U9 Electro Chemistry","39","49","26","26","0","0","0","0","0","26","true","No student-ready questions; review/extraction needed"
"12-chemistry-tamil-v2-52192807","Chemistry","Tamil","2","tb-12-chemistry-tamil-v2-52192807-ch-10","10","XII U10-Surface Chemistry","77","","20","0","0","0","0","0","0","20","false","No book-back candidates identified; inspect original exercise"
"12-chemistry-tamil-v2-52192807","Chemistry","Tamil","2","tb-12-chemistry-tamil-v2-52192807-ch-11","11","XII U11-Hydroxy compounds","114","","22","0","0","0","0","0","0","22","false","No book-back candidates identified; inspect original exercise"
"12-chemistry-tamil-v2-52192807","Chemistry","Tamil","2","tb-12-chemistry-tamil-v2-52192807-ch-12","12","XII U12-Carbonyl Compounds","156","","22","0","0","0","0","0","0","22","false","No book-back candidates identified; inspect original exercise"
"12-chemistry-tamil-v2-52192807","Chemistry","Tamil","2","tb-12-chemistry-tamil-v2-52192807-ch-13","13","XII U13-Organic Nitrogen Compounds","209","","28","0","0","0","0","0","0","28","false","No book-back candidates identified; inspect original exercise"
"12-chemistry-tamil-v2-52192807","Chemistry","Tamil","2","tb-12-chemistry-tamil-v2-52192807-ch-14","14","XII U14-Biomolecules New","250","285","23","23","0","0","0","0","0","23","true","No student-ready questions; review/extraction needed"
"12-chemistry-tamil-v2-52192807","Chemistry","Tamil","2","tb-12-chemistry-tamil-v2-52192807-ch-15","15","XII U15 Chemistry in Action","289","315","14","14","0","0","0","0","0","14","true","No student-ready questions; review/extraction needed"
"12-commerce-english-4f83c61b","Commerce","English","","tb-12-commerce-english-4f83c61b-ch-1","1","PRINCIPLES OF MANAGEMENT","13","22","6","5","5","5","5","0","0","1","true","Partial coverage; completeness not independently established"
"12-commerce-english-4f83c61b","Commerce","English","","tb-12-commerce-english-4f83c61b-ch-2","2","FUNCTIONS OF MANAGEMENT","23","27","6","5","4","4","4","0","1","2","true","Partial coverage; completeness not independently established"
"12-commerce-english-4f83c61b","Commerce","English","","tb-12-commerce-english-4f83c61b-ch-3","3","MBE MANAGEMENT BY OBJECTIVES (MBO) MANAGEMENT BY EXCEPTION (MBE)","28","33","5","5","5","5","5","0","0","0","true","Partial coverage; completeness not independently established"
"12-commerce-english-4f83c61b","Commerce","English","","tb-12-commerce-english-4f83c61b-ch-4","4","COUPLET INTRODUCTION TO FINANCIAL MARKETS","34","39","5","5","5","5","5","0","0","0","true","Partial coverage; completeness not independently established"
"12-commerce-english-4f83c61b","Commerce","English","","tb-12-commerce-english-4f83c61b-ch-5","5","COUPLET CAPITAL MARKET","40","45","5","5","5","5","5","0","0","0","true","Partial coverage; completeness not independently established"
"12-commerce-english-4f83c61b","Commerce","English","","tb-12-commerce-english-4f83c61b-ch-6","6","COUPLET MONEY MARKET","47","54","6","5","5","5","5","0","0","1","true","Partial coverage; completeness not independently established"
"12-commerce-english-4f83c61b","Commerce","English","","tb-12-commerce-english-4f83c61b-ch-7","7","Chapter 7","56","70","6","5","5","5","5","0","0","1","true","Partial coverage; completeness not independently established"
"12-commerce-english-4f83c61b","Commerce","English","","tb-12-commerce-english-4f83c61b-ch-8","8","Chapter 8","71","79","5","5","5","5","5","0","0","0","true","Partial coverage; completeness not independently established"
"12-commerce-english-4f83c61b","Commerce","English","","tb-12-commerce-english-4f83c61b-ch-9","9","Chapter 9","80","85","4","4","3","3","3","0","0","1","true","Partial coverage; completeness not independently established"
"12-commerce-english-4f83c61b","Commerce","English","","tb-12-commerce-english-4f83c61b-ch-10","10","Chapter 10","86","90","5","5","5","5","5","0","0","0","true","Partial coverage; completeness not independently established"
"12-commerce-english-4f83c61b","Commerce","English","","tb-12-commerce-english-4f83c61b-ch-11","11","COUPLET EMPLOYEE SELECTION PROCESS","91","100","6","5","5","5","5","0","0","1","true","Partial coverage; completeness not independently established"
"12-commerce-english-4f83c61b","Commerce","English","","tb-12-commerce-english-4f83c61b-ch-12","12","COUPLET EMPLOYEE TRAINING METHOD","101","110","5","5","5","5","5","0","0","0","true","Partial coverage; completeness not independently established"
"12-commerce-english-4f83c61b","Commerce","English","","tb-12-commerce-english-4f83c61b-ch-13","13","Chapter 13","112","118","5","5","5","5","5","0","0","0","true","Partial coverage; completeness not independently established"
"12-commerce-english-4f83c61b","Commerce","English","","tb-12-commerce-english-4f83c61b-ch-14","14","MARKETING AND MARKETING MIX","120","126","5","5","5","5","5","0","0","0","true","Partial coverage; completeness not independently established"
"12-commerce-english-4f83c61b","Commerce","English","","tb-12-commerce-english-4f83c61b-ch-15","15","RECENT TRENDS IN MARKETING","128","136","5","5","5","5","5","0","0","0","true","Partial coverage; completeness not independently established"
"12-commerce-english-4f83c61b","Commerce","English","","tb-12-commerce-english-4f83c61b-ch-16","16","Chapter 16","137","148","5","5","5","5","5","0","0","0","true","Partial coverage; completeness not independently established"
"12-commerce-english-4f83c61b","Commerce","English","","tb-12-commerce-english-4f83c61b-ch-17","17","Chapter 17","150","156","5","5","5","5","5","0","0","0","true","Partial coverage; completeness not independently established"
"12-commerce-english-4f83c61b","Commerce","English","","tb-12-commerce-english-4f83c61b-ch-18","18","GRIEVANCE REDRESSAL MECHANISM","157","163","5","5","5","5","5","0","0","0","true","Partial coverage; completeness not independently established"
"12-commerce-english-4f83c61b","Commerce","English","","tb-12-commerce-english-4f83c61b-ch-19","19","Chapter 19","165","174","5","5","4","4","4","0","1","1","true","Partial coverage; completeness not independently established"
"12-commerce-english-4f83c61b","Commerce","English","","tb-12-commerce-english-4f83c61b-ch-20","20","Chapter 20","175","182","5","5","5","5","5","0","0","0","true","Partial coverage; completeness not independently established"
"12-commerce-english-4f83c61b","Commerce","English","","tb-12-commerce-english-4f83c61b-ch-21","21","Chapter 21","183","196","4","4","4","4","4","0","0","0","true","Partial coverage; completeness not independently established"
"12-commerce-english-4f83c61b","Commerce","English","","tb-12-commerce-english-4f83c61b-ch-22","22","Chapter 22","197","210","6","5","5","5","5","0","0","1","true","Partial coverage; completeness not independently established"
"12-commerce-english-4f83c61b","Commerce","English","","tb-12-commerce-english-4f83c61b-ch-23","23","COUPLET ELEMENTS OF ENTREPRENEURSHIP","211","226","5","5","5","5","5","0","0","0","true","Partial coverage; completeness not independently established"
"12-commerce-english-4f83c61b","Commerce","English","","tb-12-commerce-english-4f83c61b-ch-24","24","TYPES OF ENTREPRENEURS","227","234","5","5","5","5","5","0","0","0","true","Partial coverage; completeness not independently established"
"12-commerce-english-4f83c61b","Commerce","English","","tb-12-commerce-english-4f83c61b-ch-25","25","GOVERNMENT SCHEMES FOR ENTREPRENEURIAL DEVELOPMENT","235","243","5","5","5","5","5","0","0","0","true","Partial coverage; completeness not independently established"
"12-commerce-english-4f83c61b","Commerce","English","","tb-12-commerce-english-4f83c61b-ch-26","26","Chapter 26","244","254","10","5","5","5","5","0","0","5","true","Partial coverage; completeness not independently established"
"12-commerce-english-4f83c61b","Commerce","English","","tb-12-commerce-english-4f83c61b-ch-27","27","Chapter 27","256","271","9","5","5","5","5","0","0","4","true","Partial coverage; completeness not independently established"
"12-commerce-english-4f83c61b","Commerce","English","","tb-12-commerce-english-4f83c61b-ch-28","28","Chapter 28","272","281","7","5","5","5","5","0","0","2","true","Partial coverage; completeness not independently established"
"12-commerce-tamil-d9e013d8","Commerce","Tamil","","tb-12-commerce-tamil-d9e013d8-ch-1","1","Chapter 1","15","","6","0","0","0","0","0","0","6","false","No book-back candidates identified; inspect original exercise"
"12-commerce-tamil-d9e013d8","Commerce","Tamil","","tb-12-commerce-tamil-d9e013d8-ch-2","2","Chapter 2","25","","10","0","0","0","0","0","0","10","false","No book-back candidates identified; inspect original exercise"
"12-commerce-tamil-d9e013d8","Commerce","Tamil","","tb-12-commerce-tamil-d9e013d8-ch-4","4","Chapter 4","36","","5","0","0","0","0","0","0","5","false","No book-back candidates identified; inspect original exercise"
"12-commerce-tamil-d9e013d8","Commerce","Tamil","","tb-12-commerce-tamil-d9e013d8-ch-5","5","Chapter 5","41","46","3","3","0","0","0","0","0","3","true","No student-ready questions; review/extraction needed"
"12-commerce-tamil-d9e013d8","Commerce","Tamil","","tb-12-commerce-tamil-d9e013d8-ch-6","6","Chapter 6","48","55","4","4","0","0","0","0","0","4","true","No student-ready questions; review/extraction needed"
"12-commerce-tamil-d9e013d8","Commerce","Tamil","","tb-12-commerce-tamil-d9e013d8-ch-7","7","Chapter 7","57","60","6","1","0","0","0","0","0","6","true","No student-ready questions; review/extraction needed"
"12-commerce-tamil-d9e013d8","Commerce","Tamil","","tb-12-commerce-tamil-d9e013d8-ch-8","8","Chapter 8","72","","5","0","0","0","0","0","0","5","false","No book-back candidates identified; inspect original exercise"
"12-commerce-tamil-d9e013d8","Commerce","Tamil","","tb-12-commerce-tamil-d9e013d8-ch-9","9","Chapter 9","81","","5","0","0","0","0","0","0","5","false","No book-back candidates identified; inspect original exercise"
"12-commerce-tamil-d9e013d8","Commerce","Tamil","","tb-12-commerce-tamil-d9e013d8-ch-10","10","Chapter 10","87","","5","0","0","0","0","0","0","5","false","No book-back candidates identified; inspect original exercise"
"12-commerce-tamil-d9e013d8","Commerce","Tamil","","tb-12-commerce-tamil-d9e013d8-ch-11","11","Chapter 11","92","","6","0","0","0","0","0","0","6","false","No book-back candidates identified; inspect original exercise"
"12-commerce-tamil-d9e013d8","Commerce","Tamil","","tb-12-commerce-tamil-d9e013d8-ch-12","12","Chapter 12","102","","5","0","0","0","0","0","0","5","false","No book-back candidates identified; inspect original exercise"
"12-commerce-tamil-d9e013d8","Commerce","Tamil","","tb-12-commerce-tamil-d9e013d8-ch-13","13","Chapter 13","113","","10","0","0","0","0","0","0","10","false","No book-back candidates identified; inspect original exercise"
"12-commerce-tamil-d9e013d8","Commerce","Tamil","","tb-12-commerce-tamil-d9e013d8-ch-15","15","Chapter 15","129","","8","0","0","0","0","0","0","8","false","No book-back candidates identified; inspect original exercise"
"12-commerce-tamil-d9e013d8","Commerce","Tamil","","tb-12-commerce-tamil-d9e013d8-ch-17","17","Chapter 17","151","175","15","5","0","0","0","0","0","15","true","No student-ready questions; review/extraction needed"
"12-commerce-tamil-d9e013d8","Commerce","Tamil","","tb-12-commerce-tamil-d9e013d8-ch-20","20","Chapter 20","176","","5","0","0","0","0","0","0","5","false","No book-back candidates identified; inspect original exercise"
"12-commerce-tamil-d9e013d8","Commerce","Tamil","","tb-12-commerce-tamil-d9e013d8-ch-21","21","Chapter 21","184","","5","0","0","0","0","0","0","5","false","No book-back candidates identified; inspect original exercise"
"12-commerce-tamil-d9e013d8","Commerce","Tamil","","tb-12-commerce-tamil-d9e013d8-ch-22","22","Chapter 22","198","","6","0","0","0","0","0","0","6","false","No book-back candidates identified; inspect original exercise"
"12-commerce-tamil-d9e013d8","Commerce","Tamil","","tb-12-commerce-tamil-d9e013d8-ch-23","23","Chapter 23","212","","5","0","0","0","0","0","0","5","false","No book-back candidates identified; inspect original exercise"
"12-commerce-tamil-d9e013d8","Commerce","Tamil","","tb-12-commerce-tamil-d9e013d8-ch-24","24","Chapter 24","228","","10","0","0","0","0","0","0","10","false","No book-back candidates identified; inspect original exercise"
"12-commerce-tamil-d9e013d8","Commerce","Tamil","","tb-12-commerce-tamil-d9e013d8-ch-26","26","Chapter 26","245","","4","0","0","0","0","0","0","4","false","No book-back candidates identified; inspect original exercise"
"12-commerce-tamil-d9e013d8","Commerce","Tamil","","tb-12-commerce-tamil-d9e013d8-ch-27","27","Chapter 27","257","","0","0","0","0","0","0","0","0","false","No book-back candidates identified; inspect original exercise"
"12-commerce-tamil-d9e013d8","Commerce","Tamil","","tb-12-commerce-tamil-d9e013d8-ch-28","28","Chapter 28","273","","5","0","0","0","0","0","0","5","false","No book-back candidates identified; inspect original exercise"
"12-communicative-english-english-10e4b8ba","Communicative English","English","","tb-12-communicative-english-english-10e4b8ba-ch-1","1","In Harmony w ith th e World","7","","7","0","0","0","0","0","0","7","false","No book-back candidates identified; inspect original exercise"
"12-communicative-english-english-10e4b8ba","Communicative English","English","","tb-12-communicative-english-english-10e4b8ba-ch-2","2","English for th e Work p lace","20","","13","0","0","0","0","0","0","13","false","No book-back candidates identified; inspect original exercise"
"12-communicative-english-english-10e4b8ba","Communicative English","English","","tb-12-communicative-english-english-10e4b8ba-ch-3","3","Have Another Day","41","","1","0","0","0","0","0","0","1","false","No book-back candidates identified; inspect original exercise"
"12-communicative-english-english-10e4b8ba","Communicative English","English","","tb-12-communicative-english-english-10e4b8ba-ch-4","4","Celebrations of Expressions","57","","1","0","0","0","0","0","0","1","false","No book-back candidates identified; inspect original exercise"
"12-communicative-english-english-10e4b8ba","Communicative English","English","","tb-12-communicative-english-english-10e4b8ba-ch-5","5","Better Together","98","","4","0","0","0","0","0","0","4","false","No book-back candidates identified; inspect original exercise"
"12-communicative-english-english-10e4b8ba","Communicative English","English","","tb-12-communicative-english-english-10e4b8ba-ch-6","6","Mystery and Adventure","120","","69","0","0","0","0","0","0","69","false","No book-back candidates identified; inspect original exercise"
"12-computer-applications-english-627c1490","Computer Applications","English","","tb-12-computer-applications-english-627c1490-ch-1","1","XII CompApp English version CHAPTER 01","7","21","10","10","0","0","0","0","0","10","true","No student-ready questions; review/extraction needed"
"12-computer-applications-english-627c1490","Computer Applications","English","","tb-12-computer-applications-english-627c1490-ch-2","2","XII CompApp English version CHAPTER 02","23","60","12","12","0","0","0","0","0","12","true","No student-ready questions; review/extraction needed"
"12-computer-applications-english-627c1490","Computer Applications","English","","tb-12-computer-applications-english-627c1490-ch-3","3","XII CompApp English version CHAPTER 03","63","88","10","10","0","0","0","0","0","10","true","No student-ready questions; review/extraction needed"
"12-computer-applications-english-627c1490","Computer Applications","English","","tb-12-computer-applications-english-627c1490-ch-4","4","XII CompApp English version CHAPTER 04","90","101","9","3","0","0","0","0","0","9","true","No student-ready questions; review/extraction needed"
"12-computer-applications-english-627c1490","Computer Applications","English","","tb-12-computer-applications-english-627c1490-ch-5","5","XII CompApp English version CHAPTER 05","104","109","10","5","0","0","0","0","0","10","true","No student-ready questions; review/extraction needed"
"12-computer-applications-english-627c1490","Computer Applications","English","","tb-12-computer-applications-english-627c1490-ch-6","6","XII CompApp English version CHAPTER 06","111","115","9","6","0","0","0","0","0","9","true","No student-ready questions; review/extraction needed"
"12-computer-applications-english-627c1490","Computer Applications","English","","tb-12-computer-applications-english-627c1490-ch-7","7","XII CompApp English version CHAPTER 07","118","122","10","10","0","0","0","0","0","10","true","No student-ready questions; review/extraction needed"
"12-computer-applications-english-627c1490","Computer Applications","English","","tb-12-computer-applications-english-627c1490-ch-8","8","XII CompApp English version CHAPTER 08","125","130","10","10","0","0","0","0","0","10","true","No student-ready questions; review/extraction needed"
"12-computer-applications-english-627c1490","Computer Applications","English","","tb-12-computer-applications-english-627c1490-ch-9","9","XII CompApp English version CHAPTER 09","132","137","8","8","0","0","0","0","0","8","true","No student-ready questions; review/extraction needed"
"12-computer-applications-english-627c1490","Computer Applications","English","","tb-12-computer-applications-english-627c1490-ch-10","10","XII CompApp English version CHAPTER 10","139","150","14","4","0","0","0","0","0","14","true","No student-ready questions; review/extraction needed"
"12-computer-applications-english-627c1490","Computer Applications","English","","tb-12-computer-applications-english-627c1490-ch-11","11","XII CompApp English version CHAPTER 11","153","166","10","10","0","0","0","0","0","10","true","No student-ready questions; review/extraction needed"
"12-computer-applications-english-627c1490","Computer Applications","English","","tb-12-computer-applications-english-627c1490-ch-12","12","XII CompApp English version CHAPTER 12","168","179","11","11","0","0","0","0","0","11","true","No student-ready questions; review/extraction needed"
"12-computer-applications-english-627c1490","Computer Applications","English","","tb-12-computer-applications-english-627c1490-ch-13","13","XII CompApp English version CHAPTER 13","183","196","12","7","0","0","0","0","0","12","true","No student-ready questions; review/extraction needed"
"12-computer-applications-english-627c1490","Computer Applications","English","","tb-12-computer-applications-english-627c1490-ch-14","14","XII CompApp English version CHAPTER 14","199","205","9","9","0","0","0","0","0","9","true","No student-ready questions; review/extraction needed"
"12-computer-applications-english-627c1490","Computer Applications","English","","tb-12-computer-applications-english-627c1490-ch-15","15","XII CompApp English version CHAPTER 15","207","226","9","9","0","0","0","0","0","9","true","No student-ready questions; review/extraction needed"
"12-computer-applications-english-627c1490","Computer Applications","English","","tb-12-computer-applications-english-627c1490-ch-16","16","XII CompApp English version CHAPTER 16","228","243","8","3","0","0","0","0","0","8","true","No student-ready questions; review/extraction needed"
"12-computer-applications-english-627c1490","Computer Applications","English","","tb-12-computer-applications-english-627c1490-ch-17","17","XII CompApp English version CHAPTER 17","245","256","10","10","0","0","0","0","0","10","true","No student-ready questions; review/extraction needed"
"12-computer-applications-english-627c1490","Computer Applications","English","","tb-12-computer-applications-english-627c1490-ch-18","18","XII CompApp English version CHAPTER 18","258","267","11","5","0","0","0","0","0","11","true","No student-ready questions; review/extraction needed"
"12-computer-applications-english-ccd483a9","Computer Applications","English","","tb-12-computer-applications-english-ccd483a9-ch-1","1","XII CompApp English version CHAPTER 01","7","21","10","10","0","0","0","0","0","10","true","No student-ready questions; review/extraction needed"
"12-computer-applications-english-ccd483a9","Computer Applications","English","","tb-12-computer-applications-english-ccd483a9-ch-2","2","XII CompApp English version CHAPTER 02","23","60","12","12","0","0","0","0","0","12","true","No student-ready questions; review/extraction needed"
"12-computer-applications-english-ccd483a9","Computer Applications","English","","tb-12-computer-applications-english-ccd483a9-ch-3","3","XII CompApp English version CHAPTER 03","63","88","10","10","0","0","0","0","0","10","true","No student-ready questions; review/extraction needed"
"12-computer-applications-english-ccd483a9","Computer Applications","English","","tb-12-computer-applications-english-ccd483a9-ch-4","4","XII CompApp English version CHAPTER 04","90","101","9","3","0","0","0","0","0","9","true","No student-ready questions; review/extraction needed"
"12-computer-applications-english-ccd483a9","Computer Applications","English","","tb-12-computer-applications-english-ccd483a9-ch-5","5","XII CompApp English version CHAPTER 05","104","109","10","5","0","0","0","0","0","10","true","No student-ready questions; review/extraction needed"
"12-computer-applications-english-ccd483a9","Computer Applications","English","","tb-12-computer-applications-english-ccd483a9-ch-6","6","XII CompApp English version CHAPTER 06","111","115","9","6","0","0","0","0","0","9","true","No student-ready questions; review/extraction needed"
"12-computer-applications-english-ccd483a9","Computer Applications","English","","tb-12-computer-applications-english-ccd483a9-ch-7","7","XII CompApp English version CHAPTER 07","118","122","10","10","0","0","0","0","0","10","true","No student-ready questions; review/extraction needed"
"12-computer-applications-english-ccd483a9","Computer Applications","English","","tb-12-computer-applications-english-ccd483a9-ch-8","8","XII CompApp English version CHAPTER 08","125","130","10","10","0","0","0","0","0","10","true","No student-ready questions; review/extraction needed"
"12-computer-applications-english-ccd483a9","Computer Applications","English","","tb-12-computer-applications-english-ccd483a9-ch-9","9","XII CompApp English version CHAPTER 09","132","137","8","8","0","0","0","0","0","8","true","No student-ready questions; review/extraction needed"
"12-computer-applications-english-ccd483a9","Computer Applications","English","","tb-12-computer-applications-english-ccd483a9-ch-10","10","XII CompApp English version CHAPTER 10","139","150","14","4","0","0","0","0","0","14","true","No student-ready questions; review/extraction needed"
"12-computer-applications-english-ccd483a9","Computer Applications","English","","tb-12-computer-applications-english-ccd483a9-ch-11","11","XII CompApp English version CHAPTER 11","153","166","10","10","0","0","0","0","0","10","true","No student-ready questions; review/extraction needed"
"12-computer-applications-english-ccd483a9","Computer Applications","English","","tb-12-computer-applications-english-ccd483a9-ch-12","12","XII CompApp English version CHAPTER 12","168","179","11","11","0","0","0","0","0","11","true","No student-ready questions; review/extraction needed"
"12-computer-applications-english-ccd483a9","Computer Applications","English","","tb-12-computer-applications-english-ccd483a9-ch-13","13","XII CompApp English version CHAPTER 13","183","196","12","7","0","0","0","0","0","12","true","No student-ready questions; review/extraction needed"
"12-computer-applications-english-ccd483a9","Computer Applications","English","","tb-12-computer-applications-english-ccd483a9-ch-14","14","XII CompApp English version CHAPTER 14","199","205","9","9","0","0","0","0","0","9","true","No student-ready questions; review/extraction needed"
"12-computer-applications-english-ccd483a9","Computer Applications","English","","tb-12-computer-applications-english-ccd483a9-ch-15","15","XII CompApp English version CHAPTER 15","207","226","9","9","0","0","0","0","0","9","true","No student-ready questions; review/extraction needed"
"12-computer-applications-english-ccd483a9","Computer Applications","English","","tb-12-computer-applications-english-ccd483a9-ch-16","16","XII CompApp English version CHAPTER 16","228","243","8","3","0","0","0","0","0","8","true","No student-ready questions; review/extraction needed"
"12-computer-applications-english-ccd483a9","Computer Applications","English","","tb-12-computer-applications-english-ccd483a9-ch-17","17","XII CompApp English version CHAPTER 17","245","256","10","10","0","0","0","0","0","10","true","No student-ready questions; review/extraction needed"
"12-computer-applications-english-ccd483a9","Computer Applications","English","","tb-12-computer-applications-english-ccd483a9-ch-18","18","XII CompApp English version CHAPTER 18","258","267","11","5","0","0","0","0","0","11","true","No student-ready questions; review/extraction needed"
"12-computer-applications-tamil-e51fbdf6","Computer Applications","Tamil","","tb-12-computer-applications-tamil-e51fbdf6-ch-1","1","XII CompApp Tamil version CHAPTER 01","11","","10","0","0","0","0","0","0","10","false","No book-back candidates identified; inspect original exercise"
"12-computer-applications-tamil-e51fbdf6","Computer Applications","Tamil","","tb-12-computer-applications-tamil-e51fbdf6-ch-2","2","XII CompApp Tamil version CHAPTER 02","29","","12","0","0","0","0","0","0","12","false","No book-back candidates identified; inspect original exercise"
"12-computer-applications-tamil-e51fbdf6","Computer Applications","Tamil","","tb-12-computer-applications-tamil-e51fbdf6-ch-3","3","XII CompApp Tamil version CHAPTER 03","73","","9","0","0","0","0","0","0","9","false","No book-back candidates identified; inspect original exercise"
"12-computer-applications-tamil-e51fbdf6","Computer Applications","Tamil","","tb-12-computer-applications-tamil-e51fbdf6-ch-4","4","XII CompApp Tamil version CHAPTER 04","105","","9","0","0","0","0","0","0","9","false","No book-back candidates identified; inspect original exercise"
"12-computer-applications-tamil-e51fbdf6","Computer Applications","Tamil","","tb-12-computer-applications-tamil-e51fbdf6-ch-5","5","XII CompApp Tamil version CHAPTER 05","119","","9","0","0","0","0","0","0","9","false","No book-back candidates identified; inspect original exercise"
"12-computer-applications-tamil-e51fbdf6","Computer Applications","Tamil","","tb-12-computer-applications-tamil-e51fbdf6-ch-6","6","XII CompApp Tamil version CHAPTER 06","127","","8","0","0","0","0","0","0","8","false","No book-back candidates identified; inspect original exercise"
"12-computer-applications-tamil-e51fbdf6","Computer Applications","Tamil","","tb-12-computer-applications-tamil-e51fbdf6-ch-7","7","XII CompApp Tamil version CHAPTER 07","133","","9","0","0","0","0","0","0","9","false","No book-back candidates identified; inspect original exercise"
"12-computer-applications-tamil-e51fbdf6","Computer Applications","Tamil","","tb-12-computer-applications-tamil-e51fbdf6-ch-8","8","XII CompApp Tamil version CHAPTER 08","140","","10","0","0","0","0","0","0","10","false","No book-back candidates identified; inspect original exercise"
"12-computer-applications-tamil-e51fbdf6","Computer Applications","Tamil","","tb-12-computer-applications-tamil-e51fbdf6-ch-9","9","XII CompApp Tamil version CHAPTER 09","151","","10","0","0","0","0","0","0","10","false","No book-back candidates identified; inspect original exercise"
"12-computer-applications-tamil-e51fbdf6","Computer Applications","Tamil","","tb-12-computer-applications-tamil-e51fbdf6-ch-10","10","XII CompApp Tamil version CHAPTER 10","158","","16","0","0","0","0","0","0","16","false","No book-back candidates identified; inspect original exercise"
"12-computer-applications-tamil-e51fbdf6","Computer Applications","Tamil","","tb-12-computer-applications-tamil-e51fbdf6-ch-11","11","XII CompApp Tamil version CHAPTER 11","177","","9","0","0","0","0","0","0","9","false","No book-back candidates identified; inspect original exercise"
"12-computer-applications-tamil-e51fbdf6","Computer Applications","Tamil","","tb-12-computer-applications-tamil-e51fbdf6-ch-12","12","XII CompApp Tamil version CHAPTER 12","194","","16","0","0","0","0","0","0","16","false","No book-back candidates identified; inspect original exercise"
"12-computer-applications-tamil-e51fbdf6","Computer Applications","Tamil","","tb-12-computer-applications-tamil-e51fbdf6-ch-13","13","XII CompApp Tamil version CHAPTER 13","211","","12","0","0","0","0","0","0","12","false","No book-back candidates identified; inspect original exercise"
"12-computer-applications-tamil-e51fbdf6","Computer Applications","Tamil","","tb-12-computer-applications-tamil-e51fbdf6-ch-14","14","XII CompApp Tamil version CHAPTER 14","226","","9","0","0","0","0","0","0","9","false","No book-back candidates identified; inspect original exercise"
"12-computer-applications-tamil-e51fbdf6","Computer Applications","Tamil","","tb-12-computer-applications-tamil-e51fbdf6-ch-15","15","XII CompApp Tamil version CHAPTER 15","235","","5","0","0","0","0","0","0","5","false","No book-back candidates identified; inspect original exercise"
"12-computer-applications-tamil-e51fbdf6","Computer Applications","Tamil","","tb-12-computer-applications-tamil-e51fbdf6-ch-16","16","XII CompApp Tamil version CHAPTER 16","263","","11","0","0","0","0","0","0","11","false","No book-back candidates identified; inspect original exercise"
"12-computer-applications-tamil-e51fbdf6","Computer Applications","Tamil","","tb-12-computer-applications-tamil-e51fbdf6-ch-17","17","XII CompApp Tamil version CHAPTER 17","285","","10","0","0","0","0","0","0","10","false","No book-back candidates identified; inspect original exercise"
"12-computer-applications-tamil-e51fbdf6","Computer Applications","Tamil","","tb-12-computer-applications-tamil-e51fbdf6-ch-18","18","XII CompApp Tamil version CHAPTER 18","300","","8","0","0","0","0","0","0","8","false","No book-back candidates identified; inspect original exercise"
"12-computer-applications-tamil-f43670d1","Computer Applications","Tamil","","tb-12-computer-applications-tamil-f43670d1-ch-1","1","XII CompApp Tamil version CHAPTER 01","11","","10","0","0","0","0","0","0","10","false","No book-back candidates identified; inspect original exercise"
"12-computer-applications-tamil-f43670d1","Computer Applications","Tamil","","tb-12-computer-applications-tamil-f43670d1-ch-2","2","XII CompApp Tamil version CHAPTER 02","29","","12","0","0","0","0","0","0","12","false","No book-back candidates identified; inspect original exercise"
"12-computer-applications-tamil-f43670d1","Computer Applications","Tamil","","tb-12-computer-applications-tamil-f43670d1-ch-3","3","XII CompApp Tamil version CHAPTER 03","73","","10","0","0","0","0","0","0","10","false","No book-back candidates identified; inspect original exercise"
"12-computer-applications-tamil-f43670d1","Computer Applications","Tamil","","tb-12-computer-applications-tamil-f43670d1-ch-4","4","XII CompApp Tamil version CHAPTER 04","105","","10","0","0","0","0","0","0","10","false","No book-back candidates identified; inspect original exercise"
"12-computer-applications-tamil-f43670d1","Computer Applications","Tamil","","tb-12-computer-applications-tamil-f43670d1-ch-5","5","XII CompApp Tamil version CHAPTER 05","119","","9","0","0","0","0","0","0","9","false","No book-back candidates identified; inspect original exercise"
"12-computer-applications-tamil-f43670d1","Computer Applications","Tamil","","tb-12-computer-applications-tamil-f43670d1-ch-6","6","XII CompApp Tamil version CHAPTER 06","127","","8","0","0","0","0","0","0","8","false","No book-back candidates identified; inspect original exercise"
"12-computer-applications-tamil-f43670d1","Computer Applications","Tamil","","tb-12-computer-applications-tamil-f43670d1-ch-7","7","XII CompApp Tamil version CHAPTER 07","133","","10","0","0","0","0","0","0","10","false","No book-back candidates identified; inspect original exercise"
"12-computer-applications-tamil-f43670d1","Computer Applications","Tamil","","tb-12-computer-applications-tamil-f43670d1-ch-8","8","XII CompApp Tamil version CHAPTER 08","140","","10","0","0","0","0","0","0","10","false","No book-back candidates identified; inspect original exercise"
"12-computer-applications-tamil-f43670d1","Computer Applications","Tamil","","tb-12-computer-applications-tamil-f43670d1-ch-9","9","XII CompApp Tamil version CHAPTER 09","148","","8","0","0","0","0","0","0","8","false","No book-back candidates identified; inspect original exercise"
"12-computer-applications-tamil-f43670d1","Computer Applications","Tamil","","tb-12-computer-applications-tamil-f43670d1-ch-10","10","XII CompApp Tamil version CHAPTER 10","155","","14","0","0","0","0","0","0","14","false","No book-back candidates identified; inspect original exercise"
"12-computer-applications-tamil-f43670d1","Computer Applications","Tamil","","tb-12-computer-applications-tamil-f43670d1-ch-11","11","XII CompApp Tamil version CHAPTER 11","170","","9","0","0","0","0","0","0","9","false","No book-back candidates identified; inspect original exercise"
"12-computer-applications-tamil-f43670d1","Computer Applications","Tamil","","tb-12-computer-applications-tamil-f43670d1-ch-12","12","XII CompApp Tamil version CHAPTER 12","187","","16","0","0","0","0","0","0","16","false","No book-back candidates identified; inspect original exercise"
"12-computer-applications-tamil-f43670d1","Computer Applications","Tamil","","tb-12-computer-applications-tamil-f43670d1-ch-13","13","XII CompApp Tamil version CHAPTER 13","204","","12","0","0","0","0","0","0","12","false","No book-back candidates identified; inspect original exercise"
"12-computer-applications-tamil-f43670d1","Computer Applications","Tamil","","tb-12-computer-applications-tamil-f43670d1-ch-14","14","XII CompApp Tamil version CHAPTER 14","219","","9","0","0","0","0","0","0","9","false","No book-back candidates identified; inspect original exercise"
"12-computer-applications-tamil-f43670d1","Computer Applications","Tamil","","tb-12-computer-applications-tamil-f43670d1-ch-15","15","XII CompApp Tamil version CHAPTER 15","228","","7","0","0","0","0","0","0","7","false","No book-back candidates identified; inspect original exercise"
"12-computer-applications-tamil-f43670d1","Computer Applications","Tamil","","tb-12-computer-applications-tamil-f43670d1-ch-16","16","XII CompApp Tamil version CHAPTER 16","251","","11","0","0","0","0","0","0","11","false","No book-back candidates identified; inspect original exercise"
"12-computer-applications-tamil-f43670d1","Computer Applications","Tamil","","tb-12-computer-applications-tamil-f43670d1-ch-17","17","XII CompApp Tamil version CHAPTER 17","271","","10","0","0","0","0","0","0","10","false","No book-back candidates identified; inspect original exercise"
"12-computer-applications-tamil-f43670d1","Computer Applications","Tamil","","tb-12-computer-applications-tamil-f43670d1-ch-18","18","XII CompApp Tamil version CHAPTER 18","286","","8","0","0","0","0","0","0","8","false","No book-back candidates identified; inspect original exercise"
"12-computer-science-english-37bdae5b","Computer Science","English","","tb-12-computer-science-english-37bdae5b-ch-1","1","XII Std - CS EM Chapter-1","7","14","10","10","0","0","0","0","0","10","true","No student-ready questions; review/extraction needed"
"12-computer-science-english-37bdae5b","Computer Science","English","","tb-12-computer-science-english-37bdae5b-ch-2","2","XII Std - CS EM Chapter-2","17","24","12","10","0","0","0","0","0","12","true","No student-ready questions; review/extraction needed"
"12-computer-science-english-37bdae5b","Computer Science","English","","tb-12-computer-science-english-37bdae5b-ch-3","3","XII Std - CS EM Chapter-3","27","34","10","10","0","0","0","0","0","10","true","No student-ready questions; review/extraction needed"
"12-computer-science-english-37bdae5b","Computer Science","English","","tb-12-computer-science-english-37bdae5b-ch-4","4","XII Std - CS EM Chapter-4","37","49","10","10","0","0","0","0","0","10","true","No student-ready questions; review/extraction needed"
"12-computer-science-english-37bdae5b","Computer Science","English","","tb-12-computer-science-english-37bdae5b-ch-5","5","XII Std - CS EM Chapter-5","53","71","10","10","0","0","0","0","0","10","true","No student-ready questions; review/extraction needed"
"12-computer-science-english-37bdae5b","Computer Science","English","","tb-12-computer-science-english-37bdae5b-ch-6","6","XII Std - CS EM Chapter-6","73","92","10","10","0","0","0","0","0","10","true","No student-ready questions; review/extraction needed"
"12-computer-science-english-37bdae5b","Computer Science","English","","tb-12-computer-science-english-37bdae5b-ch-7","7","XII Std - CS EM Chapter-7","95","117","11","10","0","0","0","0","0","11","true","No student-ready questions; review/extraction needed"
"12-computer-science-english-37bdae5b","Computer Science","English","","tb-12-computer-science-english-37bdae5b-ch-8","8","XII Std - CS EM Chapter-8","120","135","10","9","0","0","0","0","0","10","true","No student-ready questions; review/extraction needed"
"12-computer-science-english-37bdae5b","Computer Science","English","","tb-12-computer-science-english-37bdae5b-ch-9","9","XII Std - CS EM Chapter-9","138","173","12","12","0","0","0","0","0","12","true","No student-ready questions; review/extraction needed"
"12-computer-science-english-37bdae5b","Computer Science","English","","tb-12-computer-science-english-37bdae5b-ch-10","10","XII Std - CS EM Chapter-10","176","192","10","10","0","0","0","0","0","10","true","No student-ready questions; review/extraction needed"
"12-computer-science-english-37bdae5b","Computer Science","English","","tb-12-computer-science-english-37bdae5b-ch-11","11","XII Std - CS EM Chapter-11","195","209","2","2","0","0","0","0","0","2","true","No student-ready questions; review/extraction needed"
"12-computer-science-english-37bdae5b","Computer Science","English","","tb-12-computer-science-english-37bdae5b-ch-12","12","XII Std - CS EM Chapter-12","211","236","5","5","0","0","0","0","0","5","true","No student-ready questions; review/extraction needed"
"12-computer-science-english-37bdae5b","Computer Science","English","","tb-12-computer-science-english-37bdae5b-ch-13","13","XII Std - CS EM Chapter-13","238","270","10","10","0","0","0","0","0","10","true","No student-ready questions; review/extraction needed"
"12-computer-science-english-37bdae5b","Computer Science","English","","tb-12-computer-science-english-37bdae5b-ch-14","14","XII Std - CS EM Chapter-14","273","294","10","10","0","0","0","0","0","10","true","No student-ready questions; review/extraction needed"
"12-computer-science-english-37bdae5b","Computer Science","English","","tb-12-computer-science-english-37bdae5b-ch-15","15","XII Std - CS EM Chapter-15","297","323","10","10","0","0","0","0","0","10","true","No student-ready questions; review/extraction needed"
"12-computer-science-english-37bdae5b","Computer Science","English","","tb-12-computer-science-english-37bdae5b-ch-16","16","XII Std - CS EM Chapter-16","326","336","11","9","0","0","0","0","0","11","true","No student-ready questions; review/extraction needed"
"12-computer-science-tamil-d5aa7dd4","Computer Science","Tamil","","tb-12-computer-science-tamil-d5aa7dd4-ch-1","1","Chapter 1","7","15","12","12","0","0","0","0","0","12","true","No student-ready questions; review/extraction needed"
"12-computer-science-tamil-d5aa7dd4","Computer Science","Tamil","","tb-12-computer-science-tamil-d5aa7dd4-ch-2","2","Chapter 2","18","26","12","12","0","0","0","0","0","12","true","No student-ready questions; review/extraction needed"
"12-computer-science-tamil-d5aa7dd4","Computer Science","Tamil","","tb-12-computer-science-tamil-d5aa7dd4-ch-3","3","Chapter 3","28","","10","0","0","0","0","0","0","10","false","No book-back candidates identified; inspect original exercise"
"12-computer-science-tamil-d5aa7dd4","Computer Science","Tamil","","tb-12-computer-science-tamil-d5aa7dd4-ch-4","4","Chapter 4","38","","9","0","0","0","0","0","0","9","false","No book-back candidates identified; inspect original exercise"
"12-computer-science-tamil-d5aa7dd4","Computer Science","Tamil","","tb-12-computer-science-tamil-d5aa7dd4-ch-5","5","Chapter 5","55","","10","0","0","0","0","0","0","10","false","No book-back candidates identified; inspect original exercise"
"12-computer-science-tamil-d5aa7dd4","Computer Science","Tamil","","tb-12-computer-science-tamil-d5aa7dd4-ch-6","6","Chapter 6","77","96","10","10","0","0","0","0","0","10","true","No student-ready questions; review/extraction needed"
"12-computer-science-tamil-d5aa7dd4","Computer Science","Tamil","","tb-12-computer-science-tamil-d5aa7dd4-ch-7","7","Chapter 7","99","","11","0","0","0","0","0","0","11","false","No book-back candidates identified; inspect original exercise"
"12-computer-science-tamil-d5aa7dd4","Computer Science","Tamil","","tb-12-computer-science-tamil-d5aa7dd4-ch-8","8","Chapter 8","124","","10","0","0","0","0","0","0","10","false","No book-back candidates identified; inspect original exercise"
"12-computer-science-tamil-d5aa7dd4","Computer Science","Tamil","","tb-12-computer-science-tamil-d5aa7dd4-ch-9","9","Chapter 9","142","177","12","12","0","0","0","0","0","12","true","No student-ready questions; review/extraction needed"
"12-computer-science-tamil-d5aa7dd4","Computer Science","Tamil","","tb-12-computer-science-tamil-d5aa7dd4-ch-10","10","Chapter 10","180","195","10","10","0","0","0","0","0","10","true","No student-ready questions; review/extraction needed"
"12-computer-science-tamil-d5aa7dd4","Computer Science","Tamil","","tb-12-computer-science-tamil-d5aa7dd4-ch-11","11","Chapter 11","198","","2","0","0","0","0","0","0","2","false","No book-back candidates identified; inspect original exercise"
"12-computer-science-tamil-d5aa7dd4","Computer Science","Tamil","","tb-12-computer-science-tamil-d5aa7dd4-ch-12","12","Chapter 12","214","","5","0","0","0","0","0","0","5","false","No book-back candidates identified; inspect original exercise"
"12-computer-science-tamil-d5aa7dd4","Computer Science","Tamil","","tb-12-computer-science-tamil-d5aa7dd4-ch-13","13","Chapter 13","242","274","8","8","0","0","0","0","0","8","true","No student-ready questions; review/extraction needed"
"12-computer-science-tamil-d5aa7dd4","Computer Science","Tamil","","tb-12-computer-science-tamil-d5aa7dd4-ch-14","14","Chapter 14","277","","10","0","0","0","0","0","0","10","false","No book-back candidates identified; inspect original exercise"
"12-computer-science-tamil-d5aa7dd4","Computer Science","Tamil","","tb-12-computer-science-tamil-d5aa7dd4-ch-15","15","Chapter 15","301","326","10","10","0","0","0","0","0","10","true","No student-ready questions; review/extraction needed"
"12-computer-science-tamil-d5aa7dd4","Computer Science","Tamil","","tb-12-computer-science-tamil-d5aa7dd4-ch-16","16","Chapter 16","329","","11","0","0","0","0","0","0","11","false","No book-back candidates identified; inspect original exercise"
"12-computer-technology-english-293bf656","Computer Technology","English","","tb-12-computer-technology-english-293bf656-ch-1","1","XII CompTech English version CHAPTER 01","7","44","12","12","0","0","0","0","0","12","true","No student-ready questions; review/extraction needed"
"12-computer-technology-english-293bf656","Computer Technology","English","","tb-12-computer-technology-english-293bf656-ch-2","2","XII CompTech English version CHAPTER 02","47","89","14","13","0","0","0","0","0","14","true","No student-ready questions; review/extraction needed"
"12-computer-technology-english-293bf656","Computer Technology","English","","tb-12-computer-technology-english-293bf656-ch-3","3","XII CompTech English version CHAPTER 03","91","132","15","3","0","0","0","0","0","15","true","No student-ready questions; review/extraction needed"
"12-computer-technology-english-293bf656","Computer Technology","English","","tb-12-computer-technology-english-293bf656-ch-4","4","XII CompTech English version CHAPTER 04","135","149","10","10","0","0","0","0","0","10","true","No student-ready questions; review/extraction needed"
"12-computer-technology-english-293bf656","Computer Technology","English","","tb-12-computer-technology-english-293bf656-ch-5","5","XII CompTech English version CHAPTER 05","151","173","14","5","0","0","0","0","0","14","true","No student-ready questions; review/extraction needed"
"12-computer-technology-english-293bf656","Computer Technology","English","","tb-12-computer-technology-english-293bf656-ch-6","6","XII CompTech English version CHAPTER 06","175","212","9","3","0","0","0","0","0","9","true","No student-ready questions; review/extraction needed"
"12-computer-technology-english-cf787554","Computer Technology","English","","tb-12-computer-technology-english-cf787554-ch-1","1","Chapter 1","7","44","12","12","0","0","0","0","0","12","true","No student-ready questions; review/extraction needed"
"12-computer-technology-english-cf787554","Computer Technology","English","","tb-12-computer-technology-english-cf787554-ch-2","2","XII CompTech English version CHAPTER 02","47","89","14","13","0","0","0","0","0","14","true","No student-ready questions; review/extraction needed"
"12-computer-technology-english-cf787554","Computer Technology","English","","tb-12-computer-technology-english-cf787554-ch-3","3","XII CompTech English version CHAPTER 03","91","132","15","3","0","0","0","0","0","15","true","No student-ready questions; review/extraction needed"
"12-computer-technology-english-cf787554","Computer Technology","English","","tb-12-computer-technology-english-cf787554-ch-4","4","XII CompTech English version CHAPTER 04","135","149","10","10","0","0","0","0","0","10","true","No student-ready questions; review/extraction needed"
"12-computer-technology-english-cf787554","Computer Technology","English","","tb-12-computer-technology-english-cf787554-ch-5","5","XII CompTech English version CHAPTER 05","151","173","14","5","0","0","0","0","0","14","true","No student-ready questions; review/extraction needed"
"12-computer-technology-english-cf787554","Computer Technology","English","","tb-12-computer-technology-english-cf787554-ch-6","6","XII CompTech English version CHAPTER 06","175","212","9","3","0","0","0","0","0","9","true","No student-ready questions; review/extraction needed"
"12-computer-technology-tamil-c66e9089","Computer Technology","Tamil","","tb-12-computer-technology-tamil-c66e9089-ch-1","1","XII CompTech Tamil version CHAPTER 01","7","","12","0","0","0","0","0","0","12","false","No book-back candidates identified; inspect original exercise"
"12-computer-technology-tamil-c66e9089","Computer Technology","Tamil","","tb-12-computer-technology-tamil-c66e9089-ch-2","2","XII CompTech Tamil version CHAPTER 02","51","","14","0","0","0","0","0","0","14","false","No book-back candidates identified; inspect original exercise"
"12-computer-technology-tamil-c66e9089","Computer Technology","Tamil","","tb-12-computer-technology-tamil-c66e9089-ch-3","3","XII CompTech Tamil version CHAPTER 03","99","","14","0","0","0","0","0","0","14","false","No book-back candidates identified; inspect original exercise"
"12-computer-technology-tamil-c66e9089","Computer Technology","Tamil","","tb-12-computer-technology-tamil-c66e9089-ch-4","4","XII CompTech Tamil version CHAPTER 04","145","","10","0","0","0","0","0","0","10","false","No book-back candidates identified; inspect original exercise"
"12-computer-technology-tamil-c66e9089","Computer Technology","Tamil","","tb-12-computer-technology-tamil-c66e9089-ch-5","5","XII CompTech Tamil version CHAPTER 05","163","","14","0","0","0","0","0","0","14","false","No book-back candidates identified; inspect original exercise"
"12-computer-technology-tamil-c66e9089","Computer Technology","Tamil","","tb-12-computer-technology-tamil-c66e9089-ch-6","6","XII CompTech Tamil version CHAPTER 06","189","","8","0","0","0","0","0","0","8","false","No book-back candidates identified; inspect original exercise"
"12-computer-technology-tamil-cff5867a","Computer Technology","Tamil","","tb-12-computer-technology-tamil-cff5867a-ch-1","1","XII CompTech Tamil version CHAPTER 01","7","","12","0","0","0","0","0","0","12","false","No book-back candidates identified; inspect original exercise"
"12-computer-technology-tamil-cff5867a","Computer Technology","Tamil","","tb-12-computer-technology-tamil-cff5867a-ch-2","2","XII CompTech Tamil version CHAPTER 02","51","","14","0","0","0","0","0","0","14","false","No book-back candidates identified; inspect original exercise"
"12-computer-technology-tamil-cff5867a","Computer Technology","Tamil","","tb-12-computer-technology-tamil-cff5867a-ch-3","3","XII CompTech Tamil version CHAPTER 03","99","","14","0","0","0","0","0","0","14","false","No book-back candidates identified; inspect original exercise"
"12-computer-technology-tamil-cff5867a","Computer Technology","Tamil","","tb-12-computer-technology-tamil-cff5867a-ch-4","4","XII CompTech Tamil version CHAPTER 04","145","","10","0","0","0","0","0","0","10","false","No book-back candidates identified; inspect original exercise"
"12-computer-technology-tamil-cff5867a","Computer Technology","Tamil","","tb-12-computer-technology-tamil-cff5867a-ch-5","5","XII CompTech Tamil version CHAPTER 05","163","","14","0","0","0","0","0","0","14","false","No book-back candidates identified; inspect original exercise"
"12-computer-technology-tamil-cff5867a","Computer Technology","Tamil","","tb-12-computer-technology-tamil-cff5867a-ch-6","6","XII CompTech Tamil version CHAPTER 06","189","","8","0","0","0","0","0","0","8","false","No book-back candidates identified; inspect original exercise"
"12-economics-english-5418ce45","Economics","English","","tb-12-economics-english-5418ce45-ch-1","1","Chapter 1","7","21","20","20","20","20","20","0","0","0","true","Partial coverage; completeness not independently established"
"12-economics-english-5418ce45","Economics","English","","tb-12-economics-english-5418ce45-ch-2","2","Chapter 2","25","38","21","20","19","19","19","0","1","2","true","Partial coverage; completeness not independently established"
"12-economics-english-5418ce45","Economics","English","","tb-12-economics-english-5418ce45-ch-3","3","Chapter 3","43","54","20","20","20","20","20","0","0","0","true","Partial coverage; completeness not independently established"
"12-economics-english-5418ce45","Economics","English","","tb-12-economics-english-5418ce45-ch-4","4","Chapter 4","58","79","21","12","0","0","0","0","0","21","true","No student-ready questions; review/extraction needed"
"12-economics-english-5418ce45","Economics","English","","tb-12-economics-english-5418ce45-ch-5","5","Chapter 5","82","97","21","19","14","14","14","0","0","7","true","Partial coverage; completeness not independently established"
"12-economics-english-5418ce45","Economics","English","","tb-12-economics-english-5418ce45-ch-6","6","Chapter 6","101","127","24","20","14","14","14","0","1","10","true","Partial coverage; completeness not independently established"
"12-economics-english-5418ce45","Economics","English","","tb-12-economics-english-5418ce45-ch-7","7","Chapter 7","131","155","21","17","17","17","17","0","0","4","true","Partial coverage; completeness not independently established"
"12-economics-english-5418ce45","Economics","English","","tb-12-economics-english-5418ce45-ch-8","8","Chapter 8","160","178","21","19","19","19","19","0","0","2","true","Partial coverage; completeness not independently established"
"12-economics-english-5418ce45","Economics","English","","tb-12-economics-english-5418ce45-ch-9","9","Chapter 9","182","186","20","15","12","12","12","0","3","8","true","Partial coverage; completeness not independently established"
"12-economics-english-5418ce45","Economics","English","","tb-12-economics-english-5418ce45-ch-10","10","Chapter 10","218","239","21","20","19","19","19","0","1","2","true","Partial coverage; completeness not independently established"
"12-economics-english-5418ce45","Economics","English","","tb-12-economics-english-5418ce45-ch-11","11","Chapter 11","243","260","19","18","18","18","18","0","0","1","true","Partial coverage; completeness not independently established"
"12-economics-english-5418ce45","Economics","English","","tb-12-economics-english-5418ce45-ch-12","12","Chapter 12","263","284","19","15","14","14","14","0","1","5","true","Partial coverage; completeness not independently established"
"12-economics-tamil-c7590e3f","Economics","Tamil","","tb-12-economics-tamil-c7590e3f-ch-1","1","Chapter 1","7","","20","0","0","0","0","0","0","20","false","No book-back candidates identified; inspect original exercise"
"12-economics-tamil-c7590e3f","Economics","Tamil","","tb-12-economics-tamil-c7590e3f-ch-2","2","Chapter 2","29","","20","0","0","0","0","0","0","20","false","No book-back candidates identified; inspect original exercise"
"12-economics-tamil-c7590e3f","Economics","Tamil","","tb-12-economics-tamil-c7590e3f-ch-3","3","Chapter 3","50","","21","0","0","0","0","0","0","21","false","No book-back candidates identified; inspect original exercise"
"12-economics-tamil-c7590e3f","Economics","Tamil","","tb-12-economics-tamil-c7590e3f-ch-4","4","Chapter 4","68","","21","0","0","0","0","0","0","21","false","No book-back candidates identified; inspect original exercise"
"12-economics-tamil-c7590e3f","Economics","Tamil","","tb-12-economics-tamil-c7590e3f-ch-5","5","Chapter 5","94","","18","0","0","0","0","0","0","18","false","No book-back candidates identified; inspect original exercise"
"12-economics-tamil-c7590e3f","Economics","Tamil","","tb-12-economics-tamil-c7590e3f-ch-6","6","Chapter 6","117","131","21","2","0","0","0","0","0","21","true","No student-ready questions; review/extraction needed"
"12-economics-tamil-c7590e3f","Economics","Tamil","","tb-12-economics-tamil-c7590e3f-ch-7","7","Chapter 7","153","","21","0","0","0","0","0","0","21","false","No book-back candidates identified; inspect original exercise"
"12-economics-tamil-c7590e3f","Economics","Tamil","","tb-12-economics-tamil-c7590e3f-ch-8","8","Chapter 8","186","","22","0","0","0","0","0","0","22","false","No book-back candidates identified; inspect original exercise"
"12-economics-tamil-c7590e3f","Economics","Tamil","","tb-12-economics-tamil-c7590e3f-ch-9","9","Chapter 9","212","217","23","13","0","0","0","0","0","23","true","No student-ready questions; review/extraction needed"
"12-economics-tamil-c7590e3f","Economics","Tamil","","tb-12-economics-tamil-c7590e3f-ch-10","10","Chapter 10","251","","21","0","0","0","0","0","0","21","false","No book-back candidates identified; inspect original exercise"
"12-economics-tamil-c7590e3f","Economics","Tamil","","tb-12-economics-tamil-c7590e3f-ch-11","11","Chapter 11","280","301","21","20","0","0","0","0","20","21","true","No student-ready questions; review/extraction needed"
"12-economics-tamil-c7590e3f","Economics","Tamil","","tb-12-economics-tamil-c7590e3f-ch-12","12","Chapter 12","305","","19","0","0","0","0","0","0","19","false","No book-back candidates identified; inspect original exercise"
"12-english-english-b9d1c4c3","English","English","","tb-12-english-english-b9d1c4c3-ch-1","1","Chapter 1","8","","13","0","0","0","0","0","0","13","false","No book-back candidates identified; inspect original exercise"
"12-english-english-b9d1c4c3","English","English","","tb-12-english-english-b9d1c4c3-ch-2","2","Chapter 2","41","","19","0","0","0","0","0","0","19","false","No book-back candidates identified; inspect original exercise"
"12-english-english-b9d1c4c3","English","English","","tb-12-english-english-b9d1c4c3-ch-3","3","Chapter 3","74","","12","0","0","0","0","0","0","12","false","No book-back candidates identified; inspect original exercise"
"12-english-english-b9d1c4c3","English","English","","tb-12-english-english-b9d1c4c3-ch-4","4","Chapter 4","118","141","15","8","0","0","0","0","0","15","true","No student-ready questions; review/extraction needed"
"12-english-english-b9d1c4c3","English","English","","tb-12-english-english-b9d1c4c3-ch-5","5","Chapter 5","149","","15","0","0","0","0","0","0","15","false","No book-back candidates identified; inspect original exercise"
"12-english-english-b9d1c4c3","English","English","","tb-12-english-english-b9d1c4c3-ch-6","6","Chapter 6","185","201","17","1","0","0","0","0","0","17","true","No student-ready questions; review/extraction needed"
"12-ethics-and-indian-culture-tamil-f49cc8fe","Ethics and Indian Culture","Tamil","","tb-12-ethics-and-indian-culture-tamil-f49cc8fe-ch-1","1","Textbook exercises","1","","92","0","0","0","0","0","0","92","false","No book-back candidates identified; inspect original exercise"
"12-food-service-management-english-111451e7","Food Service Management","English","","tb-12-food-service-management-english-111451e7-ch-1","1","Chapter 1","11","29","15","15","0","0","0","0","0","15","true","No student-ready questions; review/extraction needed"
"12-food-service-management-english-111451e7","Food Service Management","English","","tb-12-food-service-management-english-111451e7-ch-2","2","Chapter 2","32","52","15","15","0","0","0","0","0","15","true","No student-ready questions; review/extraction needed"
"12-food-service-management-english-111451e7","Food Service Management","English","","tb-12-food-service-management-english-111451e7-ch-3","3","Chapter 3","55","84","20","18","0","0","0","0","0","20","true","No student-ready questions; review/extraction needed"
"12-food-service-management-english-111451e7","Food Service Management","English","","tb-12-food-service-management-english-111451e7-ch-4","4","Chapter 4","88","117","20","20","0","0","0","0","0","20","true","No student-ready questions; review/extraction needed"
"12-food-service-management-english-111451e7","Food Service Management","English","","tb-12-food-service-management-english-111451e7-ch-5","5","Chapter 5","120","141","15","15","0","0","0","0","0","15","true","No student-ready questions; review/extraction needed"
"12-food-service-management-english-111451e7","Food Service Management","English","","tb-12-food-service-management-english-111451e7-ch-6","6","Chapter 6","144","152","16","15","0","0","0","0","0","16","true","No student-ready questions; review/extraction needed"
"12-food-service-management-english-111451e7","Food Service Management","English","","tb-12-food-service-management-english-111451e7-ch-7","7","Chapter 7","155","169","20","20","0","0","0","0","0","20","true","No student-ready questions; review/extraction needed"
"12-food-service-management-english-111451e7","Food Service Management","English","","tb-12-food-service-management-english-111451e7-ch-8","8","Chapter 8","172","179","14","14","0","0","0","0","0","14","true","No student-ready questions; review/extraction needed"
"12-food-service-management-english-111451e7","Food Service Management","English","","tb-12-food-service-management-english-111451e7-ch-9","9","Chapter 9","182","205","29","17","0","0","0","0","0","29","true","No student-ready questions; review/extraction needed"
"12-food-service-management-tamil-e2061fb1","Food Service Management","Tamil","","tb-12-food-service-management-tamil-e2061fb1-ch-1","1","Chapter 1","11","","15","0","0","0","0","0","0","15","false","No book-back candidates identified; inspect original exercise"
"12-food-service-management-tamil-e2061fb1","Food Service Management","Tamil","","tb-12-food-service-management-tamil-e2061fb1-ch-2","2","Chapter 2","36","63","15","15","0","0","0","0","0","15","true","No student-ready questions; review/extraction needed"
"12-food-service-management-tamil-e2061fb1","Food Service Management","Tamil","","tb-12-food-service-management-tamil-e2061fb1-ch-3","3","Chapter 3","66","","17","0","0","0","0","0","0","17","false","No book-back candidates identified; inspect original exercise"
"12-food-service-management-tamil-e2061fb1","Food Service Management","Tamil","","tb-12-food-service-management-tamil-e2061fb1-ch-4","4","Chapter 4","109","","18","0","0","0","0","0","0","18","false","No book-back candidates identified; inspect original exercise"
"12-food-service-management-tamil-e2061fb1","Food Service Management","Tamil","","tb-12-food-service-management-tamil-e2061fb1-ch-5","5","Chapter 5","150","177","14","14","0","0","0","0","0","14","true","No student-ready questions; review/extraction needed"
"12-food-service-management-tamil-e2061fb1","Food Service Management","Tamil","","tb-12-food-service-management-tamil-e2061fb1-ch-6","6","Chapter 6","180","","15","0","0","0","0","0","0","15","false","No book-back candidates identified; inspect original exercise"
"12-food-service-management-tamil-e2061fb1","Food Service Management","Tamil","","tb-12-food-service-management-tamil-e2061fb1-ch-7","7","Chapter 7","192","209","19","19","0","0","0","0","0","19","true","No student-ready questions; review/extraction needed"
"12-food-service-management-tamil-e2061fb1","Food Service Management","Tamil","","tb-12-food-service-management-tamil-e2061fb1-ch-8","8","Chapter 8","213","","16","0","0","0","0","0","0","16","false","No book-back candidates identified; inspect original exercise"
"12-food-service-management-tamil-e2061fb1","Food Service Management","Tamil","","tb-12-food-service-management-tamil-e2061fb1-ch-9","9","Chapter 9","226","312","19","4","0","0","0","0","0","19","true","No student-ready questions; review/extraction needed"
"12-general-nursing-english-5c87aafc","General Nursing","English","","tb-12-general-nursing-english-5c87aafc-ch-1","1","Unit 1 Human physiology Gen Nur","5","42","49","49","0","0","0","0","0","49","true","No student-ready questions; review/extraction needed"
"12-general-nursing-english-5c87aafc","General Nursing","English","","tb-12-general-nursing-english-5c87aafc-ch-2","2","Unit 2 Medical Surgery Gen Nur","46","88","28","28","0","0","0","0","0","28","true","No student-ready questions; review/extraction needed"
"12-general-nursing-english-5c87aafc","General Nursing","English","","tb-12-general-nursing-english-5c87aafc-ch-3","3","Unit 3 Applied psycology Gen Nur","92","103","7","6","0","0","0","0","0","7","true","No student-ready questions; review/extraction needed"
"12-general-nursing-english-5c87aafc","General Nursing","English","","tb-12-general-nursing-english-5c87aafc-ch-4","4","Unit 4 Introduction to sociology Gen Nur","106","112","2","2","0","0","0","0","0","2","true","No student-ready questions; review/extraction needed"
"12-general-nursing-english-5c87aafc","General Nursing","English","","tb-12-general-nursing-english-5c87aafc-ch-5","5","Unit 5 Applied nutrition Gen Nur","113","144","10","10","0","0","0","0","0","10","true","No student-ready questions; review/extraction needed"
"12-general-nursing-english-5c87aafc","General Nursing","English","","tb-12-general-nursing-english-5c87aafc-ch-6","6","Unit 6 Sex education and family life Gen Nur","146","","0","0","0","0","0","0","0","0","false","No book-back candidates identified; inspect original exercise"
"12-general-nursing-english-5c87aafc","General Nursing","English","","tb-12-general-nursing-english-5c87aafc-ch-7","7","Unit 7 Midwifery Gen Nur","152","179","10","10","0","0","0","0","0","10","true","No student-ready questions; review/extraction needed"
"12-general-nursing-english-5c87aafc","General Nursing","English","","tb-12-general-nursing-english-5c87aafc-ch-8","8","Unit 8 Child health Gen Nur","182","200","20","20","16","16","16","0","0","4","true","Partial coverage; completeness not independently established"
"12-general-nursing-english-5c87aafc","General Nursing","English","","tb-12-general-nursing-english-5c87aafc-ch-9","9","Unit 9 Community health nursing Gen Nur","202","220","12","10","0","0","0","0","0","12","true","No student-ready questions; review/extraction needed"
"12-general-nursing-english-5c87aafc","General Nursing","English","","tb-12-general-nursing-english-5c87aafc-ch-10","10","Unit 10 Mental health Gen Nur","222","247","9","9","0","0","0","0","0","9","true","No student-ready questions; review/extraction needed"
"12-general-nursing-english-5c87aafc","General Nursing","English","","tb-12-general-nursing-english-5c87aafc-ch-11","11","Unit 11 Communicable disease Gen Nur","248","271","28","10","0","0","0","0","0","28","true","No student-ready questions; review/extraction needed"
"12-general-nursing-english-5c87aafc","General Nursing","English","","tb-12-general-nursing-english-5c87aafc-ch-12","12","Unit 12 Nursing educaiton management Gen Nur","274","289","10","10","0","0","0","0","0","10","true","No student-ready questions; review/extraction needed"
"12-general-nursing-english-5c87aafc","General Nursing","English","","tb-12-general-nursing-english-5c87aafc-ch-13","13","Unit 13 Introduction to nursing research Gen Nur","291","297","8","6","0","0","0","0","0","8","true","No student-ready questions; review/extraction needed"
"12-general-nursing-tamil-b39f5ab1","General Nursing","Tamil","","tb-12-general-nursing-tamil-b39f5ab1-ch-1","1","Unit 1 Human physiology Gen Nur Tm","9","49","47","43","0","0","0","0","0","47","true","No student-ready questions; review/extraction needed"
"12-general-nursing-tamil-b39f5ab1","General Nursing","Tamil","","tb-12-general-nursing-tamil-b39f5ab1-ch-2","2","Unit 2 Medical Surgery Gen Nur TM","54","99","29","29","0","0","0","0","0","29","true","No student-ready questions; review/extraction needed"
"12-general-nursing-tamil-b39f5ab1","General Nursing","Tamil","","tb-12-general-nursing-tamil-b39f5ab1-ch-3","3","Unit 3 Applied psycology Gen Nur TM","104","116","8","8","0","0","0","0","0","8","true","No student-ready questions; review/extraction needed"
"12-general-nursing-tamil-b39f5ab1","General Nursing","Tamil","","tb-12-general-nursing-tamil-b39f5ab1-ch-4","4","Unit 4 Introduction to sociology Gen Nur TM","118","","1","0","0","0","0","0","0","1","false","No book-back candidates identified; inspect original exercise"
"12-general-nursing-tamil-b39f5ab1","General Nursing","Tamil","","tb-12-general-nursing-tamil-b39f5ab1-ch-5","5","Unit 5 Applied nutrition Gen Nur TM","126","","10","0","0","0","0","0","0","10","false","No book-back candidates identified; inspect original exercise"
"12-general-nursing-tamil-b39f5ab1","General Nursing","Tamil","","tb-12-general-nursing-tamil-b39f5ab1-ch-6","6","Unit 6 Sex education and family life Gen Nur TM","158","","0","0","0","0","0","0","0","0","false","No book-back candidates identified; inspect original exercise"
"12-general-nursing-tamil-b39f5ab1","General Nursing","Tamil","","tb-12-general-nursing-tamil-b39f5ab1-ch-7","7","Unit 7 Midwifery Gen Nur TM","165","","10","0","0","0","0","0","0","10","false","No book-back candidates identified; inspect original exercise"
"12-general-nursing-tamil-b39f5ab1","General Nursing","Tamil","","tb-12-general-nursing-tamil-b39f5ab1-ch-8","8","Unit 8 Child health Gen Nur TM","197","","20","0","0","0","0","0","0","20","false","No book-back candidates identified; inspect original exercise"
"12-general-nursing-tamil-b39f5ab1","General Nursing","Tamil","","tb-12-general-nursing-tamil-b39f5ab1-ch-9","9","Unit 9 Community health nursing Gen Nur TM","218","233","11","11","0","0","0","0","0","11","true","No student-ready questions; review/extraction needed"
"12-general-nursing-tamil-b39f5ab1","General Nursing","Tamil","","tb-12-general-nursing-tamil-b39f5ab1-ch-10","10","Unit 10 Mental health Gen Nur TM","237","","10","0","0","0","0","0","0","10","false","No book-back candidates identified; inspect original exercise"
"12-general-nursing-tamil-b39f5ab1","General Nursing","Tamil","","tb-12-general-nursing-tamil-b39f5ab1-ch-11","11","Unit 11 Communicable disease Gen Nur","268","","18","0","0","0","0","0","0","18","false","No book-back candidates identified; inspect original exercise"
"12-general-nursing-tamil-b39f5ab1","General Nursing","Tamil","","tb-12-general-nursing-tamil-b39f5ab1-ch-12","12","Unit 12 Nursing education management Gen Nur TM","298","312","9","9","0","0","0","0","0","9","true","No student-ready questions; review/extraction needed"
"12-general-nursing-tamil-b39f5ab1","General Nursing","Tamil","","tb-12-general-nursing-tamil-b39f5ab1-ch-13","13","Unit 13 Introduction to nursing research Gen Nur TM","314","354","6","1","0","0","0","0","0","6","true","No student-ready questions; review/extraction needed"
"12-geography-english-24059775","Geography","English","","tb-12-geography-english-24059775-ch-1","1","TN GOVT XII Geography chapter 01","5","25","13","9","0","0","0","0","0","13","true","No student-ready questions; review/extraction needed"
"12-geography-english-24059775","Geography","English","","tb-12-geography-english-24059775-ch-2","2","TN GOVT XII Geography chapter2","30","45","8","8","0","0","0","0","0","8","true","No student-ready questions; review/extraction needed"
"12-geography-english-24059775","Geography","English","","tb-12-geography-english-24059775-ch-3","3","TN GOVT XII Geography chapter 03","49","65","9","9","0","0","0","0","0","9","true","No student-ready questions; review/extraction needed"
"12-geography-english-24059775","Geography","English","","tb-12-geography-english-24059775-ch-4","4","TN GOVT XII Geography chapter 04","70","89","11","10","0","0","0","0","0","11","true","No student-ready questions; review/extraction needed"
"12-geography-english-24059775","Geography","English","","tb-12-geography-english-24059775-ch-5","5","TN GOVT XII Geography chapter 05","94","114","15","10","0","0","0","0","0","15","true","No student-ready questions; review/extraction needed"
"12-geography-english-24059775","Geography","English","","tb-12-geography-english-24059775-ch-6","6","TN GOVT XII Geography chapter 06","118","135","9","9","0","0","0","0","0","9","true","No student-ready questions; review/extraction needed"
"12-geography-english-24059775","Geography","English","","tb-12-geography-english-24059775-ch-7","7","TN GOVT XII Geography chapter 07","138","150","10","10","0","0","0","0","0","10","true","No student-ready questions; review/extraction needed"
"12-geography-english-24059775","Geography","English","","tb-12-geography-english-24059775-ch-8","8","TN GOVT XII Geography chapter 08","153","164","10","10","0","0","0","0","0","10","true","No student-ready questions; review/extraction needed"
"12-geography-english-24059775","Geography","English","","tb-12-geography-english-24059775-ch-9","9","TN GOVT XII Geography chapter 09","167","","0","0","0","0","0","0","0","0","false","No book-back candidates identified; inspect original exercise"
"12-geography-english-24059775","Geography","English","","tb-12-geography-english-24059775-ch-10","10","TN GOVT XII Geography chapter10","172","","0","0","0","0","0","0","0","0","false","No book-back candidates identified; inspect original exercise"
"12-geography-english-24059775","Geography","English","","tb-12-geography-english-24059775-ch-11","11","TN GOVT XII Geography chapter11","185","","1","0","0","0","0","0","0","1","false","No book-back candidates identified; inspect original exercise"
"12-geography-english-24059775","Geography","English","","tb-12-geography-english-24059775-ch-12","12","TN GOVT XII Geography chapter12","194","","0","0","0","0","0","0","0","0","false","No book-back candidates identified; inspect original exercise"
"12-geography-english-24059775","Geography","English","","tb-12-geography-english-24059775-ch-13","13","TN GOVT XII Geography chapter13","203","","0","0","0","0","0","0","0","0","false","No book-back candidates identified; inspect original exercise"
"12-geography-tamil-ba849e46","Geography","Tamil","","tb-12-geography-tamil-ba849e46-ch-2","2","TN GOVT XII Geography chapter 02","5","","0","0","0","0","0","0","0","0","false","No book-back candidates identified; inspect original exercise"
"12-geography-tamil-ba849e46","Geography","Tamil","","tb-12-geography-tamil-ba849e46-ch-1","1","TN GOVT XII Geography chapter 01","9","11","19","19","0","0","0","0","0","19","true","No student-ready questions; review/extraction needed"
"12-geography-tamil-ba849e46","Geography","Tamil","","tb-12-geography-tamil-ba849e46-ch-3","3","TN GOVT XII Geography chapter 03","56","","9","0","0","0","0","0","0","9","false","No book-back candidates identified; inspect original exercise"
"12-geography-tamil-ba849e46","Geography","Tamil","","tb-12-geography-tamil-ba849e46-ch-4","4","TN GOVT XII Geography chapter 04","78","","10","0","0","0","0","0","0","10","false","No book-back candidates identified; inspect original exercise"
"12-geography-tamil-ba849e46","Geography","Tamil","","tb-12-geography-tamil-ba849e46-ch-5","5","TN GOVT XII Geography chapter 05","103","125","14","9","0","0","0","0","0","14","true","No student-ready questions; review/extraction needed"
"12-geography-tamil-ba849e46","Geography","Tamil","","tb-12-geography-tamil-ba849e46-ch-6","6","TN GOVT XII Geography chapter 06","129","146","9","9","0","0","0","0","0","9","true","No student-ready questions; review/extraction needed"
"12-geography-tamil-ba849e46","Geography","Tamil","","tb-12-geography-tamil-ba849e46-ch-7","7","TN GOVT XII Geography chapter 07","149","162","10","10","0","0","0","0","0","10","true","No student-ready questions; review/extraction needed"
"12-geography-tamil-ba849e46","Geography","Tamil","","tb-12-geography-tamil-ba849e46-ch-8","8","TN GOVT XII Geography chapter 08","165","","10","0","0","0","0","0","0","10","false","No book-back candidates identified; inspect original exercise"
"12-geography-tamil-ba849e46","Geography","Tamil","","tb-12-geography-tamil-ba849e46-ch-9","9","TN GOVT XII Geography chapter 09","182","","0","0","0","0","0","0","0","0","false","No book-back candidates identified; inspect original exercise"
"12-geography-tamil-ba849e46","Geography","Tamil","","tb-12-geography-tamil-ba849e46-ch-10","10","TN GOVT XII Geography chapter10","188","","1","0","0","0","0","0","0","1","false","No book-back candidates identified; inspect original exercise"
"12-geography-tamil-ba849e46","Geography","Tamil","","tb-12-geography-tamil-ba849e46-ch-11","11","TN GOVT XII Geography chapter11","200","","0","0","0","0","0","0","0","0","false","No book-back candidates identified; inspect original exercise"
"12-geography-tamil-ba849e46","Geography","Tamil","","tb-12-geography-tamil-ba849e46-ch-12","12","TN GOVT XII Geography chapter12","209","","0","0","0","0","0","0","0","0","false","No book-back candidates identified; inspect original exercise"
"12-geography-tamil-ba849e46","Geography","Tamil","","tb-12-geography-tamil-ba849e46-ch-13","13","TN GOVT XII Geography Tamil chapter13","219","","0","0","0","0","0","0","0","0","false","No book-back candidates identified; inspect original exercise"
"12-history-english-3cd2e4c2","History","English","","tb-12-history-english-3cd2e4c2-ch-1","1","Chapter 1","5","16","11","11","0","0","0","0","0","11","true","No student-ready questions; review/extraction needed"
"12-history-english-3cd2e4c2","History","English","","tb-12-history-english-3cd2e4c2-ch-2","2","Chapter 2","20","32","5","2","0","0","0","0","0","5","true","No student-ready questions; review/extraction needed"
"12-history-english-3cd2e4c2","History","English","","tb-12-history-english-3cd2e4c2-ch-3","3","Chapter 3","35","43","7","4","0","0","0","0","0","7","true","No student-ready questions; review/extraction needed"
"12-history-english-3cd2e4c2","History","English","","tb-12-history-english-3cd2e4c2-ch-4","4","Chapter 4","46","61","10","10","0","0","0","0","0","10","true","No student-ready questions; review/extraction needed"
"12-history-english-3cd2e4c2","History","English","","tb-12-history-english-3cd2e4c2-ch-5","5","Chapter 5","65","75","9","5","0","0","0","0","0","9","true","No student-ready questions; review/extraction needed"
"12-history-english-3cd2e4c2","History","English","","tb-12-history-english-3cd2e4c2-ch-6","6","Chapter 6","77","85","8","4","0","0","0","0","0","8","true","No student-ready questions; review/extraction needed"
"12-history-english-3cd2e4c2","History","English","","tb-12-history-english-3cd2e4c2-ch-7","7","Chapter 7","88","101","17","12","0","0","0","0","0","17","true","No student-ready questions; review/extraction needed"
"12-history-english-3cd2e4c2","History","English","","tb-12-history-english-3cd2e4c2-ch-8","8","Chapter 8","104","116","8","8","0","0","0","0","0","8","true","No student-ready questions; review/extraction needed"
"12-history-english-3cd2e4c2","History","English","","tb-12-history-english-3cd2e4c2-ch-9","9","Chapter 9","119","132","11","4","0","0","0","0","0","11","true","No student-ready questions; review/extraction needed"
"12-history-english-3cd2e4c2","History","English","","tb-12-history-english-3cd2e4c2-ch-10","10","Chapter 10","134","150","16","12","0","0","0","0","0","16","true","No student-ready questions; review/extraction needed"
"12-history-english-3cd2e4c2","History","English","","tb-12-history-english-3cd2e4c2-ch-11","11","Chapter 11","155","176","14","14","0","0","0","0","0","14","true","No student-ready questions; review/extraction needed"
"12-history-english-3cd2e4c2","History","English","","tb-12-history-english-3cd2e4c2-ch-12","12","Chapter 12","180","195","14","10","0","0","0","0","0","14","true","No student-ready questions; review/extraction needed"
"12-history-english-3cd2e4c2","History","English","","tb-12-history-english-3cd2e4c2-ch-13","13","Chapter 13","199","219","16","9","0","0","0","0","0","16","true","No student-ready questions; review/extraction needed"
"12-history-english-3cd2e4c2","History","English","","tb-12-history-english-3cd2e4c2-ch-14","14","Chapter 14","223","243","15","15","0","0","0","0","0","15","true","No student-ready questions; review/extraction needed"
"12-history-english-3cd2e4c2","History","English","","tb-12-history-english-3cd2e4c2-ch-15","15","Chapter 15","248","264","14","10","0","0","0","0","0","14","true","No student-ready questions; review/extraction needed"
"12-history-tamil-3c88c869","History","Tamil","","tb-12-history-tamil-3c88c869-ch-1","1","Chapter 1","5","18","12","12","0","0","0","0","0","12","true","No student-ready questions; review/extraction needed"
"12-history-tamil-3c88c869","History","Tamil","","tb-12-history-tamil-3c88c869-ch-2","2","Chapter 2","21","","7","0","0","0","0","0","0","7","false","No book-back candidates identified; inspect original exercise"
"12-history-tamil-3c88c869","History","Tamil","","tb-12-history-tamil-3c88c869-ch-3","3","Chapter 3","38","","6","0","0","0","0","0","0","6","false","No book-back candidates identified; inspect original exercise"
"12-history-tamil-3c88c869","History","Tamil","","tb-12-history-tamil-3c88c869-ch-4","4","Chapter 4","51","","9","0","0","0","0","0","0","9","false","No book-back candidates identified; inspect original exercise"
"12-history-tamil-3c88c869","History","Tamil","","tb-12-history-tamil-3c88c869-ch-5","5","Chapter 5","72","","10","0","0","0","0","0","0","10","false","No book-back candidates identified; inspect original exercise"
"12-history-tamil-3c88c869","History","Tamil","","tb-12-history-tamil-3c88c869-ch-6","6","Chapter 6","86","","10","0","0","0","0","0","0","10","false","No book-back candidates identified; inspect original exercise"
"12-history-tamil-3c88c869","History","Tamil","","tb-12-history-tamil-3c88c869-ch-7","7","Chapter 7","97","","17","0","0","0","0","0","0","17","false","No book-back candidates identified; inspect original exercise"
"12-history-tamil-3c88c869","History","Tamil","","tb-12-history-tamil-3c88c869-ch-8","8","Chapter 8","115","","10","0","0","0","0","0","0","10","false","No book-back candidates identified; inspect original exercise"
"12-history-tamil-3c88c869","History","Tamil","","tb-12-history-tamil-3c88c869-ch-9","9","Chapter 9","132","","12","0","0","0","0","0","0","12","false","No book-back candidates identified; inspect original exercise"
"12-history-tamil-3c88c869","History","Tamil","","tb-12-history-tamil-3c88c869-ch-10","10","Chapter 10","150","","19","0","0","0","0","0","0","19","false","No book-back candidates identified; inspect original exercise"
"12-history-tamil-3c88c869","History","Tamil","","tb-12-history-tamil-3c88c869-ch-11","11","Chapter 11","174","","18","0","0","0","0","0","0","18","false","No book-back candidates identified; inspect original exercise"
"12-history-tamil-3c88c869","History","Tamil","","tb-12-history-tamil-3c88c869-ch-12","12","Chapter 12","204","","18","0","0","0","0","0","0","18","false","No book-back candidates identified; inspect original exercise"
"12-history-tamil-3c88c869","History","Tamil","","tb-12-history-tamil-3c88c869-ch-13","13","Chapter 13","226","250","19","19","0","0","0","0","0","19","true","No student-ready questions; review/extraction needed"
"12-history-tamil-3c88c869","History","Tamil","","tb-12-history-tamil-3c88c869-ch-14","14","Chapter 14","255","","19","0","0","0","0","0","0","19","false","No book-back candidates identified; inspect original exercise"
"12-history-tamil-3c88c869","History","Tamil","","tb-12-history-tamil-3c88c869-ch-15","15","Chapter 15","284","","19","0","0","0","0","0","0","19","false","No book-back candidates identified; inspect original exercise"
"12-home-science-english-e5c3e008","Home Science","English","","tb-12-home-science-english-e5c3e008-ch-1","1","XII Std - Home Science EM Unit 1","7","50","22","17","0","0","0","0","0","22","true","No student-ready questions; review/extraction needed"
"12-home-science-english-e5c3e008","Home Science","English","","tb-12-home-science-english-e5c3e008-ch-2","2","XII Std - Home Science EM Unit 2","57","81","10","10","0","0","0","0","0","10","true","No student-ready questions; review/extraction needed"
"12-home-science-english-e5c3e008","Home Science","English","","tb-12-home-science-english-e5c3e008-ch-3","3","XII Std - Home Science EM Unit 3","84","96","12","12","0","0","0","0","0","12","true","No student-ready questions; review/extraction needed"
"12-home-science-english-e5c3e008","Home Science","English","","tb-12-home-science-english-e5c3e008-ch-4","4","XII Std - Home Science EM Unit 4","99","126","8","8","0","0","0","0","0","8","true","No student-ready questions; review/extraction needed"
"12-home-science-english-e5c3e008","Home Science","English","","tb-12-home-science-english-e5c3e008-ch-5","5","XII Std - Home Science EM Unit 5","129","162","12","11","0","0","0","0","0","12","true","No student-ready questions; review/extraction needed"
"12-home-science-english-e5c3e008","Home Science","English","","tb-12-home-science-english-e5c3e008-ch-6","6","XII Std - Home Science EM Unit 6","166","183","10","10","0","0","0","0","0","10","true","No student-ready questions; review/extraction needed"
"12-home-science-english-e5c3e008","Home Science","English","","tb-12-home-science-english-e5c3e008-ch-7","7","XII Std - Home Science EM Unit 7","186","203","10","10","0","0","0","0","0","10","true","No student-ready questions; review/extraction needed"
"12-home-science-english-e5c3e008","Home Science","English","","tb-12-home-science-english-e5c3e008-ch-8","8","XII Std - Home Science EM Unit 8","206","223","10","10","0","0","0","0","0","10","true","No student-ready questions; review/extraction needed"
"12-home-science-tamil-0cbbe34e","Home Science","Tamil","","tb-12-home-science-tamil-0cbbe34e-ch-1","1","XII Std - Home Science TM Unit 1","7","","19","0","0","0","0","0","0","19","false","No book-back candidates identified; inspect original exercise"
"12-home-science-tamil-0cbbe34e","Home Science","Tamil","","tb-12-home-science-tamil-0cbbe34e-ch-2","2","XII Std - Home Science TM Unit 2","62","","10","0","0","0","0","0","0","10","false","No book-back candidates identified; inspect original exercise"
"12-home-science-tamil-0cbbe34e","Home Science","Tamil","","tb-12-home-science-tamil-0cbbe34e-ch-3","3","XII Std - Home Science TM Unit 3","93","","12","0","0","0","0","0","0","12","false","No book-back candidates identified; inspect original exercise"
"12-home-science-tamil-0cbbe34e","Home Science","Tamil","","tb-12-home-science-tamil-0cbbe34e-ch-4","4","XII Std - Home Science TM Unit 4","110","","8","0","0","0","0","0","0","8","false","No book-back candidates identified; inspect original exercise"
"12-home-science-tamil-0cbbe34e","Home Science","Tamil","","tb-12-home-science-tamil-0cbbe34e-ch-5","5","XII Std - Home Science TM Unit 5","144","","11","0","0","0","0","0","0","11","false","No book-back candidates identified; inspect original exercise"
"12-home-science-tamil-0cbbe34e","Home Science","Tamil","","tb-12-home-science-tamil-0cbbe34e-ch-6","6","XII Std - Home Science TM Unit 6","186","","10","0","0","0","0","0","0","10","false","No book-back candidates identified; inspect original exercise"
"12-home-science-tamil-0cbbe34e","Home Science","Tamil","","tb-12-home-science-tamil-0cbbe34e-ch-7","7","XII Std - Home Science TM Unit 7","209","228","10","10","0","0","0","0","0","10","true","No student-ready questions; review/extraction needed"
"12-home-science-tamil-0cbbe34e","Home Science","Tamil","","tb-12-home-science-tamil-0cbbe34e-ch-8","8","XII Std - Home Science TM Unit 8","231","","8","0","0","0","0","0","0","8","false","No book-back candidates identified; inspect original exercise"
"12-mathematics-english-v1-e33ceed7","Mathematics","English","1","tb-12-mathematics-english-v1-e33ceed7-ch-1","1","Chapter 1 Matrices  Final","9","56","25","25","0","0","0","0","25","25","true","No student-ready questions; review/extraction needed"
"12-mathematics-english-v1-e33ceed7","Mathematics","English","1","tb-12-mathematics-english-v1-e33ceed7-ch-2","2","Chapter 2 Complex Numbers","60","101","26","25","0","0","0","0","25","26","true","No student-ready questions; review/extraction needed"
"12-mathematics-english-v1-e33ceed7","Mathematics","English","1","tb-12-mathematics-english-v1-e33ceed7-ch-3","3","Chapter 3 Theory of Equation","105","135","10","10","1","1","1","0","9","9","true","Partial coverage; completeness not independently established"
"12-mathematics-english-v1-e33ceed7","Mathematics","English","1","tb-12-mathematics-english-v1-e33ceed7-ch-4","4","Chapter 4 Inverse Trigonometry","137","174","17","17","0","0","0","0","17","17","true","No student-ready questions; review/extraction needed"
"12-mathematics-english-v1-e33ceed7","Mathematics","English","1","tb-12-mathematics-english-v1-e33ceed7-ch-5","5","Chapter 5 Analytical Geometry","180","223","26","25","0","0","0","0","25","26","true","No student-ready questions; review/extraction needed"
"12-mathematics-english-v1-e33ceed7","Mathematics","English","1","tb-12-mathematics-english-v1-e33ceed7-ch-6","6","Chapter 6 Vector Algebra","229","284","22","22","0","0","0","0","22","22","true","No student-ready questions; review/extraction needed"
"12-mathematics-english-v2-d4925ec0","Mathematics","English","2","tb-12-mathematics-english-v2-d4925ec0-ch-7","7","Chapter 7 Differential Calculus Print 16 02","5","58","22","20","0","0","0","0","20","22","true","No student-ready questions; review/extraction needed"
"12-mathematics-english-v2-d4925ec0","Mathematics","English","2","tb-12-mathematics-english-v2-d4925ec0-ch-8","8","Chapter 8 Differentials and Partial Derivatives Print","62","91","15","15","2","2","2","0","13","13","true","Partial coverage; completeness not independently established"
"12-mathematics-english-v2-d4925ec0","Mathematics","English","2","tb-12-mathematics-english-v2-d4925ec0-ch-9","9","Chapter 9 Application of Integrations Print","94","143","19","19","0","0","0","0","19","19","true","No student-ready questions; review/extraction needed"
"12-mathematics-english-v2-d4925ec0","Mathematics","English","2","tb-12-mathematics-english-v2-d4925ec0-ch-10","10","Chapter 10 Differential Equation Print","148","179","26","25","0","0","0","0","0","26","true","No student-ready questions; review/extraction needed"
"12-mathematics-english-v2-d4925ec0","Mathematics","English","2","tb-12-mathematics-english-v2-d4925ec0-ch-11","11","Chapter 11 Probability Distributions Print","183","222","19","19","5","5","5","0","14","14","true","Partial coverage; completeness not independently established"
"12-mathematics-english-v2-d4925ec0","Mathematics","English","2","tb-12-mathematics-english-v2-d4925ec0-ch-12","12","Chapter 12 Discrete Mathematics Print","228","253","17","16","0","0","0","0","0","17","true","No student-ready questions; review/extraction needed"
"12-mathematics-tamil-v1-96fc1e8d","Mathematics","Tamil","1","tb-12-mathematics-tamil-v1-96fc1e8d-ch-1","1","Chapter 1 Matrices","9","61","25","25","0","0","0","0","25","25","true","No student-ready questions; review/extraction needed"
"12-mathematics-tamil-v1-96fc1e8d","Mathematics","Tamil","1","tb-12-mathematics-tamil-v1-96fc1e8d-ch-2","2","Chapter 2 Complex Numbers","66","","25","0","0","0","0","0","0","25","false","No book-back candidates identified; inspect original exercise"
"12-mathematics-tamil-v1-96fc1e8d","Mathematics","Tamil","1","tb-12-mathematics-tamil-v1-96fc1e8d-ch-3","3","Chapter 3 Theory of Equation","111","147","10","10","0","0","0","0","10","10","true","No student-ready questions; review/extraction needed"
"12-mathematics-tamil-v1-96fc1e8d","Mathematics","Tamil","1","tb-12-mathematics-tamil-v1-96fc1e8d-ch-4","4","Chapter 4 Inverse Trigonometry","150","","17","0","0","0","0","0","0","17","false","No book-back candidates identified; inspect original exercise"
"12-mathematics-tamil-v1-96fc1e8d","Mathematics","Tamil","1","tb-12-mathematics-tamil-v1-96fc1e8d-ch-5","5","Chapter 5 Analytical Geometry","197","","25","0","0","0","0","0","0","25","false","No book-back candidates identified; inspect original exercise"
"12-mathematics-tamil-v1-96fc1e8d","Mathematics","Tamil","1","tb-12-mathematics-tamil-v1-96fc1e8d-ch-6","6","Chapter 6 Vector Algebra","249","","23","0","0","0","0","0","0","23","false","No book-back candidates identified; inspect original exercise"
"12-mathematics-tamil-v2-f8732624","Mathematics","Tamil","2","tb-12-mathematics-tamil-v2-f8732624-ch-7","7","Chapter 7 Applications of Diff Calculus1","5","61","21","20","0","0","0","0","20","21","true","No student-ready questions; review/extraction needed"
"12-mathematics-tamil-v2-f8732624","Mathematics","Tamil","2","tb-12-mathematics-tamil-v2-f8732624-ch-8","8","Chapter 8 Differentials and Partial Derivatives","65","95","15","15","0","0","0","0","15","15","true","No student-ready questions; review/extraction needed"
"12-mathematics-tamil-v2-f8732624","Mathematics","Tamil","2","tb-12-mathematics-tamil-v2-f8732624-ch-9","9","Chapter 9 Applications of Integration","98","150","19","19","0","0","0","0","19","19","true","No student-ready questions; review/extraction needed"
"12-mathematics-tamil-v2-f8732624","Mathematics","Tamil","2","tb-12-mathematics-tamil-v2-f8732624-ch-10","10","Chapter 10 Ordinary Differential Equations","155","","25","0","0","0","0","0","0","25","false","No book-back candidates identified; inspect original exercise"
"12-mathematics-tamil-v2-f8732624","Mathematics","Tamil","2","tb-12-mathematics-tamil-v2-f8732624-ch-11","11","Chapter 11 Probability","194","235","20","20","0","0","0","0","20","20","true","No student-ready questions; review/extraction needed"
"12-mathematics-tamil-v2-f8732624","Mathematics","Tamil","2","tb-12-mathematics-tamil-v2-f8732624-ch-12","12","Chapter 12 Discrete Mathematics","241","","17","0","0","0","0","0","0","17","false","No book-back candidates identified; inspect original exercise"
"12-microbiology-english-6a36a404","Microbiology","English","","tb-12-microbiology-english-6a36a404-ch-1","1","TN GOVT XII Micro Biology CH01","5","14","5","5","0","0","0","0","0","5","true","No student-ready questions; review/extraction needed"
"12-microbiology-english-6a36a404","Microbiology","English","","tb-12-microbiology-english-6a36a404-ch-2","2","TN GOVT XII Micro Biology CH02","16","31","9","6","0","0","0","0","0","9","true","No student-ready questions; review/extraction needed"
"12-microbiology-english-6a36a404","Microbiology","English","","tb-12-microbiology-english-6a36a404-ch-3","3","TN GOVT XII Micro Biology CH03","32","47","10","10","0","0","0","0","0","10","true","No student-ready questions; review/extraction needed"
"12-microbiology-english-6a36a404","Microbiology","English","","tb-12-microbiology-english-6a36a404-ch-4","4","TN GOVT XII Micro Biology CH04","49","70","9","9","0","0","0","0","0","9","true","No student-ready questions; review/extraction needed"
"12-microbiology-english-6a36a404","Microbiology","English","","tb-12-microbiology-english-6a36a404-ch-5","5","TN GOVT XII Micro Biology CH05","72","87","8","5","0","0","0","0","0","8","true","No student-ready questions; review/extraction needed"
"12-microbiology-english-6a36a404","Microbiology","English","","tb-12-microbiology-english-6a36a404-ch-6","6","TN GOVT XII Micro Biology CH06","89","115","7","7","0","0","0","0","0","7","true","No student-ready questions; review/extraction needed"
"12-microbiology-english-6a36a404","Microbiology","English","","tb-12-microbiology-english-6a36a404-ch-7","7","TN GOVT XII Micro Biology CH07","118","153","12","5","0","0","0","0","0","12","true","No student-ready questions; review/extraction needed"
"12-microbiology-english-6a36a404","Microbiology","English","","tb-12-microbiology-english-6a36a404-ch-8","8","TN GOVT XII Micro Biology CH08","155","190","9","6","0","0","0","0","0","9","true","No student-ready questions; review/extraction needed"
"12-microbiology-english-6a36a404","Microbiology","English","","tb-12-microbiology-english-6a36a404-ch-9","9","TN GOVT XII Micro Biology CH09","192","208","16","2","0","0","0","0","0","16","true","No student-ready questions; review/extraction needed"
"12-microbiology-english-6a36a404","Microbiology","English","","tb-12-microbiology-english-6a36a404-ch-10","10","TN GOVT XII Micro Biology CH10","210","232","8","1","0","0","0","0","0","8","true","No student-ready questions; review/extraction needed"
"12-microbiology-english-6a36a404","Microbiology","English","","tb-12-microbiology-english-6a36a404-ch-11","11","TN GOVT XII Micro Biology CH11","234","251","12","7","0","0","0","0","0","12","true","No student-ready questions; review/extraction needed"
"12-microbiology-english-6a36a404","Microbiology","English","","tb-12-microbiology-english-6a36a404-ch-12","12","TN GOVT XII Micro Biology CH12","253","291","24","22","0","0","0","0","0","24","true","No student-ready questions; review/extraction needed"
"12-microbiology-tamil-a879259a","Microbiology","Tamil","","tb-12-microbiology-tamil-a879259a-ch-1","1","TN GOVT XII Micro Biology TAMIL CH01","5","","4","0","0","0","0","0","0","4","false","No book-back candidates identified; inspect original exercise"
"12-microbiology-tamil-a879259a","Microbiology","Tamil","","tb-12-microbiology-tamil-a879259a-ch-2","2","TN GOVT XII Micro Biology TAMIL CH02","14","","10","0","0","0","0","0","0","10","false","No book-back candidates identified; inspect original exercise"
"12-microbiology-tamil-a879259a","Microbiology","Tamil","","tb-12-microbiology-tamil-a879259a-ch-3","3","TN GOVT XII Micro Biology TAMIL CH03","30","45","10","10","0","0","0","0","0","10","true","No student-ready questions; review/extraction needed"
"12-microbiology-tamil-a879259a","Microbiology","Tamil","","tb-12-microbiology-tamil-a879259a-ch-4","4","TN GOVT XII Micro Biology TAMIL CH04","47","","9","0","0","0","0","0","0","9","false","No book-back candidates identified; inspect original exercise"
"12-microbiology-tamil-a879259a","Microbiology","Tamil","","tb-12-microbiology-tamil-a879259a-ch-5","5","TN GOVT XII Micro Biology TAMIL CH05","71","","8","0","0","0","0","0","0","8","false","No book-back candidates identified; inspect original exercise"
"12-microbiology-tamil-a879259a","Microbiology","Tamil","","tb-12-microbiology-tamil-a879259a-ch-6","6","TN GOVT XII Micro Biology TAMIL CH06","89","","4","0","0","0","0","0","0","4","false","No book-back candidates identified; inspect original exercise"
"12-microbiology-tamil-a879259a","Microbiology","Tamil","","tb-12-microbiology-tamil-a879259a-ch-7","7","TN GOVT XII Micro Biology TAMIL CH07","118","153","14","10","0","0","0","0","0","14","true","No student-ready questions; review/extraction needed"
"12-microbiology-tamil-a879259a","Microbiology","Tamil","","tb-12-microbiology-tamil-a879259a-ch-8","8","TN GOVT XII Micro Biology TAMIL CH08","155","","11","0","0","0","0","0","0","11","false","No book-back candidates identified; inspect original exercise"
"12-microbiology-tamil-a879259a","Microbiology","Tamil","","tb-12-microbiology-tamil-a879259a-ch-9","9","TN GOVT XII Micro Biology TAMIL CH09","193","","14","0","0","0","0","0","0","14","false","No book-back candidates identified; inspect original exercise"
"12-microbiology-tamil-a879259a","Microbiology","Tamil","","tb-12-microbiology-tamil-a879259a-ch-10","10","TN GOVT XII Micro Biology TAMIL CH10","211","233","8","6","0","0","0","0","0","8","true","No student-ready questions; review/extraction needed"
"12-microbiology-tamil-a879259a","Microbiology","Tamil","","tb-12-microbiology-tamil-a879259a-ch-11","11","TN GOVT XII Micro Biology TAMIL CH11","235","253","9","9","0","0","0","0","0","9","true","No student-ready questions; review/extraction needed"
"12-microbiology-tamil-a879259a","Microbiology","Tamil","","tb-12-microbiology-tamil-a879259a-ch-12","12","TN GOVT XII Micro Biology TAMIL CH12","254","289","23","22","0","0","0","0","0","23","true","No student-ready questions; review/extraction needed"
"12-nursing-vocational-english-6c60782a","Nursing Vocational","English","","tb-12-nursing-vocational-english-6c60782a-ch-1","1","Chapter 1","11","","7","0","0","0","0","0","0","7","false","No book-back candidates identified; inspect original exercise"
"12-nursing-vocational-english-6c60782a","Nursing Vocational","English","","tb-12-nursing-vocational-english-6c60782a-ch-2","2","Chapter 2","33","62","10","10","0","0","0","0","0","10","true","No student-ready questions; review/extraction needed"
"12-nursing-vocational-english-6c60782a","Nursing Vocational","English","","tb-12-nursing-vocational-english-6c60782a-ch-3","3","Chapter 3","64","111","11","10","0","0","0","0","0","11","true","No student-ready questions; review/extraction needed"
"12-nursing-vocational-english-6c60782a","Nursing Vocational","English","","tb-12-nursing-vocational-english-6c60782a-ch-4","4","Chapter 4","113","149","11","10","0","0","0","0","0","11","true","No student-ready questions; review/extraction needed"
"12-nursing-vocational-english-6c60782a","Nursing Vocational","English","","tb-12-nursing-vocational-english-6c60782a-ch-5","5","Chapter 5","151","187","12","11","0","0","0","0","0","12","true","No student-ready questions; review/extraction needed"
"12-nursing-vocational-english-6c60782a","Nursing Vocational","English","","tb-12-nursing-vocational-english-6c60782a-ch-6","6","Chapter 6","190","216","13","11","0","0","0","0","0","13","true","No student-ready questions; review/extraction needed"
"12-nursing-vocational-english-6c60782a","Nursing Vocational","English","","tb-12-nursing-vocational-english-6c60782a-ch-7","7","Chapter 7","218","226","6","6","0","0","0","0","0","6","true","No student-ready questions; review/extraction needed"
"12-nursing-vocational-english-6c60782a","Nursing Vocational","English","","tb-12-nursing-vocational-english-6c60782a-ch-8","8","Chapter 8","238","249","6","6","0","0","0","0","0","6","true","No student-ready questions; review/extraction needed"
"12-nursing-vocational-english-6c60782a","Nursing Vocational","English","","tb-12-nursing-vocational-english-6c60782a-ch-9","9","Chapter 9","251","270","1","1","0","0","0","0","0","1","true","No student-ready questions; review/extraction needed"
"12-nursing-vocational-english-6c60782a","Nursing Vocational","English","","tb-12-nursing-vocational-english-6c60782a-ch-10","10","Chapter 10","272","285","10","10","0","0","0","0","0","10","true","No student-ready questions; review/extraction needed"
"12-nursing-vocational-english-6c60782a","Nursing Vocational","English","","tb-12-nursing-vocational-english-6c60782a-ch-11","11","Chapter 11","287","300","25","8","0","0","0","0","0","25","true","No student-ready questions; review/extraction needed"
"12-nursing-vocational-tamil-7f44a760","Nursing Vocational","Tamil","","tb-12-nursing-vocational-tamil-7f44a760-ch-1","1","Chapter 1","9","","7","0","0","0","0","0","0","7","false","No book-back candidates identified; inspect original exercise"
"12-nursing-vocational-tamil-7f44a760","Nursing Vocational","Tamil","","tb-12-nursing-vocational-tamil-7f44a760-ch-2","2","Chapter 2","34","64","10","5","0","0","0","0","0","10","true","No student-ready questions; review/extraction needed"
"12-nursing-vocational-tamil-7f44a760","Nursing Vocational","Tamil","","tb-12-nursing-vocational-tamil-7f44a760-ch-3","3","Chapter 3","66","","11","0","0","0","0","0","0","11","false","No book-back candidates identified; inspect original exercise"
"12-nursing-vocational-tamil-7f44a760","Nursing Vocational","Tamil","","tb-12-nursing-vocational-tamil-7f44a760-ch-4","4","Chapter 4","118","132","10","10","0","0","0","0","0","10","true","No student-ready questions; review/extraction needed"
"12-nursing-vocational-tamil-7f44a760","Nursing Vocational","Tamil","","tb-12-nursing-vocational-tamil-7f44a760-ch-5","5","Chapter 5","156","","13","0","0","0","0","0","0","13","false","No book-back candidates identified; inspect original exercise"
"12-nursing-vocational-tamil-7f44a760","Nursing Vocational","Tamil","","tb-12-nursing-vocational-tamil-7f44a760-ch-6","6","Chapter 6","203","","13","0","0","0","0","0","0","13","false","No book-back candidates identified; inspect original exercise"
"12-nursing-vocational-tamil-7f44a760","Nursing Vocational","Tamil","","tb-12-nursing-vocational-tamil-7f44a760-ch-7","7","Chapter 7","235","","5","0","0","0","0","0","0","5","false","No book-back candidates identified; inspect original exercise"
"12-nursing-vocational-tamil-7f44a760","Nursing Vocational","Tamil","","tb-12-nursing-vocational-tamil-7f44a760-ch-8","8","Chapter 8","255","","5","0","0","0","0","0","0","5","false","No book-back candidates identified; inspect original exercise"
"12-nursing-vocational-tamil-7f44a760","Nursing Vocational","Tamil","","tb-12-nursing-vocational-tamil-7f44a760-ch-9","9","Chapter 9","269","287","10","10","0","0","0","0","0","10","true","No student-ready questions; review/extraction needed"
"12-nursing-vocational-tamil-7f44a760","Nursing Vocational","Tamil","","tb-12-nursing-vocational-tamil-7f44a760-ch-10","10","Chapter 10","289","303","10","10","0","0","0","0","0","10","true","No student-ready questions; review/extraction needed"
"12-nursing-vocational-tamil-7f44a760","Nursing Vocational","Tamil","","tb-12-nursing-vocational-tamil-7f44a760-ch-11","11","Chapter 11","305","322","27","14","0","0","0","0","0","27","true","No student-ready questions; review/extraction needed"
"12-nutrition-and-dietetics-english-3d2e918e","Nutrition and Dietetics","English","","tb-12-nutrition-and-dietetics-english-3d2e918e-ch-1","1","Chapter 1","7","23","17","16","0","0","0","0","0","17","true","No student-ready questions; review/extraction needed"
"12-nutrition-and-dietetics-english-3d2e918e","Nutrition and Dietetics","English","","tb-12-nutrition-and-dietetics-english-3d2e918e-ch-3","3","Chapter 3","50","73","20","10","0","0","0","0","0","20","true","No student-ready questions; review/extraction needed"
"12-nutrition-and-dietetics-english-3d2e918e","Nutrition and Dietetics","English","","tb-12-nutrition-and-dietetics-english-3d2e918e-ch-4","4","Chapter 4","77","87","7","7","0","0","0","0","0","7","true","No student-ready questions; review/extraction needed"
"12-nutrition-and-dietetics-english-3d2e918e","Nutrition and Dietetics","English","","tb-12-nutrition-and-dietetics-english-3d2e918e-ch-5","5","Chapter 5","88","102","5","5","0","0","0","0","0","5","true","No student-ready questions; review/extraction needed"
"12-nutrition-and-dietetics-english-3d2e918e","Nutrition and Dietetics","English","","tb-12-nutrition-and-dietetics-english-3d2e918e-ch-6","6","Chapter 6","103","115","4","4","0","0","0","0","0","4","true","No student-ready questions; review/extraction needed"
"12-nutrition-and-dietetics-english-3d2e918e","Nutrition and Dietetics","English","","tb-12-nutrition-and-dietetics-english-3d2e918e-ch-7","7","Chapter 7","116","128","4","4","0","0","0","0","0","4","true","No student-ready questions; review/extraction needed"
"12-nutrition-and-dietetics-english-3d2e918e","Nutrition and Dietetics","English","","tb-12-nutrition-and-dietetics-english-3d2e918e-ch-8","8","Chapter 8","129","147","2","2","0","0","0","0","0","2","true","No student-ready questions; review/extraction needed"
"12-nutrition-and-dietetics-english-3d2e918e","Nutrition and Dietetics","English","","tb-12-nutrition-and-dietetics-english-3d2e918e-ch-9","9","Chapter 9","148","166","5","5","0","0","0","0","0","5","true","No student-ready questions; review/extraction needed"
"12-nutrition-and-dietetics-english-3d2e918e","Nutrition and Dietetics","English","","tb-12-nutrition-and-dietetics-english-3d2e918e-ch-10","10","Chapter 10","167","179","5","5","0","0","0","0","0","5","true","No student-ready questions; review/extraction needed"
"12-nutrition-and-dietetics-english-3d2e918e","Nutrition and Dietetics","English","","tb-12-nutrition-and-dietetics-english-3d2e918e-ch-11","11","Chapter 11","181","195","7","7","0","0","0","0","0","7","true","No student-ready questions; review/extraction needed"
"12-nutrition-and-dietetics-english-3d2e918e","Nutrition and Dietetics","English","","tb-12-nutrition-and-dietetics-english-3d2e918e-ch-12","12","Chapter 12","197","208","8","8","0","0","0","0","0","8","true","No student-ready questions; review/extraction needed"
"12-office-management-secretaryship-typography-english-6b7b27b2","Office Management, Secretaryship & Typography","English","","tb-12-office-management-secretaryship-typography-english-6b7b27b2-ch-1","1","XII OSS English version CHAPTER 01","9","19","7","5","0","0","0","0","0","7","true","No student-ready questions; review/extraction needed"
"12-office-management-secretaryship-typography-english-6b7b27b2","Office Management, Secretaryship & Typography","English","","tb-12-office-management-secretaryship-typography-english-6b7b27b2-ch-2","2","XII OSS English version CHAPTER 02","21","26","15","11","0","0","0","0","0","15","true","No student-ready questions; review/extraction needed"
"12-office-management-secretaryship-typography-english-6b7b27b2","Office Management, Secretaryship & Typography","English","","tb-12-office-management-secretaryship-typography-english-6b7b27b2-ch-3","3","XII OSS English version CHAPTER 03","34","53","11","4","0","0","0","0","0","11","true","No student-ready questions; review/extraction needed"
"12-office-management-secretaryship-typography-english-6b7b27b2","Office Management, Secretaryship & Typography","English","","tb-12-office-management-secretaryship-typography-english-6b7b27b2-ch-4","4","XII OSS English version CHAPTER 04","56","64","7","4","0","0","0","0","0","7","true","No student-ready questions; review/extraction needed"
"12-office-management-secretaryship-typography-english-6b7b27b2","Office Management, Secretaryship & Typography","English","","tb-12-office-management-secretaryship-typography-english-6b7b27b2-ch-5","5","XII OSS English version CHAPTER 05","67","75","9","1","0","0","0","0","0","9","true","No student-ready questions; review/extraction needed"
"12-office-management-secretaryship-typography-english-6b7b27b2","Office Management, Secretaryship & Typography","English","","tb-12-office-management-secretaryship-typography-english-6b7b27b2-ch-6","6","XII OSS English version CHAPTER 06","78","87","5","5","0","0","0","0","0","5","true","No student-ready questions; review/extraction needed"
"12-office-management-secretaryship-typography-english-6b7b27b2","Office Management, Secretaryship & Typography","English","","tb-12-office-management-secretaryship-typography-english-6b7b27b2-ch-7","7","XII OSS English version CHAPTER 07","89","107","12","6","0","0","0","0","0","12","true","No student-ready questions; review/extraction needed"
"12-office-management-secretaryship-typography-english-6b7b27b2","Office Management, Secretaryship & Typography","English","","tb-12-office-management-secretaryship-typography-english-6b7b27b2-ch-8","8","XII OSS English version CHAPTER 08","110","121","9","7","0","0","0","0","0","9","true","No student-ready questions; review/extraction needed"
"12-office-management-secretaryship-typography-english-6b7b27b2","Office Management, Secretaryship & Typography","English","","tb-12-office-management-secretaryship-typography-english-6b7b27b2-ch-9","9","XII OSS English version CHAPTER 09","124","133","8","3","0","0","0","0","0","8","true","No student-ready questions; review/extraction needed"
"12-office-management-secretaryship-typography-english-6b7b27b2","Office Management, Secretaryship & Typography","English","","tb-12-office-management-secretaryship-typography-english-6b7b27b2-ch-10","10","XII OSS English version CHAPTER 10","135","142","25","8","0","0","0","0","0","25","true","No student-ready questions; review/extraction needed"
"12-office-management-secretaryship-typography-tamil-241b6edf","Office Management, Secretaryship & Typography","Tamil","","tb-12-office-management-secretaryship-typography-tamil-241b6edf-ch-1","1","Chapter 1","9","","7","0","0","0","0","0","0","7","false","No book-back candidates identified; inspect original exercise"
"12-office-management-secretaryship-typography-tamil-241b6edf","Office Management, Secretaryship & Typography","Tamil","","tb-12-office-management-secretaryship-typography-tamil-241b6edf-ch-2","2","Chapter 2","24","","12","0","0","0","0","0","0","12","false","No book-back candidates identified; inspect original exercise"
"12-office-management-secretaryship-typography-tamil-241b6edf","Office Management, Secretaryship & Typography","Tamil","","tb-12-office-management-secretaryship-typography-tamil-241b6edf-ch-3","3","Chapter 3","38","","11","0","0","0","0","0","0","11","false","No book-back candidates identified; inspect original exercise"
"12-office-management-secretaryship-typography-tamil-241b6edf","Office Management, Secretaryship & Typography","Tamil","","tb-12-office-management-secretaryship-typography-tamil-241b6edf-ch-4","4","Chapter 4","64","","10","0","0","0","0","0","0","10","false","No book-back candidates identified; inspect original exercise"
"12-office-management-secretaryship-typography-tamil-241b6edf","Office Management, Secretaryship & Typography","Tamil","","tb-12-office-management-secretaryship-typography-tamil-241b6edf-ch-5","5","Chapter 5","76","","10","0","0","0","0","0","0","10","false","No book-back candidates identified; inspect original exercise"
"12-office-management-secretaryship-typography-tamil-241b6edf","Office Management, Secretaryship & Typography","Tamil","","tb-12-office-management-secretaryship-typography-tamil-241b6edf-ch-6","6","Chapter 6","89","100","2","2","0","0","0","0","0","2","true","No student-ready questions; review/extraction needed"
"12-office-management-secretaryship-typography-tamil-241b6edf","Office Management, Secretaryship & Typography","Tamil","","tb-12-office-management-secretaryship-typography-tamil-241b6edf-ch-7","7","Chapter 7","102","","13","0","0","0","0","0","0","13","false","No book-back candidates identified; inspect original exercise"
"12-office-management-secretaryship-typography-tamil-241b6edf","Office Management, Secretaryship & Typography","Tamil","","tb-12-office-management-secretaryship-typography-tamil-241b6edf-ch-8","8","Chapter 8","124","","10","0","0","0","0","0","0","10","false","No book-back candidates identified; inspect original exercise"
"12-office-management-secretaryship-typography-tamil-241b6edf","Office Management, Secretaryship & Typography","Tamil","","tb-12-office-management-secretaryship-typography-tamil-241b6edf-ch-9","9","Chapter 9","141","","6","0","0","0","0","0","0","6","false","No book-back candidates identified; inspect original exercise"
"12-office-management-secretaryship-typography-tamil-241b6edf","Office Management, Secretaryship & Typography","Tamil","","tb-12-office-management-secretaryship-typography-tamil-241b6edf-ch-10","10","Chapter 10","152","","21","0","0","0","0","0","0","21","false","No book-back candidates identified; inspect original exercise"
"12-physics-english-v1-1b1de8f8","Physics","English","1","tb-12-physics-english-v1-1b1de8f8-ch-1","1","UNIT-1(XII-Physics Vol-1)","9","79","14","13","3","3","3","0","10","11","true","Partial coverage; completeness not independently established"
"12-physics-english-v1-1b1de8f8","Physics","English","1","tb-12-physics-english-v1-1b1de8f8-ch-2","2","UNIT-2(XII-Physics Vol-1)","88","126","16","14","4","4","4","0","10","12","true","Partial coverage; completeness not independently established"
"12-physics-english-v1-1b1de8f8","Physics","English","1","tb-12-physics-english-v1-1b1de8f8-ch-3","3","UNIT-3(XII-Physics Vol-1)","133","197","14","14","1","1","1","0","13","13","true","Partial coverage; completeness not independently established"
"12-physics-english-v1-1b1de8f8","Physics","English","1","tb-12-physics-english-v1-1b1de8f8-ch-4","4","UNIT-4(XII-Physics Vol-1)","203","266","15","13","4","4","4","0","9","11","true","Partial coverage; completeness not independently established"
"12-physics-english-v1-1b1de8f8","Physics","English","1","tb-12-physics-english-v1-1b1de8f8-ch-5","5","UNIT-5(XII-Physics Vol-1)","274","290","17","15","8","8","8","0","7","9","true","Partial coverage; completeness not independently established"
"12-physics-english-v2-0ce6704c","Physics","English","2","tb-12-physics-english-v2-0ce6704c-ch-6","6","UNIT-6(XII-Physics Vol-2) new","9","56","10","5","3","3","3","0","2","7","true","Partial coverage; completeness not independently established"
"12-physics-english-v2-0ce6704c","Physics","English","2","tb-12-physics-english-v2-0ce6704c-ch-7","7","UNIT-7(XII-Physics Vol-2) new","61","110","10","6","4","4","4","0","1","6","true","Partial coverage; completeness not independently established"
"12-physics-english-v2-0ce6704c","Physics","English","2","tb-12-physics-english-v2-0ce6704c-ch-8","8","UNIT-8(XII-Physics Vol-2) New","116","143","13","9","3","3","3","0","6","10","true","Partial coverage; completeness not independently established"
"12-physics-english-v2-0ce6704c","Physics","English","2","tb-12-physics-english-v2-0ce6704c-ch-9","9","UNIT-9(XII-Physics Vol-2) New","149","197","22","15","5","5","5","0","6","17","true","Partial coverage; completeness not independently established"
"12-physics-english-v2-0ce6704c","Physics","English","2","tb-12-physics-english-v2-0ce6704c-ch-10","10","UNIT-10 XII-Physics Vol-2 Part 1","203","254","14","9","4","4","4","0","1","10","true","Partial coverage; completeness not independently established"
"12-physics-english-v2-0ce6704c","Physics","English","2","tb-12-physics-english-v2-0ce6704c-ch-11","11","Unit-11 New","261","290","11","10","10","10","10","0","0","1","true","Partial coverage; completeness not independently established"
"12-physics-tamil-v1-c1623725","Physics","Tamil","1","tb-12-physics-tamil-v1-c1623725-ch-1","1","1 PHYSICS FM Tamil","1","","14","0","0","0","0","0","0","14","false","No book-back candidates identified; inspect original exercise"
"12-physics-tamil-v1-c1623725","Physics","Tamil","1","tb-12-physics-tamil-v1-c1623725-ch-2","2","Chapter 2","88","","13","0","0","0","0","0","0","13","false","No book-back candidates identified; inspect original exercise"
"12-physics-tamil-v1-c1623725","Physics","Tamil","1","tb-12-physics-tamil-v1-c1623725-ch-3","3","Chapter 3","133","","15","0","0","0","0","0","0","15","false","No book-back candidates identified; inspect original exercise"
"12-physics-tamil-v1-c1623725","Physics","Tamil","1","tb-12-physics-tamil-v1-c1623725-ch-4","4","Chapter 4","203","","14","0","0","0","0","0","0","14","false","No book-back candidates identified; inspect original exercise"
"12-physics-tamil-v1-c1623725","Physics","Tamil","1","tb-12-physics-tamil-v1-c1623725-ch-5","5","Chapter 5","275","","16","0","0","0","0","0","0","16","false","No book-back candidates identified; inspect original exercise"
"12-physics-tamil-v1-c1623725","Physics","Tamil","1","tb-12-physics-tamil-v1-c1623725-ch-7","7","7 XII - PHYSICS PRACTICAL SECOND YEAR","295","","4","0","0","0","0","0","0","4","false","No book-back candidates identified; inspect original exercise"
"12-physics-tamil-v1-c1623725","Physics","Tamil","1","tb-12-physics-tamil-v1-c1623725-ch-10","10","10 PH XI Std Acknowledgement","352","","0","0","0","0","0","0","0","0","false","No book-back candidates identified; inspect original exercise"
"12-physics-tamil-v2-fb1fa4de","Physics","Tamil","2","tb-12-physics-tamil-v2-fb1fa4de-ch-6","6","UNIT-6(XII-Physics Vol-2)-Tamil","9","57","10","1","0","0","0","0","0","10","true","No student-ready questions; review/extraction needed"
"12-physics-tamil-v2-fb1fa4de","Physics","Tamil","2","tb-12-physics-tamil-v2-fb1fa4de-ch-7","7","UNIT-7(XII-Physics Vol-2)-Tamil","61","","14","0","0","0","0","0","0","14","false","No book-back candidates identified; inspect original exercise"
"12-physics-tamil-v2-fb1fa4de","Physics","Tamil","2","tb-12-physics-tamil-v2-fb1fa4de-ch-8","8","UNIT-8(XII-Physics Vol-2) Tamil","116","","14","0","0","0","0","0","0","14","false","No book-back candidates identified; inspect original exercise"
"12-physics-tamil-v2-fb1fa4de","Physics","Tamil","2","tb-12-physics-tamil-v2-fb1fa4de-ch-9","9","UNIT-9(XII-Physics Vol-2) Tamil","149","197","23","19","0","0","0","0","0","23","true","No student-ready questions; review/extraction needed"
"12-physics-tamil-v2-fb1fa4de","Physics","Tamil","2","tb-12-physics-tamil-v2-fb1fa4de-ch-10","10","UNIT-10 XII-Physics Vol-2 Tamil Part1","203","","0","0","0","0","0","0","0","0","false","No book-back candidates identified; inspect original exercise"
"12-physics-tamil-v2-fb1fa4de","Physics","Tamil","2","tb-12-physics-tamil-v2-fb1fa4de-ch-11","11","UNIT-11(XII-Physics Vol-2) Tamil","242","","14","0","0","0","0","0","0","14","false","No book-back candidates identified; inspect original exercise"
"12-physics-tamil-v2-fb1fa4de","Physics","Tamil","2","tb-12-physics-tamil-v2-fb1fa4de-ch-12","12","Chapter 12","261","290","11","10","0","0","0","0","0","11","true","No student-ready questions; review/extraction needed"
"12-political-science-english-db4a2e0c","Political Science","English","","tb-12-political-science-english-db4a2e0c-ch-1","1","Chapter 1","9","22","12","12","0","0","0","0","0","12","true","No student-ready questions; review/extraction needed"
"12-political-science-english-db4a2e0c","Political Science","English","","tb-12-political-science-english-db4a2e0c-ch-2","2","Chapter 2","25","47","23","19","0","0","0","0","0","23","true","No student-ready questions; review/extraction needed"
"12-political-science-english-db4a2e0c","Political Science","English","","tb-12-political-science-english-db4a2e0c-ch-3","3","Chapter 3","50","68","15","15","0","0","0","0","0","15","true","No student-ready questions; review/extraction needed"
"12-political-science-english-db4a2e0c","Political Science","English","","tb-12-political-science-english-db4a2e0c-ch-4","4","Chapter 4","71","89","12","11","0","0","0","0","0","12","true","No student-ready questions; review/extraction needed"
"12-political-science-english-db4a2e0c","Political Science","English","","tb-12-political-science-english-db4a2e0c-ch-5","5","Chapter 5","92","112","10","10","0","0","0","0","0","10","true","No student-ready questions; review/extraction needed"
"12-political-science-english-db4a2e0c","Political Science","English","","tb-12-political-science-english-db4a2e0c-ch-6","6","Chapter 6","115","137","18","18","0","0","0","0","0","18","true","No student-ready questions; review/extraction needed"
"12-political-science-english-db4a2e0c","Political Science","English","","tb-12-political-science-english-db4a2e0c-ch-7","7","Chapter 7","141","165","8","8","0","0","0","0","0","8","true","No student-ready questions; review/extraction needed"
"12-political-science-english-db4a2e0c","Political Science","English","","tb-12-political-science-english-db4a2e0c-ch-8","8","Chapter 8","168","193","9","9","0","0","0","0","0","9","true","No student-ready questions; review/extraction needed"
"12-political-science-english-db4a2e0c","Political Science","English","","tb-12-political-science-english-db4a2e0c-ch-9","9","Chapter 9","196","214","9","9","0","0","0","0","0","9","true","No student-ready questions; review/extraction needed"
"12-political-science-english-db4a2e0c","Political Science","English","","tb-12-political-science-english-db4a2e0c-ch-10","10","Chapter 10","216","254","11","11","0","0","0","0","0","11","true","No student-ready questions; review/extraction needed"
"12-political-science-english-db4a2e0c","Political Science","English","","tb-12-political-science-english-db4a2e0c-ch-11","11","Chapter 11","257","282","6","6","0","0","0","0","0","6","true","No student-ready questions; review/extraction needed"
"12-political-science-english-db4a2e0c","Political Science","English","","tb-12-political-science-english-db4a2e0c-ch-12","12","Chapter 12","285","307","10","10","0","0","0","0","0","10","true","No student-ready questions; review/extraction needed"
"12-political-science-tamil-5da94964","Political Science","Tamil","","tb-12-political-science-tamil-5da94964-ch-1","1","Chapter 1","9","","15","0","0","0","0","0","0","15","false","No book-back candidates identified; inspect original exercise"
"12-political-science-tamil-5da94964","Political Science","Tamil","","tb-12-political-science-tamil-5da94964-ch-2","2","Chapter 2","27","51","23","19","0","0","0","0","0","23","true","No student-ready questions; review/extraction needed"
"12-political-science-tamil-5da94964","Political Science","Tamil","","tb-12-political-science-tamil-5da94964-ch-3","3","Chapter 3","55","","15","0","0","0","0","0","0","15","false","No book-back candidates identified; inspect original exercise"
"12-political-science-tamil-5da94964","Political Science","Tamil","","tb-12-political-science-tamil-5da94964-ch-4","4","Chapter 4","76","","12","0","0","0","0","0","0","12","false","No book-back candidates identified; inspect original exercise"
"12-political-science-tamil-5da94964","Political Science","Tamil","","tb-12-political-science-tamil-5da94964-ch-5","5","Chapter 5","101","109","11","1","0","0","0","0","0","11","true","No student-ready questions; review/extraction needed"
"12-political-science-tamil-5da94964","Political Science","Tamil","","tb-12-political-science-tamil-5da94964-ch-6","6","Chapter 6","124","","18","0","0","0","0","0","0","18","false","No book-back candidates identified; inspect original exercise"
"12-political-science-tamil-5da94964","Political Science","Tamil","","tb-12-political-science-tamil-5da94964-ch-7","7","Chapter 7","149","173","6","6","0","0","0","0","0","6","true","No student-ready questions; review/extraction needed"
"12-political-science-tamil-5da94964","Political Science","Tamil","","tb-12-political-science-tamil-5da94964-ch-8","8","Chapter 8","176","","10","0","0","0","0","0","0","10","false","No book-back candidates identified; inspect original exercise"
"12-political-science-tamil-5da94964","Political Science","Tamil","","tb-12-political-science-tamil-5da94964-ch-9","9","Chapter 9","208","231","9","9","0","0","0","0","0","9","true","No student-ready questions; review/extraction needed"
"12-political-science-tamil-5da94964","Political Science","Tamil","","tb-12-political-science-tamil-5da94964-ch-10","10","Chapter 10","234","","11","0","0","0","0","0","0","11","false","No book-back candidates identified; inspect original exercise"
"12-political-science-tamil-5da94964","Political Science","Tamil","","tb-12-political-science-tamil-5da94964-ch-11","11","Chapter 11","279","","9","0","0","0","0","0","0","9","false","No book-back candidates identified; inspect original exercise"
"12-political-science-tamil-5da94964","Political Science","Tamil","","tb-12-political-science-tamil-5da94964-ch-12","12","Chapter 12","312","338","10","10","0","0","0","0","0","10","true","No student-ready questions; review/extraction needed"
"12-statistics-english-1489a12e","Statistics","English","","tb-12-statistics-english-1489a12e-ch-1","1","Chapter 1","7","34","18","18","6","6","6","0","12","12","true","Partial coverage; completeness not independently established"
"12-statistics-english-1489a12e","Statistics","English","","tb-12-statistics-english-1489a12e-ch-2","2","Chapter 2","43","76","16","16","7","7","7","0","9","9","true","Partial coverage; completeness not independently established"
"12-statistics-english-1489a12e","Statistics","English","","tb-12-statistics-english-1489a12e-ch-3","3","Chapter 3","83","105","19","19","13","13","13","0","6","6","true","Partial coverage; completeness not independently established"
"12-statistics-english-1489a12e","Statistics","English","","tb-12-statistics-english-1489a12e-ch-4","4","Chapter 4","112","129","21","20","16","16","16","0","4","5","true","Partial coverage; completeness not independently established"
"12-statistics-english-1489a12e","Statistics","English","","tb-12-statistics-english-1489a12e-ch-5","5","Chapter 5","135","154","20","18","14","14","14","0","4","6","true","Partial coverage; completeness not independently established"
"12-statistics-english-1489a12e","Statistics","English","","tb-12-statistics-english-1489a12e-ch-6","6","Chapter 6","159","182","14","10","9","9","9","0","1","5","true","Partial coverage; completeness not independently established"
"12-statistics-english-1489a12e","Statistics","English","","tb-12-statistics-english-1489a12e-ch-7","7","Chapter 7","188","207","16","15","15","15","15","0","0","1","true","Partial coverage; completeness not independently established"
"12-statistics-english-1489a12e","Statistics","English","","tb-12-statistics-english-1489a12e-ch-8","8","Chapter 8","214","245","20","19","19","19","19","0","0","1","true","Partial coverage; completeness not independently established"
"12-statistics-english-1489a12e","Statistics","English","","tb-12-statistics-english-1489a12e-ch-9","9","Chapter 9","253","258","11","9","0","0","0","0","0","11","true","No student-ready questions; review/extraction needed"
"12-statistics-tamil-c1143d1d","Statistics","Tamil","","tb-12-statistics-tamil-c1143d1d-ch-1","1","Chapter 1","7","","20","0","0","0","0","0","0","20","false","No book-back candidates identified; inspect original exercise"
"12-statistics-tamil-c1143d1d","Statistics","Tamil","","tb-12-statistics-tamil-c1143d1d-ch-2","2","Chapter 2","48","83","15","15","0","0","0","0","0","15","true","No student-ready questions; review/extraction needed"
"12-statistics-tamil-c1143d1d","Statistics","Tamil","","tb-12-statistics-tamil-c1143d1d-ch-3","3","Chapter 3","90","","21","0","0","0","0","0","0","21","false","No book-back candidates identified; inspect original exercise"
"12-statistics-tamil-c1143d1d","Statistics","Tamil","","tb-12-statistics-tamil-c1143d1d-ch-4","4","Chapter 4","121","","21","0","0","0","0","0","0","21","false","No book-back candidates identified; inspect original exercise"
"12-statistics-tamil-c1143d1d","Statistics","Tamil","","tb-12-statistics-tamil-c1143d1d-ch-5","5","Chapter 5","145","164","21","21","0","0","0","0","0","21","true","No student-ready questions; review/extraction needed"
"12-statistics-tamil-c1143d1d","Statistics","Tamil","","tb-12-statistics-tamil-c1143d1d-ch-6","6","Chapter 6","169","","15","0","0","0","0","0","0","15","false","No book-back candidates identified; inspect original exercise"
"12-statistics-tamil-c1143d1d","Statistics","Tamil","","tb-12-statistics-tamil-c1143d1d-ch-7","7","Chapter 7","200","","16","0","0","0","0","0","0","16","false","No book-back candidates identified; inspect original exercise"
"12-statistics-tamil-c1143d1d","Statistics","Tamil","","tb-12-statistics-tamil-c1143d1d-ch-8","8","Chapter 8","226","","21","0","0","0","0","0","0","21","false","No book-back candidates identified; inspect original exercise"
"12-statistics-tamil-c1143d1d","Statistics","Tamil","","tb-12-statistics-tamil-c1143d1d-ch-9","9","Chapter 9","269","","9","0","0","0","0","0","0","9","false","No book-back candidates identified; inspect original exercise"
"12-tamil-tamil-7db1698f","Tamil","Tamil","","tb-12-tamil-tamil-7db1698f-ch-1","1","Textbook exercises","1","","67","0","0","0","0","0","0","67","false","No book-back candidates identified; inspect original exercise"
"12-textile-technology-tamil-648797c8","Textile Technology","Tamil","","tb-12-textile-technology-tamil-648797c8-ch-1","1","நிறம் பருவகால","9","","9","0","0","0","0","0","0","9","false","No book-back candidates identified; inspect original exercise"
"12-textile-technology-tamil-648797c8","Textile Technology","Tamil","","tb-12-textile-technology-tamil-648797c8-ch-2","2","Chapter 2","33","49","5","5","0","0","0","0","5","5","true","No student-ready questions; review/extraction needed"
"12-textile-technology-tamil-648797c8","Textile Technology","Tamil","","tb-12-textile-technology-tamil-648797c8-ch-3","3","Chapter 3","50","65","5","5","0","0","0","0","5","5","true","No student-ready questions; review/extraction needed"
"12-textile-technology-tamil-648797c8","Textile Technology","Tamil","","tb-12-textile-technology-tamil-648797c8-ch-4","4","Chapter 4","67","79","5","5","0","0","0","0","5","5","true","No student-ready questions; review/extraction needed"
"12-textile-technology-tamil-648797c8","Textile Technology","Tamil","","tb-12-textile-technology-tamil-648797c8-ch-5","5","Chapter 5","81","103","6","6","0","0","0","0","6","6","true","No student-ready questions; review/extraction needed"
"12-textile-technology-tamil-648797c8","Textile Technology","Tamil","","tb-12-textile-technology-tamil-648797c8-ch-6","6","Chapter 6","104","","5","0","0","0","0","0","0","5","false","No book-back candidates identified; inspect original exercise"
"12-textile-technology-tamil-648797c8","Textile Technology","Tamil","","tb-12-textile-technology-tamil-648797c8-ch-7","7","Chapter 7","133","140","5","5","0","0","0","0","5","5","true","No student-ready questions; review/extraction needed"
"12-textile-technology-tamil-648797c8","Textile Technology","Tamil","","tb-12-textile-technology-tamil-648797c8-ch-8","8","Chapter 8","142","","10","0","0","0","0","0","0","10","false","No book-back candidates identified; inspect original exercise"
"12-textile-technology-tamil-648797c8","Textile Technology","Tamil","","tb-12-textile-technology-tamil-648797c8-ch-9","9","Chapter 9","166","193","5","5","0","0","0","0","5","5","true","No student-ready questions; review/extraction needed"
"12-textile-technology-tamil-648797c8","Textile Technology","Tamil","","tb-12-textile-technology-tamil-648797c8-ch-10","10","Chapter 10","195","213","9","4","0","0","0","0","4","9","true","No student-ready questions; review/extraction needed"
"12-textile-technology-tamil-648797c8","Textile Technology","Tamil","","tb-12-textile-technology-tamil-648797c8-ch-11","11","Chapter 11","215","226","4","4","0","0","0","0","4","4","true","No student-ready questions; review/extraction needed"
"12-textile-technology-tamil-648797c8","Textile Technology","Tamil","","tb-12-textile-technology-tamil-648797c8-ch-12","12","Chapter 12","228","248","5","5","0","0","0","0","5","5","true","No student-ready questions; review/extraction needed"
"12-textile-technology-tamil-648797c8","Textile Technology","Tamil","","tb-12-textile-technology-tamil-648797c8-ch-13","13","Chapter 13","250","270","5","5","0","0","0","0","5","5","true","No student-ready questions; review/extraction needed"
"12-textile-technology-tamil-648797c8","Textile Technology","Tamil","","tb-12-textile-technology-tamil-648797c8-ch-14","14","Chapter 14","271","281","5","5","0","0","0","0","5","5","true","No student-ready questions; review/extraction needed"
"12-textile-technology-tamil-648797c8","Textile Technology","Tamil","","tb-12-textile-technology-tamil-648797c8-ch-15","15","Chapter 15","283","296","21","21","0","0","0","0","17","21","true","No student-ready questions; review/extraction needed"
"12-textiles-and-dress-designing-english-1ceb8fbe","Textiles and Dress Designing","English","","tb-12-textiles-and-dress-designing-english-1ceb8fbe-ch-1","1","● ● To improve the appearance of the","9","25","9","3","3","3","3","0","0","6","true","Partial coverage; completeness not independently established"
"12-textiles-and-dress-designing-english-1ceb8fbe","Textiles and Dress Designing","English","","tb-12-textiles-and-dress-designing-english-1ceb8fbe-ch-2","2","Chapter 2","28","40","5","5","5","5","5","0","0","0","true","Partial coverage; completeness not independently established"
"12-textiles-and-dress-designing-english-1ceb8fbe","Textiles and Dress Designing","English","","tb-12-textiles-and-dress-designing-english-1ceb8fbe-ch-3","3","Chapter 3","42","54","5","5","5","5","5","0","0","0","true","Partial coverage; completeness not independently established"
"12-textiles-and-dress-designing-english-1ceb8fbe","Textiles and Dress Designing","English","","tb-12-textiles-and-dress-designing-english-1ceb8fbe-ch-4","4","Chapter 4","55","64","3","3","3","3","3","0","0","0","true","Partial coverage; completeness not independently established"
"12-textiles-and-dress-designing-english-1ceb8fbe","Textiles and Dress Designing","English","","tb-12-textiles-and-dress-designing-english-1ceb8fbe-ch-5","5","Chapter 5","65","82","7","6","6","6","6","0","0","1","true","Partial coverage; completeness not independently established"
"12-textiles-and-dress-designing-english-1ceb8fbe","Textiles and Dress Designing","English","","tb-12-textiles-and-dress-designing-english-1ceb8fbe-ch-6","6","Chapter 6","83","106","5","4","3","3","3","0","1","2","true","Partial coverage; completeness not independently established"
"12-textiles-and-dress-designing-english-1ceb8fbe","Textiles and Dress Designing","English","","tb-12-textiles-and-dress-designing-english-1ceb8fbe-ch-7","7","Chapter 7","108","113","5","5","3","3","3","0","2","2","true","Partial coverage; completeness not independently established"
"12-textiles-and-dress-designing-english-1ceb8fbe","Textiles and Dress Designing","English","","tb-12-textiles-and-dress-designing-english-1ceb8fbe-ch-8","8","Chapter 8","115","133","10","10","9","9","9","0","1","1","true","Partial coverage; completeness not independently established"
"12-textiles-and-dress-designing-english-1ceb8fbe","Textiles and Dress Designing","English","","tb-12-textiles-and-dress-designing-english-1ceb8fbe-ch-9","9","Chapter 9","135","157","5","5","5","5","5","0","0","0","true","Partial coverage; completeness not independently established"
"12-textiles-and-dress-designing-english-1ceb8fbe","Textiles and Dress Designing","English","","tb-12-textiles-and-dress-designing-english-1ceb8fbe-ch-10","10","Chapter 10","159","173","8","4","4","4","4","0","0","4","true","Partial coverage; completeness not independently established"
"12-textiles-and-dress-designing-english-1ceb8fbe","Textiles and Dress Designing","English","","tb-12-textiles-and-dress-designing-english-1ceb8fbe-ch-11","11","Chapter 11","175","183","4","4","4","4","4","0","0","0","true","Partial coverage; completeness not independently established"
"12-textiles-and-dress-designing-english-1ceb8fbe","Textiles and Dress Designing","English","","tb-12-textiles-and-dress-designing-english-1ceb8fbe-ch-12","12","Chapter 12","185","203","5","5","5","5","5","0","0","0","true","Partial coverage; completeness not independently established"
"12-textiles-and-dress-designing-english-1ceb8fbe","Textiles and Dress Designing","English","","tb-12-textiles-and-dress-designing-english-1ceb8fbe-ch-13","13","Chapter 13","204","221","5","5","0","0","0","0","0","5","true","No student-ready questions; review/extraction needed"
"12-textiles-and-dress-designing-english-1ceb8fbe","Textiles and Dress Designing","English","","tb-12-textiles-and-dress-designing-english-1ceb8fbe-ch-14","14","Chapter 14","222","230","4","4","0","0","0","0","0","4","true","No student-ready questions; review/extraction needed"
"12-textiles-and-dress-designing-english-1ceb8fbe","Textiles and Dress Designing","English","","tb-12-textiles-and-dress-designing-english-1ceb8fbe-ch-15","15","Chapter 15","231","240","24","6","6","6","6","0","0","18","true","Partial coverage; completeness not independently established"
"12-textiles-and-dress-designing-tamil-3650ec00","Textiles and Dress Designing","Tamil","","tb-12-textiles-and-dress-designing-tamil-3650ec00-ch-1","1","நிறம் பருவகால","9","","9","0","0","0","0","0","0","9","false","No book-back candidates identified; inspect original exercise"
"12-textiles-and-dress-designing-tamil-3650ec00","Textiles and Dress Designing","Tamil","","tb-12-textiles-and-dress-designing-tamil-3650ec00-ch-2","2","Chapter 2","33","49","5","5","0","0","0","0","5","5","true","No student-ready questions; review/extraction needed"
"12-textiles-and-dress-designing-tamil-3650ec00","Textiles and Dress Designing","Tamil","","tb-12-textiles-and-dress-designing-tamil-3650ec00-ch-3","3","Chapter 3","50","65","5","5","0","0","0","0","5","5","true","No student-ready questions; review/extraction needed"
"12-textiles-and-dress-designing-tamil-3650ec00","Textiles and Dress Designing","Tamil","","tb-12-textiles-and-dress-designing-tamil-3650ec00-ch-4","4","Chapter 4","67","79","5","5","0","0","0","0","5","5","true","No student-ready questions; review/extraction needed"
"12-textiles-and-dress-designing-tamil-3650ec00","Textiles and Dress Designing","Tamil","","tb-12-textiles-and-dress-designing-tamil-3650ec00-ch-5","5","Chapter 5","81","103","6","6","0","0","0","0","6","6","true","No student-ready questions; review/extraction needed"
"12-textiles-and-dress-designing-tamil-3650ec00","Textiles and Dress Designing","Tamil","","tb-12-textiles-and-dress-designing-tamil-3650ec00-ch-6","6","Chapter 6","104","","5","0","0","0","0","0","0","5","false","No book-back candidates identified; inspect original exercise"
"12-textiles-and-dress-designing-tamil-3650ec00","Textiles and Dress Designing","Tamil","","tb-12-textiles-and-dress-designing-tamil-3650ec00-ch-7","7","Chapter 7","133","140","5","5","0","0","0","0","5","5","true","No student-ready questions; review/extraction needed"
"12-textiles-and-dress-designing-tamil-3650ec00","Textiles and Dress Designing","Tamil","","tb-12-textiles-and-dress-designing-tamil-3650ec00-ch-8","8","Chapter 8","142","","10","0","0","0","0","0","0","10","false","No book-back candidates identified; inspect original exercise"
"12-textiles-and-dress-designing-tamil-3650ec00","Textiles and Dress Designing","Tamil","","tb-12-textiles-and-dress-designing-tamil-3650ec00-ch-9","9","Chapter 9","166","193","5","5","0","0","0","0","5","5","true","No student-ready questions; review/extraction needed"
"12-textiles-and-dress-designing-tamil-3650ec00","Textiles and Dress Designing","Tamil","","tb-12-textiles-and-dress-designing-tamil-3650ec00-ch-10","10","Chapter 10","195","213","9","4","0","0","0","0","4","9","true","No student-ready questions; review/extraction needed"
"12-textiles-and-dress-designing-tamil-3650ec00","Textiles and Dress Designing","Tamil","","tb-12-textiles-and-dress-designing-tamil-3650ec00-ch-11","11","Chapter 11","215","226","4","4","0","0","0","0","4","4","true","No student-ready questions; review/extraction needed"
"12-textiles-and-dress-designing-tamil-3650ec00","Textiles and Dress Designing","Tamil","","tb-12-textiles-and-dress-designing-tamil-3650ec00-ch-12","12","Chapter 12","228","248","5","5","0","0","0","0","5","5","true","No student-ready questions; review/extraction needed"
"12-textiles-and-dress-designing-tamil-3650ec00","Textiles and Dress Designing","Tamil","","tb-12-textiles-and-dress-designing-tamil-3650ec00-ch-13","13","Chapter 13","250","270","5","5","0","0","0","0","5","5","true","No student-ready questions; review/extraction needed"
"12-textiles-and-dress-designing-tamil-3650ec00","Textiles and Dress Designing","Tamil","","tb-12-textiles-and-dress-designing-tamil-3650ec00-ch-14","14","Chapter 14","271","281","5","5","0","0","0","0","5","5","true","No student-ready questions; review/extraction needed"
"12-textiles-and-dress-designing-tamil-3650ec00","Textiles and Dress Designing","Tamil","","tb-12-textiles-and-dress-designing-tamil-3650ec00-ch-15","15","Chapter 15","283","296","21","21","0","0","0","0","17","21","true","No student-ready questions; review/extraction needed"
"12-zoology-english-788d2d32","Zoology","English","","tb-12-zoology-english-788d2d32-ch-1","1","TN GOVT XII Zoology chapter 1","9","16","5","5","0","0","0","0","0","5","true","No student-ready questions; review/extraction needed"
"12-zoology-english-788d2d32","Zoology","English","","tb-12-zoology-english-788d2d32-ch-2","2","TN GOVT XII Zoology chapter 2","19","36","15","10","0","0","0","0","0","15","true","No student-ready questions; review/extraction needed"
"12-zoology-english-788d2d32","Zoology","English","","tb-12-zoology-english-788d2d32-ch-3","3","TN GOVT XII Zoology chapter 3","40","50","10","5","0","0","0","0","0","10","true","No student-ready questions; review/extraction needed"
"12-zoology-english-788d2d32","Zoology","English","","tb-12-zoology-english-788d2d32-ch-4","4","TN GOVT XII Zoology chapter 4","53","65","22","22","0","0","0","0","0","22","true","No student-ready questions; review/extraction needed"
"12-zoology-english-788d2d32","Zoology","English","","tb-12-zoology-english-788d2d32-ch-5","5","TN GOVT XII Zoology chapter 5","69","95","11","7","0","0","0","0","0","11","true","No student-ready questions; review/extraction needed"
"12-zoology-english-788d2d32","Zoology","English","","tb-12-zoology-english-788d2d32-ch-6","6","TN GOVT XII Zoology chapter 6","100","117","16","16","0","0","0","0","0","16","true","No student-ready questions; review/extraction needed"
"12-zoology-english-788d2d32","Zoology","English","","tb-12-zoology-english-788d2d32-ch-7","7","TN GOVT XII Zoology chapter 7","120","134","15","8","0","0","0","0","0","15","true","No student-ready questions; review/extraction needed"
"12-zoology-english-788d2d32","Zoology","English","","tb-12-zoology-english-788d2d32-ch-8","8","TN GOVT XII Zoology chapter 8","137","152","14","14","0","0","0","0","0","14","true","No student-ready questions; review/extraction needed"
"12-zoology-english-788d2d32","Zoology","English","","tb-12-zoology-english-788d2d32-ch-9","9","TN GOVT XII Zoology chapter 9","156","163","8","4","0","0","0","0","0","8","true","No student-ready questions; review/extraction needed"
"12-zoology-english-788d2d32","Zoology","English","","tb-12-zoology-english-788d2d32-ch-10","10","TN GOVT XII Zoology chapter 10","165","181","9","9","0","0","0","0","0","9","true","No student-ready questions; review/extraction needed"
"12-zoology-english-788d2d32","Zoology","English","","tb-12-zoology-english-788d2d32-ch-11","11","TN GOVT XII Zoology chapter 11","184","201","9","9","0","0","0","0","0","9","true","No student-ready questions; review/extraction needed"
"12-zoology-english-788d2d32","Zoology","English","","tb-12-zoology-english-788d2d32-ch-12","12","TN GOVT XII Zoology chapter 12","205","224","8","8","0","0","0","0","0","8","true","No student-ready questions; review/extraction needed"
"12-zoology-english-788d2d32","Zoology","English","","tb-12-zoology-english-788d2d32-ch-13","13","TN GOVT XII Zoology chapter 13","227","242","107","95","0","0","0","0","0","107","true","No student-ready questions; review/extraction needed"
"12-zoology-tamil-3c154dab","Zoology","Tamil","","tb-12-zoology-tamil-3c154dab-ch-1","1","Chapter 1","9","","5","0","0","0","0","0","0","5","false","No book-back candidates identified; inspect original exercise"
"12-zoology-tamil-3c154dab","Zoology","Tamil","","tb-12-zoology-tamil-3c154dab-ch-2","2","Chapter 2","20","","16","0","0","0","0","0","0","16","false","No book-back candidates identified; inspect original exercise"
"12-zoology-tamil-3c154dab","Zoology","Tamil","","tb-12-zoology-tamil-3c154dab-ch-3","3","Chapter 3","44","57","7","6","0","0","0","0","0","7","true","No student-ready questions; review/extraction needed"
"12-zoology-tamil-3c154dab","Zoology","Tamil","","tb-12-zoology-tamil-3c154dab-ch-4","4","Chapter 4","61","77","24","24","0","0","0","0","0","24","true","No student-ready questions; review/extraction needed"
"12-zoology-tamil-3c154dab","Zoology","Tamil","","tb-12-zoology-tamil-3c154dab-ch-5","5","Chapter 5","81","","12","0","0","0","0","0","0","12","false","No book-back candidates identified; inspect original exercise"
"12-zoology-tamil-3c154dab","Zoology","Tamil","","tb-12-zoology-tamil-3c154dab-ch-6","6","Chapter 6","117","139","16","16","0","0","0","0","0","16","true","No student-ready questions; review/extraction needed"
"12-zoology-tamil-3c154dab","Zoology","Tamil","","tb-12-zoology-tamil-3c154dab-ch-7","7","Chapter 7","142","158","16","16","0","0","0","0","0","16","true","No student-ready questions; review/extraction needed"
"12-zoology-tamil-3c154dab","Zoology","Tamil","","tb-12-zoology-tamil-3c154dab-ch-8","8","Chapter 8","161","","14","0","0","0","0","0","0","14","false","No book-back candidates identified; inspect original exercise"
"12-zoology-tamil-3c154dab","Zoology","Tamil","","tb-12-zoology-tamil-3c154dab-ch-9","9","Chapter 9","184","","9","0","0","0","0","0","0","9","false","No book-back candidates identified; inspect original exercise"
"12-zoology-tamil-3c154dab","Zoology","Tamil","","tb-12-zoology-tamil-3c154dab-ch-10","10","Chapter 10","196","216","11","11","0","0","0","0","0","11","true","No student-ready questions; review/extraction needed"
"12-zoology-tamil-3c154dab","Zoology","Tamil","","tb-12-zoology-tamil-3c154dab-ch-11","11","Chapter 11","219","241","10","5","0","0","0","0","0","10","true","No student-ready questions; review/extraction needed"
"12-zoology-tamil-3c154dab","Zoology","Tamil","","tb-12-zoology-tamil-3c154dab-ch-12","12","Chapter 12","245","270","9","9","0","0","0","0","0","9","true","No student-ready questions; review/extraction needed"
"12-zoology-tamil-3c154dab","Zoology","Tamil","","tb-12-zoology-tamil-3c154dab-ch-13","13","Chapter 13","273","","112","0","0","0","0","0","0","112","false","No book-back candidates identified; inspect original exercise"
