"priority","bookId","subject","medium","volume","chapterId","chapter","published","bookBackCandidates","pending","prepared","rejected","keyMatched","keyUncertain","exercisePdfPage","states","nextTask","complete"
"0","12-accountancy-tamil-6e7f5476","Accountancy","Tamil","","tb-12-accountancy-tamil-6e7f5476-ch-1","1","0","11","11","10","0","0","10","23","Extracted; Awaiting answer verification; Awaiting teacher review; Needs manual/OCR attention","Individually compare prepared source/key evidence, repair OCR or notation, and explicitly approve or reject.","false"
"0","12-accountancy-tamil-6e7f5476","Accountancy","Tamil","","tb-12-accountancy-tamil-6e7f5476-ch-2","2","0","10","13","10","0","10","0","77","Extracted; Awaiting answer verification; Awaiting teacher review; Needs manual/OCR attention","Individually compare prepared source/key evidence, repair OCR or notation, and explicitly approve or reject.","false"
"0","12-accountancy-tamil-6e7f5476","Accountancy","Tamil","","tb-12-accountancy-tamil-6e7f5476-ch-3","3","0","0","10","0","0","0","0","","Not processed; Awaiting answer verification; Awaiting teacher review; Needs manual/OCR attention","Locate and inventory the original book-back one-mark section; determine whether MCQs exist before transcription.","false"
"0","12-accountancy-tamil-6e7f5476","Accountancy","Tamil","","tb-12-accountancy-tamil-6e7f5476-ch-4","4","0","13","13","8","0","8","0","139","Extracted; Awaiting answer verification; Awaiting teacher review; Needs manual/OCR attention","Individually compare prepared source/key evidence, repair OCR or notation, and explicitly approve or reject.","false"
"0","12-accountancy-tamil-6e7f5476","Accountancy","Tamil","","tb-12-accountancy-tamil-6e7f5476-ch-5","5","0","10","15","10","0","0","10","179","Extracted; Awaiting answer verification; Awaiting teacher review; Needs manual/OCR attention","Individually compare prepared source/key evidence, repair OCR or notation, and explicitly approve or reject.","false"
"0","12-accountancy-tamil-6e7f5476","Accountancy","Tamil","","tb-12-accountancy-tamil-6e7f5476-ch-6","6","0","2","12","0","0","0","0","227","Extracted; Awaiting answer verification; Awaiting teacher review; Needs manual/OCR attention","Verify the printed options and obtain source-supported or teacher-verified answers before approval.","false"
"0","12-accountancy-tamil-6e7f5476","Accountancy","Tamil","","tb-12-accountancy-tamil-6e7f5476-ch-7","7","0","0","13","0","0","0","0","","Not processed; Awaiting answer verification; Awaiting teacher review; Needs manual/OCR attention","Locate and inventory the original book-back one-mark section; determine whether MCQs exist before transcription.","false"
"0","12-accountancy-tamil-6e7f5476","Accountancy","Tamil","","tb-12-accountancy-tamil-6e7f5476-ch-8","8","0","10","31","10","0","10","0","293","Extracted; Awaiting answer verification; Awaiting teacher review; Needs manual/OCR attention","Individually compare prepared source/key evidence, repair OCR or notation, and explicitly approve or reject.","false"
"0","12-accountancy-tamil-6e7f5476","Accountancy","Tamil","","tb-12-accountancy-tamil-6e7f5476-ch-9","9","0","6","30","0","0","0","0","308","Extracted; Awaiting answer verification; Awaiting teacher review; Needs manual/OCR attention","Verify the printed options and obtain source-supported or teacher-verified answers before approval.","false"
"0","12-accountancy-tamil-6e7f5476","Accountancy","Tamil","","tb-12-accountancy-tamil-6e7f5476-ch-10","10","0","10","13","10","0","0","10","363","Extracted; Awaiting answer verification; Awaiting teacher review; Needs manual/OCR attention","Individually compare prepared source/key evidence, repair OCR or notation, and explicitly approve or reject.","false"
"0","12-advanced-tamil-tamil-6679b417","Advanced Tamil","Tamil","","tb-12-advanced-tamil-tamil-6679b417-ch-1","1","0","0","98","0","0","0","0","","Not processed; Awaiting answer verification; Awaiting teacher review; Needs manual/OCR attention","Locate and inventory the original book-back one-mark section; determine whether MCQs exist before transcription.","false"
"0","12-agricultural-science-tamil-1d871464","Agricultural Science","Tamil","","tb-12-agricultural-science-tamil-1d871464-ch-1","1","0","0","36","0","0","0","0","","Not processed; Awaiting answer verification; Awaiting teacher review; Needs manual/OCR attention","Locate and inventory the original book-back one-mark section; determine whether MCQs exist before transcription.","false"
"0","12-agricultural-science-tamil-1d871464","Agricultural Science","Tamil","","tb-12-agricultural-science-tamil-1d871464-ch-2","2","0","0","18","0","0","0","0","","Not processed; Awaiting answer verification; Awaiting teacher review; Needs manual/OCR attention","Locate and inventory the original book-back one-mark section; determine whether MCQs exist before transcription.","false"
"0","12-agricultural-science-tamil-1d871464","Agricultural Science","Tamil","","tb-12-agricultural-science-tamil-1d871464-ch-3","3","0","0","7","0","0","0","0","","Not processed; Awaiting answer verification; Awaiting teacher review; Needs manual/OCR attention","Locate and inventory the original book-back one-mark section; determine whether MCQs exist before transcription.","false"
"0","12-agricultural-science-tamil-1d871464","Agricultural Science","Tamil","","tb-12-agricultural-science-tamil-1d871464-ch-4","4","0","0","12","0","0","0","0","","Not processed; Awaiting answer verification; Awaiting teacher review; Needs manual/OCR attention","Locate and inventory the original book-back one-mark section; determine whether MCQs exist before transcription.","false"
"0","12-agricultural-science-tamil-1d871464","Agricultural Science","Tamil","","tb-12-agricultural-science-tamil-1d871464-ch-5","5","0","0","23","0","0","0","0","","Not processed; Awaiting answer verification; Awaiting teacher review; Needs manual/OCR attention","Locate and inventory the original book-back one-mark section; determine whether MCQs exist before transcription.","false"
"0","12-agricultural-science-tamil-1d871464","Agricultural Science","Tamil","","tb-12-agricultural-science-tamil-1d871464-ch-6","6","0","0","6","0","0","0","0","","Not processed; Awaiting answer verification; Awaiting teacher review; Needs manual/OCR attention","Locate and inventory the original book-back one-mark section; determine whether MCQs exist before transcription.","false"
"0","12-agricultural-science-tamil-1d871464","Agricultural Science","Tamil","","tb-12-agricultural-science-tamil-1d871464-ch-7","7","0","0","15","0","0","0","0","","Not processed; Awaiting answer verification; Awaiting teacher review; Needs manual/OCR attention","Locate and inventory the original book-back one-mark section; determine whether MCQs exist before transcription.","false"
"0","12-agricultural-science-tamil-1d871464","Agricultural Science","Tamil","","tb-12-agricultural-science-tamil-1d871464-ch-8","8","0","0","2","0","0","0","0","","Not processed; Awaiting answer verification; Awaiting teacher review; Needs manual/OCR attention","Locate and inventory the original book-back one-mark section; determine whether MCQs exist before transcription.","false"
"0","12-agricultural-science-tamil-1d871464","Agricultural Science","Tamil","","tb-12-agricultural-science-tamil-1d871464-ch-9","9","0","0","2","0","0","0","0","","Not processed; Awaiting answer verification; Awaiting teacher review; Needs manual/OCR attention","Locate and inventory the original book-back one-mark section; determine whether MCQs exist before transcription.","false"
"0","12-agricultural-science-tamil-1d871464","Agricultural Science","Tamil","","tb-12-agricultural-science-tamil-1d871464-ch-10","10","0","0","0","0","0","0","0","","Not processed","Locate and inventory the original book-back one-mark section; determine whether MCQs exist before transcription.","false"
"0","12-agricultural-science-tamil-1d871464","Agricultural Science","Tamil","","tb-12-agricultural-science-tamil-1d871464-ch-11","11","0","0","1","0","0","0","0","","Not processed; Awaiting answer verification; Awaiting teacher review; Needs manual/OCR attention","Locate and inventory the original book-back one-mark section; determine whether MCQs exist before transcription.","false"
"0","12-agricultural-science-tamil-1d871464","Agricultural Science","Tamil","","tb-12-agricultural-science-tamil-1d871464-ch-12","12","0","0","10","0","0","0","0","","Not processed; Awaiting answer verification; Awaiting teacher review; Needs manual/OCR attention","Locate and inventory the original book-back one-mark section; determine whether MCQs exist before transcription.","false"
"0","12-agricultural-science-tamil-1d871464","Agricultural Science","Tamil","","tb-12-agricultural-science-tamil-1d871464-ch-13","13","0","0","5","0","0","0","0","","Not processed; Awaiting answer verification; Awaiting teacher review; Needs manual/OCR attention","Locate and inventory the original book-back one-mark section; determine whether MCQs exist before transcription.","false"
"0","12-agricultural-science-tamil-1d871464","Agricultural Science","Tamil","","tb-12-agricultural-science-tamil-1d871464-ch-14","14","0","0","10","0","0","0","0","","Not processed; Awaiting answer verification; Awaiting teacher review; Needs manual/OCR attention","Locate and inventory the original book-back one-mark section; determine whether MCQs exist before transcription.","false"
"0","12-auditing-tamil-e1982513","Auditing","Tamil","","tb-12-auditing-tamil-e1982513-ch-1","1","0","0","11","0","0","0","0","","Not processed; Awaiting answer verification; Awaiting teacher review; Needs manual/OCR attention","Locate and inventory the original book-back one-mark section; determine whether MCQs exist before transcription.","false"
"0","12-auditing-tamil-e1982513","Auditing","Tamil","","tb-12-auditing-tamil-e1982513-ch-2","2","0","10","10","0","0","0","0","45","Extracted; Awaiting answer verification; Awaiting teacher review; Needs manual/OCR attention","Verify the printed options and obtain source-supported or teacher-verified answers before approval.","false"
"0","12-auditing-tamil-e1982513","Auditing","Tamil","","tb-12-auditing-tamil-e1982513-ch-3","3","0","0","11","0","0","0","0","","Not processed; Awaiting answer verification; Awaiting teacher review; Needs manual/OCR attention","Locate and inventory the original book-back one-mark section; determine whether MCQs exist before transcription.","false"
"0","12-auditing-tamil-e1982513","Auditing","Tamil","","tb-12-auditing-tamil-e1982513-ch-4","4","0","15","15","0","0","0","0","76","Extracted; Awaiting answer verification; Awaiting teacher review; Needs manual/OCR attention","Verify the printed options and obtain source-supported or teacher-verified answers before approval.","false"
"0","12-auditing-tamil-e1982513","Auditing","Tamil","","tb-12-auditing-tamil-e1982513-ch-5","5","0","20","20","0","0","0","0","92","Extracted; Awaiting answer verification; Awaiting teacher review; Needs manual/OCR attention","Verify the printed options and obtain source-supported or teacher-verified answers before approval.","false"
"0","12-auditing-tamil-e1982513","Auditing","Tamil","","tb-12-auditing-tamil-e1982513-ch-6","6","0","0","10","0","0","0","0","","Not processed; Awaiting answer verification; Awaiting teacher review; Needs manual/OCR attention","Locate and inventory the original book-back one-mark section; determine whether MCQs exist before transcription.","false"
"0","12-auditing-tamil-e1982513","Auditing","Tamil","","tb-12-auditing-tamil-e1982513-ch-7","7","0","0","14","0","0","0","0","","Not processed; Awaiting answer verification; Awaiting teacher review; Needs manual/OCR attention","Locate and inventory the original book-back one-mark section; determine whether MCQs exist before transcription.","false"
"0","12-auditing-tamil-e1982513","Auditing","Tamil","","tb-12-auditing-tamil-e1982513-ch-8","8","0","10","10","0","0","0","0","151","Extracted; Awaiting answer verification; Awaiting teacher review; Needs manual/OCR attention","Verify the printed options and obtain source-supported or teacher-verified answers before approval.","false"
"0","12-auditing-tamil-e1982513","Auditing","Tamil","","tb-12-auditing-tamil-e1982513-ch-9","9","0","0","20","0","0","0","0","","Not processed; Awaiting answer verification; Awaiting teacher review; Needs manual/OCR attention","Locate and inventory the original book-back one-mark section; determine whether MCQs exist before transcription.","false"
"0","12-auditing-tamil-e1982513","Auditing","Tamil","","tb-12-auditing-tamil-e1982513-ch-10","10","0","0","19","0","0","0","0","","Not processed; Awaiting answer verification; Awaiting teacher review; Needs manual/OCR attention","Locate and inventory the original book-back one-mark section; determine whether MCQs exist before transcription.","false"
"0","12-basic-automobile-engineering-tamil-e76f29d2","Basic Automobile Engineering","Tamil","","tb-12-basic-automobile-engineering-tamil-e76f29d2-ch-1","1","0","0","5","0","0","0","0","","Not processed; Awaiting answer verification; Awaiting teacher review; Needs manual/OCR attention","Locate and inventory the original book-back one-mark section; determine whether MCQs exist before transcription.","false"
"0","12-basic-automobile-engineering-tamil-e76f29d2","Basic Automobile Engineering","Tamil","","tb-12-basic-automobile-engineering-tamil-e76f29d2-ch-2","2","0","3","10","0","0","0","0","38","Extracted; Awaiting answer verification; Awaiting teacher review; Needs manual/OCR attention","Verify the printed options and obtain source-supported or teacher-verified answers before approval.","false"
"0","12-basic-automobile-engineering-tamil-e76f29d2","Basic Automobile Engineering","Tamil","","tb-12-basic-automobile-engineering-tamil-e76f29d2-ch-3","3","0","0","10","0","0","0","0","","Not processed; Awaiting answer verification; Awaiting teacher review; Needs manual/OCR attention","Locate and inventory the original book-back one-mark section; determine whether MCQs exist before transcription.","false"
"0","12-basic-automobile-engineering-tamil-e76f29d2","Basic Automobile Engineering","Tamil","","tb-12-basic-automobile-engineering-tamil-e76f29d2-ch-4","4","0","0","10","0","0","0","0","","Not processed; Awaiting answer verification; Awaiting teacher review; Needs manual/OCR attention","Locate and inventory the original book-back one-mark section; determine whether MCQs exist before transcription.","false"
"0","12-basic-automobile-engineering-tamil-e76f29d2","Basic Automobile Engineering","Tamil","","tb-12-basic-automobile-engineering-tamil-e76f29d2-ch-5","5","0","0","10","0","0","0","0","","Not processed; Awaiting answer verification; Awaiting teacher review; Needs manual/OCR attention","Locate and inventory the original book-back one-mark section; determine whether MCQs exist before transcription.","false"
"0","12-basic-automobile-engineering-tamil-e76f29d2","Basic Automobile Engineering","Tamil","","tb-12-basic-automobile-engineering-tamil-e76f29d2-ch-6","6","0","10","10","0","0","0","0","134","Extracted; Awaiting answer verification; Awaiting teacher review; Needs manual/OCR attention","Verify the printed options and obtain source-supported or teacher-verified answers before approval.","false"
"0","12-basic-automobile-engineering-tamil-e76f29d2","Basic Automobile Engineering","Tamil","","tb-12-basic-automobile-engineering-tamil-e76f29d2-ch-7","7","0","0","5","0","0","0","0","","Not processed; Awaiting answer verification; Awaiting teacher review; Needs manual/OCR attention","Locate and inventory the original book-back one-mark section; determine whether MCQs exist before transcription.","false"
"0","12-basic-automobile-engineering-tamil-e76f29d2","Basic Automobile Engineering","Tamil","","tb-12-basic-automobile-engineering-tamil-e76f29d2-ch-8","8","0","0","13","0","0","0","0","","Not processed; Awaiting answer verification; Awaiting teacher review; Needs manual/OCR attention","Locate and inventory the original book-back one-mark section; determine whether MCQs exist before transcription.","false"
"0","12-basic-automobile-engineering-tamil-e76f29d2","Basic Automobile Engineering","Tamil","","tb-12-basic-automobile-engineering-tamil-e76f29d2-ch-9","9","0","0","11","0","0","0","0","","Not processed; Awaiting answer verification; Awaiting teacher review; Needs manual/OCR attention","Locate and inventory the original book-back one-mark section; determine whether MCQs exist before transcription.","false"
"0","12-basic-automobile-engineering-tamil-e76f29d2","Basic Automobile Engineering","Tamil","","tb-12-basic-automobile-engineering-tamil-e76f29d2-ch-10","10","0","15","18","0","0","0","0","239","Extracted; Awaiting answer verification; Awaiting teacher review; Needs manual/OCR attention","Verify the printed options and obtain source-supported or teacher-verified answers before approval.","false"
"0","12-basic-civil-engineering-tamil-122addb5","Basic Civil Engineering","Tamil","","tb-12-basic-civil-engineering-tamil-122addb5-ch-1","1","0","0","6","0","0","0","0","","Not processed; Awaiting answer verification; Awaiting teacher review; Needs manual/OCR attention","Locate and inventory the original book-back one-mark section; determine whether MCQs exist before transcription.","false"
"0","12-basic-civil-engineering-tamil-122addb5","Basic Civil Engineering","Tamil","","tb-12-basic-civil-engineering-tamil-122addb5-ch-2","2","0","0","6","0","0","0","0","","Not processed; Awaiting answer verification; Awaiting teacher review; Needs manual/OCR attention","Locate and inventory the original book-back one-mark section; determine whether MCQs exist before transcription.","false"
"0","12-basic-civil-engineering-tamil-122addb5","Basic Civil Engineering","Tamil","","tb-12-basic-civil-engineering-tamil-122addb5-ch-3","3","0","0","9","0","0","0","0","","Not processed; Awaiting answer verification; Awaiting teacher review; Needs manual/OCR attention","Locate and inventory the original book-back one-mark section; determine whether MCQs exist before transcription.","false"
"0","12-basic-civil-engineering-tamil-122addb5","Basic Civil Engineering","Tamil","","tb-12-basic-civil-engineering-tamil-122addb5-ch-4","4","0","0","8","0","0","0","0","","Not processed; Awaiting answer verification; Awaiting teacher review; Needs manual/OCR attention","Locate and inventory the original book-back one-mark section; determine whether MCQs exist before transcription.","false"
"0","12-basic-civil-engineering-tamil-122addb5","Basic Civil Engineering","Tamil","","tb-12-basic-civil-engineering-tamil-122addb5-ch-5","5","0","0","8","0","0","0","0","","Not processed; Awaiting answer verification; Awaiting teacher review; Needs manual/OCR attention","Locate and inventory the original book-back one-mark section; determine whether MCQs exist before transcription.","false"
"0","12-basic-civil-engineering-tamil-122addb5","Basic Civil Engineering","Tamil","","tb-12-basic-civil-engineering-tamil-122addb5-ch-6","6","0","0","10","0","0","0","0","","Not processed; Awaiting answer verification; Awaiting teacher review; Needs manual/OCR attention","Locate and inventory the original book-back one-mark section; determine whether MCQs exist before transcription.","false"
"0","12-basic-civil-engineering-tamil-122addb5","Basic Civil Engineering","Tamil","","tb-12-basic-civil-engineering-tamil-122addb5-ch-7","7","0","6","14","6","0","6","0","189","Extracted; Awaiting answer verification; Awaiting teacher review; Needs manual/OCR attention","Individually compare prepared source/key evidence, repair OCR or notation, and explicitly approve or reject.","false"
"0","12-basic-civil-engineering-tamil-122addb5","Basic Civil Engineering","Tamil","","tb-12-basic-civil-engineering-tamil-122addb5-ch-8","8","0","29","33","0","0","0","0","250","Extracted; Awaiting answer verification; Awaiting teacher review; Needs manual/OCR attention","Verify the printed options and obtain source-supported or teacher-verified answers before approval.","false"
"0","12-basic-electrical-engineering-tamil-029f513a","Basic Electrical Engineering","Tamil","","tb-12-basic-electrical-engineering-tamil-029f513a-ch-1","1","0","0","13","0","0","0","0","","Not processed; Awaiting answer verification; Awaiting teacher review; Needs manual/OCR attention","Locate and inventory the original book-back one-mark section; determine whether MCQs exist before transcription.","false"
"0","12-basic-electrical-engineering-tamil-029f513a","Basic Electrical Engineering","Tamil","","tb-12-basic-electrical-engineering-tamil-029f513a-ch-2","2","0","0","15","0","0","0","0","","Not processed; Awaiting answer verification; Awaiting teacher review; Needs manual/OCR attention","Locate and inventory the original book-back one-mark section; determine whether MCQs exist before transcription.","false"
"0","12-basic-electrical-engineering-tamil-029f513a","Basic Electrical Engineering","Tamil","","tb-12-basic-electrical-engineering-tamil-029f513a-ch-3","3","0","0","17","0","0","0","0","","Not processed; Awaiting answer verification; Awaiting teacher review; Needs manual/OCR attention","Locate and inventory the original book-back one-mark section; determine whether MCQs exist before transcription.","false"
"0","12-basic-electrical-engineering-tamil-029f513a","Basic Electrical Engineering","Tamil","","tb-12-basic-electrical-engineering-tamil-029f513a-ch-4","4","0","0","16","0","0","0","0","","Not processed; Awaiting answer verification; Awaiting teacher review; Needs manual/OCR attention","Locate and inventory the original book-back one-mark section; determine whether MCQs exist before transcription.","false"
"0","12-basic-electrical-engineering-tamil-029f513a","Basic Electrical Engineering","Tamil","","tb-12-basic-electrical-engineering-tamil-029f513a-ch-5","5","0","0","8","0","0","0","0","","Not processed; Awaiting answer verification; Awaiting teacher review; Needs manual/OCR attention","Locate and inventory the original book-back one-mark section; determine whether MCQs exist before transcription.","false"
"0","12-basic-electrical-engineering-tamil-029f513a","Basic Electrical Engineering","Tamil","","tb-12-basic-electrical-engineering-tamil-029f513a-ch-6","6","0","0","15","0","0","0","0","","Not processed; Awaiting answer verification; Awaiting teacher review; Needs manual/OCR attention","Locate and inventory the original book-back one-mark section; determine whether MCQs exist before transcription.","false"
"0","12-basic-electrical-engineering-tamil-029f513a","Basic Electrical Engineering","Tamil","","tb-12-basic-electrical-engineering-tamil-029f513a-ch-7","7","0","7","10","0","0","0","0","132","Extracted; Awaiting answer verification; Awaiting teacher review; Needs manual/OCR attention","Verify the printed options and obtain source-supported or teacher-verified answers before approval.","false"
"0","12-basic-electrical-engineering-tamil-029f513a","Basic Electrical Engineering","Tamil","","tb-12-basic-electrical-engineering-tamil-029f513a-ch-8","8","0","0","22","0","0","0","0","","Not processed; Awaiting answer verification; Awaiting teacher review; Needs manual/OCR attention","Locate and inventory the original book-back one-mark section; determine whether MCQs exist before transcription.","false"
"0","12-basic-electrical-engineering-tamil-029f513a","Basic Electrical Engineering","Tamil","","tb-12-basic-electrical-engineering-tamil-029f513a-ch-9","9","0","20","22","0","0","0","0","170","Extracted; Awaiting answer verification; Awaiting teacher review; Needs manual/OCR attention","Verify the printed options and obtain source-supported or teacher-verified answers before approval.","false"
"0","12-basic-electrical-engineering-tamil-029f513a","Basic Electrical Engineering","Tamil","","tb-12-basic-electrical-engineering-tamil-029f513a-ch-10","10","0","25","32","0","0","0","0","191","Extracted; Awaiting answer verification; Awaiting teacher review; Needs manual/OCR attention","Verify the printed options and obtain source-supported or teacher-verified answers before approval.","false"
"0","12-basic-electronics-engineering-tamil-96fcb4f2","Basic Electronics Engineering","Tamil","","tb-12-basic-electronics-engineering-tamil-96fcb4f2-ch-1","1","0","0","13","0","0","0","0","","Not processed; Awaiting answer verification; Awaiting teacher review; Needs manual/OCR attention","Locate and inventory the original book-back one-mark section; determine whether MCQs exist before transcription.","false"
"0","12-basic-electronics-engineering-tamil-96fcb4f2","Basic Electronics Engineering","Tamil","","tb-12-basic-electronics-engineering-tamil-96fcb4f2-ch-2","2","0","0","10","0","0","0","0","","Not processed; Awaiting answer verification; Awaiting teacher review; Needs manual/OCR attention","Locate and inventory the original book-back one-mark section; determine whether MCQs exist before transcription.","false"
"0","12-basic-electronics-engineering-tamil-96fcb4f2","Basic Electronics Engineering","Tamil","","tb-12-basic-electronics-engineering-tamil-96fcb4f2-ch-3","3","0","0","15","0","0","0","0","","Not processed; Awaiting answer verification; Awaiting teacher review; Needs manual/OCR attention","Locate and inventory the original book-back one-mark section; determine whether MCQs exist before transcription.","false"
"0","12-basic-electronics-engineering-tamil-96fcb4f2","Basic Electronics Engineering","Tamil","","tb-12-basic-electronics-engineering-tamil-96fcb4f2-ch-4","4","0","17","19","0","0","0","0","142","Extracted; Awaiting answer verification; Awaiting teacher review; Needs manual/OCR attention","Verify the printed options and obtain source-supported or teacher-verified answers before approval.","false"
"0","12-basic-electronics-engineering-tamil-96fcb4f2","Basic Electronics Engineering","Tamil","","tb-12-basic-electronics-engineering-tamil-96fcb4f2-ch-5","5","0","0","15","0","0","0","0","","Not processed; Awaiting answer verification; Awaiting teacher review; Needs manual/OCR attention","Locate and inventory the original book-back one-mark section; determine whether MCQs exist before transcription.","false"
"0","12-basic-electronics-engineering-tamil-96fcb4f2","Basic Electronics Engineering","Tamil","","tb-12-basic-electronics-engineering-tamil-96fcb4f2-ch-6","6","0","20","21","20","0","20","0","193","Extracted; Awaiting answer verification; Awaiting teacher review; Needs manual/OCR attention","Individually compare prepared source/key evidence, repair OCR or notation, and explicitly approve or reject.","false"
"0","12-basic-electronics-engineering-tamil-96fcb4f2","Basic Electronics Engineering","Tamil","","tb-12-basic-electronics-engineering-tamil-96fcb4f2-ch-7","7","0","15","15","15","0","15","0","222","Extracted; Awaiting teacher review; Needs manual/OCR attention","Individually compare prepared source/key evidence, repair OCR or notation, and explicitly approve or reject.","false"
"0","12-basic-electronics-engineering-tamil-96fcb4f2","Basic Electronics Engineering","Tamil","","tb-12-basic-electronics-engineering-tamil-96fcb4f2-ch-8","8","0","0","9","0","0","0","0","","Not processed; Awaiting answer verification; Awaiting teacher review; Needs manual/OCR attention","Locate and inventory the original book-back one-mark section; determine whether MCQs exist before transcription.","false"
"0","12-basic-electronics-engineering-tamil-96fcb4f2","Basic Electronics Engineering","Tamil","","tb-12-basic-electronics-engineering-tamil-96fcb4f2-ch-9","9","0","0","9","0","0","0","0","","Not processed; Awaiting answer verification; Awaiting teacher review; Needs manual/OCR attention","Locate and inventory the original book-back one-mark section; determine whether MCQs exist before transcription.","false"
"0","12-basic-electronics-engineering-tamil-96fcb4f2","Basic Electronics Engineering","Tamil","","tb-12-basic-electronics-engineering-tamil-96fcb4f2-ch-10","10","0","25","25","4","0","4","0","306","Extracted; Awaiting answer verification; Awaiting teacher review; Needs manual/OCR attention","Individually compare prepared source/key evidence, repair OCR or notation, and explicitly approve or reject.","false"
"0","12-basic-mechanical-engineering-tamil-49be34e2","Basic Mechanical Engineering","Tamil","","tb-12-basic-mechanical-engineering-tamil-49be34e2-ch-1","1","0","4","11","0","0","0","0","48","Extracted; Awaiting answer verification; Awaiting teacher review; Needs manual/OCR attention","Verify the printed options and obtain source-supported or teacher-verified answers before approval.","false"
"0","12-basic-mechanical-engineering-tamil-49be34e2","Basic Mechanical Engineering","Tamil","","tb-12-basic-mechanical-engineering-tamil-49be34e2-ch-2","2","0","0","11","0","0","0","0","","Not processed; Awaiting answer verification; Awaiting teacher review; Needs manual/OCR attention","Locate and inventory the original book-back one-mark section; determine whether MCQs exist before transcription.","false"
"0","12-basic-mechanical-engineering-tamil-49be34e2","Basic Mechanical Engineering","Tamil","","tb-12-basic-mechanical-engineering-tamil-49be34e2-ch-3","3","0","0","12","0","0","0","0","","Not processed; Awaiting answer verification; Awaiting teacher review; Needs manual/OCR attention","Locate and inventory the original book-back one-mark section; determine whether MCQs exist before transcription.","false"
"0","12-basic-mechanical-engineering-tamil-49be34e2","Basic Mechanical Engineering","Tamil","","tb-12-basic-mechanical-engineering-tamil-49be34e2-ch-4","4","0","0","6","0","0","0","0","","Not processed; Awaiting answer verification; Awaiting teacher review; Needs manual/OCR attention","Locate and inventory the original book-back one-mark section; determine whether MCQs exist before transcription.","false"
"0","12-basic-mechanical-engineering-tamil-49be34e2","Basic Mechanical Engineering","Tamil","","tb-12-basic-mechanical-engineering-tamil-49be34e2-ch-5","5","0","0","4","0","0","0","0","","Not processed; Awaiting answer verification; Awaiting teacher review; Needs manual/OCR attention","Locate and inventory the original book-back one-mark section; determine whether MCQs exist before transcription.","false"
"0","12-basic-mechanical-engineering-tamil-49be34e2","Basic Mechanical Engineering","Tamil","","tb-12-basic-mechanical-engineering-tamil-49be34e2-ch-6","6","0","0","4","0","0","0","0","","Not processed; Awaiting answer verification; Awaiting teacher review; Needs manual/OCR attention","Locate and inventory the original book-back one-mark section; determine whether MCQs exist before transcription.","false"
"0","12-basic-mechanical-engineering-tamil-49be34e2","Basic Mechanical Engineering","Tamil","","tb-12-basic-mechanical-engineering-tamil-49be34e2-ch-7","7","0","0","9","0","0","0","0","","Not processed; Awaiting answer verification; Awaiting teacher review; Needs manual/OCR attention","Locate and inventory the original book-back one-mark section; determine whether MCQs exist before transcription.","false"
"0","12-basic-mechanical-engineering-tamil-49be34e2","Basic Mechanical Engineering","Tamil","","tb-12-basic-mechanical-engineering-tamil-49be34e2-ch-8","8","0","0","15","0","0","0","0","","Not processed; Awaiting answer verification; Awaiting teacher review; Needs manual/OCR attention","Locate and inventory the original book-back one-mark section; determine whether MCQs exist before transcription.","false"
"0","12-basic-mechanical-engineering-tamil-49be34e2","Basic Mechanical Engineering","Tamil","","tb-12-basic-mechanical-engineering-tamil-49be34e2-ch-9","9","0","0","8","0","0","0","0","","Not processed; Awaiting answer verification; Awaiting teacher review; Needs manual/OCR attention","Locate and inventory the original book-back one-mark section; determine whether MCQs exist before transcription.","false"
"0","12-basic-mechanical-engineering-tamil-49be34e2","Basic Mechanical Engineering","Tamil","","tb-12-basic-mechanical-engineering-tamil-49be34e2-ch-10","10","0","0","20","0","0","0","0","","Not processed; Awaiting answer verification; Awaiting teacher review; Needs manual/OCR attention","Locate and inventory the original book-back one-mark section; determine whether MCQs exist before transcription.","false"
"0","12-bio-botany-tamil-51160855","Bio-Botany","Tamil","","tb-12-bio-botany-tamil-51160855-ch-1","1","0","0","20","0","0","0","0","","Not processed; Awaiting answer verification; Awaiting teacher review; Needs manual/OCR attention","Locate and inventory the original book-back one-mark section; determine whether MCQs exist before transcription.","false"
"0","12-bio-botany-tamil-51160855","Bio-Botany","Tamil","","tb-12-bio-botany-tamil-51160855-ch-2","2","0","22","22","0","0","0","0","56","Extracted; Awaiting answer verification; Awaiting teacher review; Needs manual/OCR attention","Verify the printed options and obtain source-supported or teacher-verified answers before approval.","false"
"0","12-bio-botany-tamil-51160855","Bio-Botany","Tamil","","tb-12-bio-botany-tamil-51160855-ch-3","3","0","0","6","0","0","0","0","","Not processed; Awaiting answer verification; Awaiting teacher review; Needs manual/OCR attention","Locate and inventory the original book-back one-mark section; determine whether MCQs exist before transcription.","false"
"0","12-bio-botany-tamil-51160855","Bio-Botany","Tamil","","tb-12-bio-botany-tamil-51160855-ch-4","4","0","0","8","0","0","0","0","","Not processed; Awaiting answer verification; Awaiting teacher review; Needs manual/OCR attention","Locate and inventory the original book-back one-mark section; determine whether MCQs exist before transcription.","false"
"0","12-bio-botany-tamil-51160855","Bio-Botany","Tamil","","tb-12-bio-botany-tamil-51160855-ch-5","5","0","9","9","0","0","0","0","120","Extracted; Awaiting answer verification; Awaiting teacher review; Needs manual/OCR attention","Verify the printed options and obtain source-supported or teacher-verified answers before approval.","false"
"0","12-bio-botany-tamil-51160855","Bio-Botany","Tamil","","tb-12-bio-botany-tamil-51160855-ch-6","6","0","0","20","0","0","0","0","","Not processed; Awaiting answer verification; Awaiting teacher review; Needs manual/OCR attention","Locate and inventory the original book-back one-mark section; determine whether MCQs exist before transcription.","false"
"0","12-bio-botany-tamil-51160855","Bio-Botany","Tamil","","tb-12-bio-botany-tamil-51160855-ch-7","7","0","0","15","0","0","0","0","","Not processed; Awaiting answer verification; Awaiting teacher review; Needs manual/OCR attention","Locate and inventory the original book-back one-mark section; determine whether MCQs exist before transcription.","false"
"0","12-bio-botany-tamil-51160855","Bio-Botany","Tamil","","tb-12-bio-botany-tamil-51160855-ch-8","8","0","0","11","0","0","0","0","","Not processed; Awaiting answer verification; Awaiting teacher review; Needs manual/OCR attention","Locate and inventory the original book-back one-mark section; determine whether MCQs exist before transcription.","false"
"0","12-bio-botany-tamil-51160855","Bio-Botany","Tamil","","tb-12-bio-botany-tamil-51160855-ch-9","9","0","16","16","0","0","0","0","202","Extracted; Awaiting answer verification; Awaiting teacher review; Needs manual/OCR attention","Verify the printed options and obtain source-supported or teacher-verified answers before approval.","false"
"0","12-bio-botany-tamil-51160855","Bio-Botany","Tamil","","tb-12-bio-botany-tamil-51160855-ch-10","10","0","0","181","0","0","0","0","","Not processed; Awaiting answer verification; Awaiting teacher review; Needs manual/OCR attention","Locate and inventory the original book-back one-mark section; determine whether MCQs exist before transcription.","false"
"0","12-bio-zoology-tamil-2631f8e3","Bio-Zoology","Tamil","","tb-12-bio-zoology-tamil-2631f8e3-ch-1","1","0","0","5","0","0","0","0","","Not processed; Awaiting answer verification; Awaiting teacher review; Needs manual/OCR attention","Locate and inventory the original book-back one-mark section; determine whether MCQs exist before transcription.","false"
"0","12-bio-zoology-tamil-2631f8e3","Bio-Zoology","Tamil","","tb-12-bio-zoology-tamil-2631f8e3-ch-2","2","0","0","14","0","0","0","0","","Not processed; Awaiting answer verification; Awaiting teacher review; Needs manual/OCR attention","Locate and inventory the original book-back one-mark section; determine whether MCQs exist before transcription.","false"
"0","12-bio-zoology-tamil-2631f8e3","Bio-Zoology","Tamil","","tb-12-bio-zoology-tamil-2631f8e3-ch-3","3","0","6","7","0","0","0","0","56","Extracted; Awaiting answer verification; Awaiting teacher review; Needs manual/OCR attention","Verify the printed options and obtain source-supported or teacher-verified answers before approval.","false"
"0","12-bio-zoology-tamil-2631f8e3","Bio-Zoology","Tamil","","tb-12-bio-zoology-tamil-2631f8e3-ch-4","4","0","21","21","0","0","0","0","72","Extracted; Awaiting answer verification; Awaiting teacher review; Needs manual/OCR attention","Verify the printed options and obtain source-supported or teacher-verified answers before approval.","false"
"0","12-bio-zoology-tamil-2631f8e3","Bio-Zoology","Tamil","","tb-12-bio-zoology-tamil-2631f8e3-ch-5","5","0","0","12","0","0","0","0","","Not processed; Awaiting answer verification; Awaiting teacher review; Needs manual/OCR attention","Locate and inventory the original book-back one-mark section; determine whether MCQs exist before transcription.","false"
"0","12-bio-zoology-tamil-2631f8e3","Bio-Zoology","Tamil","","tb-12-bio-zoology-tamil-2631f8e3-ch-6","6","0","16","16","0","0","0","0","131","Extracted; Awaiting answer verification; Awaiting teacher review; Needs manual/OCR attention","Verify the printed options and obtain source-supported or teacher-verified answers before approval.","false"
"0","12-bio-zoology-tamil-2631f8e3","Bio-Zoology","Tamil","","tb-12-bio-zoology-tamil-2631f8e3-ch-7","7","0","14","14","0","0","0","0","166","Extracted; Awaiting answer verification; Awaiting teacher review; Needs manual/OCR attention","Verify the printed options and obtain source-supported or teacher-verified answers before approval.","false"
"0","12-bio-zoology-tamil-2631f8e3","Bio-Zoology","Tamil","","tb-12-bio-zoology-tamil-2631f8e3-ch-8","8","0","0","9","0","0","0","0","","Not processed; Awaiting answer verification; Awaiting teacher review; Needs manual/OCR attention","Locate and inventory the original book-back one-mark section; determine whether MCQs exist before transcription.","false"
"0","12-bio-zoology-tamil-2631f8e3","Bio-Zoology","Tamil","","tb-12-bio-zoology-tamil-2631f8e3-ch-9","9","0","10","10","0","0","0","0","197","Extracted; Awaiting answer verification; Awaiting teacher review; Needs manual/OCR attention","Verify the printed options and obtain source-supported or teacher-verified answers before approval.","false"
"0","12-bio-zoology-tamil-2631f8e3","Bio-Zoology","Tamil","","tb-12-bio-zoology-tamil-2631f8e3-ch-10","10","0","9","11","0","0","0","0","220","Extracted; Awaiting answer verification; Awaiting teacher review; Needs manual/OCR attention","Verify the printed options and obtain source-supported or teacher-verified answers before approval.","false"
"0","12-bio-zoology-tamil-2631f8e3","Bio-Zoology","Tamil","","tb-12-bio-zoology-tamil-2631f8e3-ch-11","11","0","9","9","0","0","0","0","246","Extracted; Awaiting answer verification; Awaiting teacher review; Needs manual/OCR attention","Verify the printed options and obtain source-supported or teacher-verified answers before approval.","false"
"0","12-bio-zoology-tamil-2631f8e3","Bio-Zoology","Tamil","","tb-12-bio-zoology-tamil-2631f8e3-ch-12","12","0","0","110","0","0","0","0","","Not processed; Awaiting answer verification; Awaiting teacher review; Needs manual/OCR attention","Locate and inventory the original book-back one-mark section; determine whether MCQs exist before transcription.","false"
"0","12-biochemistry-tamil-910cca11","Biochemistry","Tamil","","tb-12-biochemistry-tamil-910cca11-ch-1","1","0","0","15","0","0","0","0","","Not processed; Awaiting answer verification; Awaiting teacher review; Needs manual/OCR attention","Locate and inventory the original book-back one-mark section; determine whether MCQs exist before transcription.","false"
"0","12-biochemistry-tamil-910cca11","Biochemistry","Tamil","","tb-12-biochemistry-tamil-910cca11-ch-2","2","0","0","25","0","0","0","0","","Not processed; Awaiting answer verification; Awaiting teacher review; Needs manual/OCR attention","Locate and inventory the original book-back one-mark section; determine whether MCQs exist before transcription.","false"
"0","12-biochemistry-tamil-910cca11","Biochemistry","Tamil","","tb-12-biochemistry-tamil-910cca11-ch-3","3","0","17","17","0","0","0","0","103","Extracted; Awaiting answer verification; Awaiting teacher review; Needs manual/OCR attention","Verify the printed options and obtain source-supported or teacher-verified answers before approval.","false"
"0","12-biochemistry-tamil-910cca11","Biochemistry","Tamil","","tb-12-biochemistry-tamil-910cca11-ch-4","4","0","15","15","0","0","0","0","125","Extracted; Awaiting answer verification; Awaiting teacher review; Needs manual/OCR attention","Verify the printed options and obtain source-supported or teacher-verified answers before approval.","false"
"0","12-biochemistry-tamil-910cca11","Biochemistry","Tamil","","tb-12-biochemistry-tamil-910cca11-ch-5","5","0","10","10","0","0","0","0","151","Extracted; Awaiting answer verification; Awaiting teacher review; Needs manual/OCR attention","Verify the printed options and obtain source-supported or teacher-verified answers before approval.","false"
"0","12-biochemistry-tamil-910cca11","Biochemistry","Tamil","","tb-12-biochemistry-tamil-910cca11-ch-6","6","0","0","0","0","0","0","0","","Not processed","Locate and inventory the original book-back one-mark section; determine whether MCQs exist before transcription.","false"
"0","12-biochemistry-tamil-910cca11","Biochemistry","Tamil","","tb-12-biochemistry-tamil-910cca11-ch-7","7","0","0","17","0","0","0","0","","Not processed; Awaiting answer verification; Awaiting teacher review; Needs manual/OCR attention","Locate and inventory the original book-back one-mark section; determine whether MCQs exist before transcription.","false"
"0","12-biochemistry-tamil-910cca11","Biochemistry","Tamil","","tb-12-biochemistry-tamil-910cca11-ch-8","8","0","0","7","0","0","0","0","","Not processed; Awaiting answer verification; Awaiting teacher review; Needs manual/OCR attention","Locate and inventory the original book-back one-mark section; determine whether MCQs exist before transcription.","false"
"0","12-biochemistry-tamil-910cca11","Biochemistry","Tamil","","tb-12-biochemistry-tamil-910cca11-ch-9","9","0","0","20","0","0","0","0","","Not processed; Awaiting answer verification; Awaiting teacher review; Needs manual/OCR attention","Locate and inventory the original book-back one-mark section; determine whether MCQs exist before transcription.","false"
"0","12-biochemistry-tamil-910cca11","Biochemistry","Tamil","","tb-12-biochemistry-tamil-910cca11-ch-10","10","0","23","24","0","0","0","0","284","Extracted; Awaiting answer verification; Awaiting teacher review; Needs manual/OCR attention","Verify the printed options and obtain source-supported or teacher-verified answers before approval.","false"
"0","12-botany-tamil-37a9b740","Botany","Tamil","","tb-12-botany-tamil-37a9b740-ch-1","1","0","0","23","0","0","0","0","","Not processed; Awaiting answer verification; Awaiting teacher review; Needs manual/OCR attention","Locate and inventory the original book-back one-mark section; determine whether MCQs exist before transcription.","false"
"0","12-botany-tamil-37a9b740","Botany","Tamil","","tb-12-botany-tamil-37a9b740-ch-2","2","0","22","22","0","0","0","0","60","Extracted; Awaiting answer verification; Awaiting teacher review; Needs manual/OCR attention","Verify the printed options and obtain source-supported or teacher-verified answers before approval.","false"
"0","12-botany-tamil-37a9b740","Botany","Tamil","","tb-12-botany-tamil-37a9b740-ch-3","3","0","0","26","0","0","0","0","","Not processed; Awaiting answer verification; Awaiting teacher review; Needs manual/OCR attention","Locate and inventory the original book-back one-mark section; determine whether MCQs exist before transcription.","false"
"0","12-botany-tamil-37a9b740","Botany","Tamil","","tb-12-botany-tamil-37a9b740-ch-4","4","0","6","8","0","0","0","0","120","Extracted; Awaiting answer verification; Awaiting teacher review; Needs manual/OCR attention","Verify the printed options and obtain source-supported or teacher-verified answers before approval.","false"
"0","12-botany-tamil-37a9b740","Botany","Tamil","","tb-12-botany-tamil-37a9b740-ch-5","5","0","9","9","0","0","0","0","137","Extracted; Awaiting answer verification; Awaiting teacher review; Needs manual/OCR attention","Verify the printed options and obtain source-supported or teacher-verified answers before approval.","false"
"0","12-botany-tamil-37a9b740","Botany","Tamil","","tb-12-botany-tamil-37a9b740-ch-6","6","0","0","20","0","0","0","0","","Not processed; Awaiting answer verification; Awaiting teacher review; Needs manual/OCR attention","Locate and inventory the original book-back one-mark section; determine whether MCQs exist before transcription.","false"
"0","12-botany-tamil-37a9b740","Botany","Tamil","","tb-12-botany-tamil-37a9b740-ch-7","7","0","0","15","0","0","0","0","","Not processed; Awaiting answer verification; Awaiting teacher review; Needs manual/OCR attention","Locate and inventory the original book-back one-mark section; determine whether MCQs exist before transcription.","false"
"0","12-botany-tamil-37a9b740","Botany","Tamil","","tb-12-botany-tamil-37a9b740-ch-8","8","0","0","15","0","0","0","0","","Not processed; Awaiting answer verification; Awaiting teacher review; Needs manual/OCR attention","Locate and inventory the original book-back one-mark section; determine whether MCQs exist before transcription.","false"
"0","12-botany-tamil-37a9b740","Botany","Tamil","","tb-12-botany-tamil-37a9b740-ch-9","9","0","0","16","0","0","0","0","","Not processed; Awaiting answer verification; Awaiting teacher review; Needs manual/OCR attention","Locate and inventory the original book-back one-mark section; determine whether MCQs exist before transcription.","false"
"0","12-botany-tamil-37a9b740","Botany","Tamil","","tb-12-botany-tamil-37a9b740-ch-10","10","0","0","186","0","0","0","0","","Not processed; Awaiting answer verification; Awaiting teacher review; Needs manual/OCR attention","Locate and inventory the original book-back one-mark section; determine whether MCQs exist before transcription.","false"
"0","12-business-mathematics-statistics-tamil-a77e8ce0","Business Mathematics & Statistics","Tamil","","tb-12-business-mathematics-statistics-tamil-a77e8ce0-ch-1","1","0","0","25","0","0","0","0","","Not processed; Awaiting answer verification; Awaiting teacher review; Needs manual/OCR attention","Locate and inventory the original book-back one-mark section; determine whether MCQs exist before transcription.","false"
"0","12-business-mathematics-statistics-tamil-a77e8ce0","Business Mathematics & Statistics","Tamil","","tb-12-business-mathematics-statistics-tamil-a77e8ce0-ch-2","2","0","0","29","0","0","0","0","","Not processed; Awaiting answer verification; Awaiting teacher review; Needs manual/OCR attention","Locate and inventory the original book-back one-mark section; determine whether MCQs exist before transcription.","false"
"0","12-business-mathematics-statistics-tamil-a77e8ce0","Business Mathematics & Statistics","Tamil","","tb-12-business-mathematics-statistics-tamil-a77e8ce0-ch-3","3","0","0","25","0","0","0","0","","Not processed; Awaiting answer verification; Awaiting teacher review; Needs manual/OCR attention","Locate and inventory the original book-back one-mark section; determine whether MCQs exist before transcription.","false"
"0","12-business-mathematics-statistics-tamil-a77e8ce0","Business Mathematics & Statistics","Tamil","","tb-12-business-mathematics-statistics-tamil-a77e8ce0-ch-4","4","0","0","25","0","0","0","0","","Not processed; Awaiting answer verification; Awaiting teacher review; Needs manual/OCR attention","Locate and inventory the original book-back one-mark section; determine whether MCQs exist before transcription.","false"
"0","12-business-mathematics-statistics-tamil-a77e8ce0","Business Mathematics & Statistics","Tamil","","tb-12-business-mathematics-statistics-tamil-a77e8ce0-ch-5","5","0","12","12","12","0","12","0","130","Extracted; Awaiting teacher review; Needs manual/OCR attention","Individually compare prepared source/key evidence, repair OCR or notation, and explicitly approve or reject.","false"
"0","12-business-mathematics-statistics-tamil-a77e8ce0","Business Mathematics & Statistics","Tamil","","tb-12-business-mathematics-statistics-tamil-a77e8ce0-ch-6","6","0","2","32","0","0","0","0","144","Extracted; Awaiting answer verification; Awaiting teacher review; Needs manual/OCR attention","Verify the printed options and obtain source-supported or teacher-verified answers before approval.","false"
"0","12-business-mathematics-statistics-tamil-a77e8ce0","Business Mathematics & Statistics","Tamil","","tb-12-business-mathematics-statistics-tamil-a77e8ce0-ch-7","7","0","0","31","0","0","0","0","","Not processed; Awaiting answer verification; Awaiting teacher review; Needs manual/OCR attention","Locate and inventory the original book-back one-mark section; determine whether MCQs exist before transcription.","false"
"0","12-business-mathematics-statistics-tamil-a77e8ce0","Business Mathematics & Statistics","Tamil","","tb-12-business-mathematics-statistics-tamil-a77e8ce0-ch-8","8","0","0","21","0","0","0","0","","Not processed; Awaiting answer verification; Awaiting teacher review; Needs manual/OCR attention","Locate and inventory the original book-back one-mark section; determine whether MCQs exist before transcription.","false"
"0","12-business-mathematics-statistics-tamil-a77e8ce0","Business Mathematics & Statistics","Tamil","","tb-12-business-mathematics-statistics-tamil-a77e8ce0-ch-9","9","0","0","22","0","0","0","0","","Not processed; Awaiting answer verification; Awaiting teacher review; Needs manual/OCR attention","Locate and inventory the original book-back one-mark section; determine whether MCQs exist before transcription.","false"
"0","12-business-mathematics-statistics-tamil-a77e8ce0","Business Mathematics & Statistics","Tamil","","tb-12-business-mathematics-statistics-tamil-a77e8ce0-ch-10","10","0","16","20","0","0","0","0","278","Extracted; Awaiting answer verification; Awaiting teacher review; Needs manual/OCR attention","Verify the printed options and obtain source-supported or teacher-verified answers before approval.","false"
"0","12-chemistry-tamil-v1-5fcd65a9","Chemistry","Tamil","1","tb-12-chemistry-tamil-v1-5fcd65a9-ch-1","1","0","22","22","0","0","0","0","32","Extracted; Awaiting answer verification; Awaiting teacher review; Needs manual/OCR attention","Verify the printed options and obtain source-supported or teacher-verified answers before approval.","false"
"0","12-chemistry-tamil-v1-5fcd65a9","Chemistry","Tamil","1","tb-12-chemistry-tamil-v1-5fcd65a9-ch-2","2","0","0","21","0","0","0","0","","Not processed; Awaiting answer verification; Awaiting teacher review; Needs manual/OCR attention","Locate and inventory the original book-back one-mark section; determine whether MCQs exist before transcription.","false"
"0","12-chemistry-tamil-v1-5fcd65a9","Chemistry","Tamil","1","tb-12-chemistry-tamil-v1-5fcd65a9-ch-3","3","0","0","21","0","0","0","0","","Not processed; Awaiting answer verification; Awaiting teacher review; Needs manual/OCR attention","Locate and inventory the original book-back one-mark section; determine whether MCQs exist before transcription.","false"
"0","12-chemistry-tamil-v1-5fcd65a9","Chemistry","Tamil","1","tb-12-chemistry-tamil-v1-5fcd65a9-ch-4","4","0","0","19","0","0","0","0","","Not processed; Awaiting answer verification; Awaiting teacher review; Needs manual/OCR attention","Locate and inventory the original book-back one-mark section; determine whether MCQs exist before transcription.","false"
"0","12-chemistry-tamil-v1-5fcd65a9","Chemistry","Tamil","1","tb-12-chemistry-tamil-v1-5fcd65a9-ch-5","5","0","0","23","0","0","0","0","","Not processed; Awaiting answer verification; Awaiting teacher review; Needs manual/OCR attention","Locate and inventory the original book-back one-mark section; determine whether MCQs exist before transcription.","false"
"0","12-chemistry-tamil-v1-5fcd65a9","Chemistry","Tamil","1","tb-12-chemistry-tamil-v1-5fcd65a9-ch-6","6","0","0","24","0","0","0","0","","Not processed; Awaiting answer verification; Awaiting teacher review; Needs manual/OCR attention","Locate and inventory the original book-back one-mark section; determine whether MCQs exist before transcription.","false"
"0","12-chemistry-tamil-v1-5fcd65a9","Chemistry","Tamil","1","tb-12-chemistry-tamil-v1-5fcd65a9-ch-7","7","0","1","26","0","0","0","0","285","Extracted; Awaiting answer verification; Awaiting teacher review; Needs manual/OCR attention","Verify the printed options and obtain source-supported or teacher-verified answers before approval.","false"
"0","12-chemistry-tamil-v2-52192807","Chemistry","Tamil","2","tb-12-chemistry-tamil-v2-52192807-ch-8","8","0","23","23","0","0","0","0","33","Extracted; Awaiting answer verification; Awaiting teacher review; Needs manual/OCR attention","Verify the printed options and obtain source-supported or teacher-verified answers before approval.","false"
"0","12-chemistry-tamil-v2-52192807","Chemistry","Tamil","2","tb-12-chemistry-tamil-v2-52192807-ch-9","9","0","26","26","0","0","0","0","49","Extracted; Awaiting answer verification; Awaiting teacher review; Needs manual/OCR attention","Verify the printed options and obtain source-supported or teacher-verified answers before approval.","false"
"0","12-chemistry-tamil-v2-52192807","Chemistry","Tamil","2","tb-12-chemistry-tamil-v2-52192807-ch-10","10","0","0","20","0","0","0","0","","Not processed; Awaiting answer verification; Awaiting teacher review; Needs manual/OCR attention","Locate and inventory the original book-back one-mark section; determine whether MCQs exist before transcription.","false"
"0","12-chemistry-tamil-v2-52192807","Chemistry","Tamil","2","tb-12-chemistry-tamil-v2-52192807-ch-11","11","0","0","22","0","0","0","0","","Not processed; Awaiting answer verification; Awaiting teacher review; Needs manual/OCR attention","Locate and inventory the original book-back one-mark section; determine whether MCQs exist before transcription.","false"
"0","12-chemistry-tamil-v2-52192807","Chemistry","Tamil","2","tb-12-chemistry-tamil-v2-52192807-ch-12","12","0","0","22","0","0","0","0","","Not processed; Awaiting answer verification; Awaiting teacher review; Needs manual/OCR attention","Locate and inventory the original book-back one-mark section; determine whether MCQs exist before transcription.","false"
"0","12-chemistry-tamil-v2-52192807","Chemistry","Tamil","2","tb-12-chemistry-tamil-v2-52192807-ch-13","13","0","0","28","0","0","0","0","","Not processed; Awaiting answer verification; Awaiting teacher review; Needs manual/OCR attention","Locate and inventory the original book-back one-mark section; determine whether MCQs exist before transcription.","false"
"0","12-chemistry-tamil-v2-52192807","Chemistry","Tamil","2","tb-12-chemistry-tamil-v2-52192807-ch-14","14","0","23","23","0","0","0","0","285","Extracted; Awaiting answer verification; Awaiting teacher review; Needs manual/OCR attention","Verify the printed options and obtain source-supported or teacher-verified answers before approval.","false"
"0","12-chemistry-tamil-v2-52192807","Chemistry","Tamil","2","tb-12-chemistry-tamil-v2-52192807-ch-15","15","0","14","14","0","0","0","0","315","Extracted; Awaiting answer verification; Awaiting teacher review; Needs manual/OCR attention","Verify the printed options and obtain source-supported or teacher-verified answers before approval.","false"
"0","12-commerce-tamil-d9e013d8","Commerce","Tamil","","tb-12-commerce-tamil-d9e013d8-ch-1","1","0","0","6","0","0","0","0","","Not processed; Awaiting answer verification; Awaiting teacher review; Needs manual/OCR attention","Locate and inventory the original book-back one-mark section; determine whether MCQs exist before transcription.","false"
"0","12-commerce-tamil-d9e013d8","Commerce","Tamil","","tb-12-commerce-tamil-d9e013d8-ch-2","2","0","0","10","0","0","0","0","","Not processed; Awaiting answer verification; Awaiting teacher review; Needs manual/OCR attention","Locate and inventory the original book-back one-mark section; determine whether MCQs exist before transcription.","false"
"0","12-commerce-tamil-d9e013d8","Commerce","Tamil","","tb-12-commerce-tamil-d9e013d8-ch-4","4","0","0","5","0","0","0","0","","Not processed; Awaiting answer verification; Awaiting teacher review; Needs manual/OCR attention","Locate and inventory the original book-back one-mark section; determine whether MCQs exist before transcription.","false"
"0","12-commerce-tamil-d9e013d8","Commerce","Tamil","","tb-12-commerce-tamil-d9e013d8-ch-5","5","0","3","3","0","0","0","0","46","Extracted; Awaiting answer verification; Awaiting teacher review; Needs manual/OCR attention","Verify the printed options and obtain source-supported or teacher-verified answers before approval.","false"
"0","12-commerce-tamil-d9e013d8","Commerce","Tamil","","tb-12-commerce-tamil-d9e013d8-ch-6","6","0","4","4","0","0","0","0","55","Extracted; Awaiting answer verification; Awaiting teacher review; Needs manual/OCR attention","Verify the printed options and obtain source-supported or teacher-verified answers before approval.","false"
"0","12-commerce-tamil-d9e013d8","Commerce","Tamil","","tb-12-commerce-tamil-d9e013d8-ch-7","7","0","1","6","0","0","0","0","60","Extracted; Awaiting answer verification; Awaiting teacher review; Needs manual/OCR attention","Verify the printed options and obtain source-supported or teacher-verified answers before approval.","false"
"0","12-commerce-tamil-d9e013d8","Commerce","Tamil","","tb-12-commerce-tamil-d9e013d8-ch-8","8","0","0","5","0","0","0","0","","Not processed; Awaiting answer verification; Awaiting teacher review; Needs manual/OCR attention","Locate and inventory the original book-back one-mark section; determine whether MCQs exist before transcription.","false"
"0","12-commerce-tamil-d9e013d8","Commerce","Tamil","","tb-12-commerce-tamil-d9e013d8-ch-9","9","0","0","5","0","0","0","0","","Not processed; Awaiting answer verification; Awaiting teacher review; Needs manual/OCR attention","Locate and inventory the original book-back one-mark section; determine whether MCQs exist before transcription.","false"
"0","12-commerce-tamil-d9e013d8","Commerce","Tamil","","tb-12-commerce-tamil-d9e013d8-ch-10","10","0","0","5","0","0","0","0","","Not processed; Awaiting answer verification; Awaiting teacher review; Needs manual/OCR attention","Locate and inventory the original book-back one-mark section; determine whether MCQs exist before transcription.","false"
"0","12-commerce-tamil-d9e013d8","Commerce","Tamil","","tb-12-commerce-tamil-d9e013d8-ch-11","11","0","0","6","0","0","0","0","","Not processed; Awaiting answer verification; Awaiting teacher review; Needs manual/OCR attention","Locate and inventory the original book-back one-mark section; determine whether MCQs exist before transcription.","false"
"0","12-commerce-tamil-d9e013d8","Commerce","Tamil","","tb-12-commerce-tamil-d9e013d8-ch-12","12","0","0","5","0","0","0","0","","Not processed; Awaiting answer verification; Awaiting teacher review; Needs manual/OCR attention","Locate and inventory the original book-back one-mark section; determine whether MCQs exist before transcription.","false"
"0","12-commerce-tamil-d9e013d8","Commerce","Tamil","","tb-12-commerce-tamil-d9e013d8-ch-13","13","0","0","10","0","0","0","0","","Not processed; Awaiting answer verification; Awaiting teacher review; Needs manual/OCR attention","Locate and inventory the original book-back one-mark section; determine whether MCQs exist before transcription.","false"
"0","12-commerce-tamil-d9e013d8","Commerce","Tamil","","tb-12-commerce-tamil-d9e013d8-ch-15","15","0","0","8","0","0","0","0","","Not processed; Awaiting answer verification; Awaiting teacher review; Needs manual/OCR attention","Locate and inventory the original book-back one-mark section; determine whether MCQs exist before transcription.","false"
"0","12-commerce-tamil-d9e013d8","Commerce","Tamil","","tb-12-commerce-tamil-d9e013d8-ch-17","17","0","5","15","0","0","0","0","175","Extracted; Awaiting answer verification; Awaiting teacher review; Needs manual/OCR attention","Verify the printed options and obtain source-supported or teacher-verified answers before approval.","false"
"0","12-commerce-tamil-d9e013d8","Commerce","Tamil","","tb-12-commerce-tamil-d9e013d8-ch-20","20","0","0","5","0","0","0","0","","Not processed; Awaiting answer verification; Awaiting teacher review; Needs manual/OCR attention","Locate and inventory the original book-back one-mark section; determine whether MCQs exist before transcription.","false"
"0","12-commerce-tamil-d9e013d8","Commerce","Tamil","","tb-12-commerce-tamil-d9e013d8-ch-21","21","0","0","5","0","0","0","0","","Not processed; Awaiting answer verification; Awaiting teacher review; Needs manual/OCR attention","Locate and inventory the original book-back one-mark section; determine whether MCQs exist before transcription.","false"
"0","12-commerce-tamil-d9e013d8","Commerce","Tamil","","tb-12-commerce-tamil-d9e013d8-ch-22","22","0","0","6","0","0","0","0","","Not processed; Awaiting answer verification; Awaiting teacher review; Needs manual/OCR attention","Locate and inventory the original book-back one-mark section; determine whether MCQs exist before transcription.","false"
"0","12-commerce-tamil-d9e013d8","Commerce","Tamil","","tb-12-commerce-tamil-d9e013d8-ch-23","23","0","0","5","0","0","0","0","","Not processed; Awaiting answer verification; Awaiting teacher review; Needs manual/OCR attention","Locate and inventory the original book-back one-mark section; determine whether MCQs exist before transcription.","false"
"0","12-commerce-tamil-d9e013d8","Commerce","Tamil","","tb-12-commerce-tamil-d9e013d8-ch-24","24","0","0","10","0","0","0","0","","Not processed; Awaiting answer verification; Awaiting teacher review; Needs manual/OCR attention","Locate and inventory the original book-back one-mark section; determine whether MCQs exist before transcription.","false"
"0","12-commerce-tamil-d9e013d8","Commerce","Tamil","","tb-12-commerce-tamil-d9e013d8-ch-26","26","0","0","4","0","0","0","0","","Not processed; Awaiting answer verification; Awaiting teacher review; Needs manual/OCR attention","Locate and inventory the original book-back one-mark section; determine whether MCQs exist before transcription.","false"
"0","12-commerce-tamil-d9e013d8","Commerce","Tamil","","tb-12-commerce-tamil-d9e013d8-ch-27","27","0","0","0","0","0","0","0","","Not processed","Locate and inventory the original book-back one-mark section; determine whether MCQs exist before transcription.","false"
"0","12-commerce-tamil-d9e013d8","Commerce","Tamil","","tb-12-commerce-tamil-d9e013d8-ch-28","28","0","0","5","0","0","0","0","","Not processed; Awaiting answer verification; Awaiting teacher review; Needs manual/OCR attention","Locate and inventory the original book-back one-mark section; determine whether MCQs exist before transcription.","false"
"0","12-computer-applications-tamil-e51fbdf6","Computer Applications","Tamil","","tb-12-computer-applications-tamil-e51fbdf6-ch-1","1","0","0","10","0","0","0","0","","Not processed; Awaiting answer verification; Awaiting teacher review; Needs manual/OCR attention","Locate and inventory the original book-back one-mark section; determine whether MCQs exist before transcription.","false"
"0","12-computer-applications-tamil-e51fbdf6","Computer Applications","Tamil","","tb-12-computer-applications-tamil-e51fbdf6-ch-2","2","0","0","12","0","0","0","0","","Not processed; Awaiting answer verification; Awaiting teacher review; Needs manual/OCR attention","Locate and inventory the original book-back one-mark section; determine whether MCQs exist before transcription.","false"
"0","12-computer-applications-tamil-e51fbdf6","Computer Applications","Tamil","","tb-12-computer-applications-tamil-e51fbdf6-ch-3","3","0","0","9","0","0","0","0","","Not processed; Awaiting answer verification; Awaiting teacher review; Needs manual/OCR attention","Locate and inventory the original book-back one-mark section; determine whether MCQs exist before transcription.","false"
"0","12-computer-applications-tamil-e51fbdf6","Computer Applications","Tamil","","tb-12-computer-applications-tamil-e51fbdf6-ch-4","4","0","0","9","0","0","0","0","","Not processed; Awaiting answer verification; Awaiting teacher review; Needs manual/OCR attention","Locate and inventory the original book-back one-mark section; determine whether MCQs exist before transcription.","false"
"0","12-computer-applications-tamil-e51fbdf6","Computer Applications","Tamil","","tb-12-computer-applications-tamil-e51fbdf6-ch-5","5","0","0","9","0","0","0","0","","Not processed; Awaiting answer verification; Awaiting teacher review; Needs manual/OCR attention","Locate and inventory the original book-back one-mark section; determine whether MCQs exist before transcription.","false"
"0","12-computer-applications-tamil-e51fbdf6","Computer Applications","Tamil","","tb-12-computer-applications-tamil-e51fbdf6-ch-6","6","0","0","8","0","0","0","0","","Not processed; Awaiting answer verification; Awaiting teacher review; Needs manual/OCR attention","Locate and inventory the original book-back one-mark section; determine whether MCQs exist before transcription.","false"
"0","12-computer-applications-tamil-e51fbdf6","Computer Applications","Tamil","","tb-12-computer-applications-tamil-e51fbdf6-ch-7","7","0","0","9","0","0","0","0","","Not processed; Awaiting answer verification; Awaiting teacher review; Needs manual/OCR attention","Locate and inventory the original book-back one-mark section; determine whether MCQs exist before transcription.","false"
"0","12-computer-applications-tamil-e51fbdf6","Computer Applications","Tamil","","tb-12-computer-applications-tamil-e51fbdf6-ch-8","8","0","0","10","0","0","0","0","","Not processed; Awaiting answer verification; Awaiting teacher review; Needs manual/OCR attention","Locate and inventory the original book-back one-mark section; determine whether MCQs exist before transcription.","false"
"0","12-computer-applications-tamil-e51fbdf6","Computer Applications","Tamil","","tb-12-computer-applications-tamil-e51fbdf6-ch-9","9","0","0","10","0","0","0","0","","Not processed; Awaiting answer verification; Awaiting teacher review; Needs manual/OCR attention","Locate and inventory the original book-back one-mark section; determine whether MCQs exist before transcription.","false"
"0","12-computer-applications-tamil-e51fbdf6","Computer Applications","Tamil","","tb-12-computer-applications-tamil-e51fbdf6-ch-10","10","0","0","16","0","0","0","0","","Not processed; Awaiting answer verification; Awaiting teacher review; Needs manual/OCR attention","Locate and inventory the original book-back one-mark section; determine whether MCQs exist before transcription.","false"
"0","12-computer-applications-tamil-e51fbdf6","Computer Applications","Tamil","","tb-12-computer-applications-tamil-e51fbdf6-ch-11","11","0","0","9","0","0","0","0","","Not processed; Awaiting answer verification; Awaiting teacher review; Needs manual/OCR attention","Locate and inventory the original book-back one-mark section; determine whether MCQs exist before transcription.","false"
"0","12-computer-applications-tamil-e51fbdf6","Computer Applications","Tamil","","tb-12-computer-applications-tamil-e51fbdf6-ch-12","12","0","0","16","0","0","0","0","","Not processed; Awaiting answer verification; Awaiting teacher review; Needs manual/OCR attention","Locate and inventory the original book-back one-mark section; determine whether MCQs exist before transcription.","false"
"0","12-computer-applications-tamil-e51fbdf6","Computer Applications","Tamil","","tb-12-computer-applications-tamil-e51fbdf6-ch-13","13","0","0","12","0","0","0","0","","Not processed; Awaiting answer verification; Awaiting teacher review; Needs manual/OCR attention","Locate and inventory the original book-back one-mark section; determine whether MCQs exist before transcription.","false"
"0","12-computer-applications-tamil-e51fbdf6","Computer Applications","Tamil","","tb-12-computer-applications-tamil-e51fbdf6-ch-14","14","0","0","9","0","0","0","0","","Not processed; Awaiting answer verification; Awaiting teacher review; Needs manual/OCR attention","Locate and inventory the original book-back one-mark section; determine whether MCQs exist before transcription.","false"
"0","12-computer-applications-tamil-e51fbdf6","Computer Applications","Tamil","","tb-12-computer-applications-tamil-e51fbdf6-ch-15","15","0","0","5","0","0","0","0","","Not processed; Awaiting answer verification; Awaiting teacher review; Needs manual/OCR attention","Locate and inventory the original book-back one-mark section; determine whether MCQs exist before transcription.","false"
"0","12-computer-applications-tamil-e51fbdf6","Computer Applications","Tamil","","tb-12-computer-applications-tamil-e51fbdf6-ch-16","16","0","0","11","0","0","0","0","","Not processed; Awaiting answer verification; Awaiting teacher review; Needs manual/OCR attention","Locate and inventory the original book-back one-mark section; determine whether MCQs exist before transcription.","false"
"0","12-computer-applications-tamil-e51fbdf6","Computer Applications","Tamil","","tb-12-computer-applications-tamil-e51fbdf6-ch-17","17","0","0","10","0","0","0","0","","Not processed; Awaiting answer verification; Awaiting teacher review; Needs manual/OCR attention","Locate and inventory the original book-back one-mark section; determine whether MCQs exist before transcription.","false"
"0","12-computer-applications-tamil-e51fbdf6","Computer Applications","Tamil","","tb-12-computer-applications-tamil-e51fbdf6-ch-18","18","0","0","8","0","0","0","0","","Not processed; Awaiting answer verification; Awaiting teacher review; Needs manual/OCR attention","Locate and inventory the original book-back one-mark section; determine whether MCQs exist before transcription.","false"
"0","12-computer-applications-tamil-f43670d1","Computer Applications","Tamil","","tb-12-computer-applications-tamil-f43670d1-ch-1","1","0","0","10","0","0","0","0","","Not processed; Awaiting answer verification; Awaiting teacher review; Needs manual/OCR attention","Locate and inventory the original book-back one-mark section; determine whether MCQs exist before transcription.","false"
"0","12-computer-applications-tamil-f43670d1","Computer Applications","Tamil","","tb-12-computer-applications-tamil-f43670d1-ch-2","2","0","0","12","0","0","0","0","","Not processed; Awaiting answer verification; Awaiting teacher review; Needs manual/OCR attention","Locate and inventory the original book-back one-mark section; determine whether MCQs exist before transcription.","false"
"0","12-computer-applications-tamil-f43670d1","Computer Applications","Tamil","","tb-12-computer-applications-tamil-f43670d1-ch-3","3","0","0","10","0","0","0","0","","Not processed; Awaiting answer verification; Awaiting teacher review; Needs manual/OCR attention","Locate and inventory the original book-back one-mark section; determine whether MCQs exist before transcription.","false"
"0","12-computer-applications-tamil-f43670d1","Computer Applications","Tamil","","tb-12-computer-applications-tamil-f43670d1-ch-4","4","0","0","10","0","0","0","0","","Not processed; Awaiting answer verification; Awaiting teacher review; Needs manual/OCR attention","Locate and inventory the original book-back one-mark section; determine whether MCQs exist before transcription.","false"
"0","12-computer-applications-tamil-f43670d1","Computer Applications","Tamil","","tb-12-computer-applications-tamil-f43670d1-ch-5","5","0","0","9","0","0","0","0","","Not processed; Awaiting answer verification; Awaiting teacher review; Needs manual/OCR attention","Locate and inventory the original book-back one-mark section; determine whether MCQs exist before transcription.","false"
"0","12-computer-applications-tamil-f43670d1","Computer Applications","Tamil","","tb-12-computer-applications-tamil-f43670d1-ch-6","6","0","0","8","0","0","0","0","","Not processed; Awaiting answer verification; Awaiting teacher review; Needs manual/OCR attention","Locate and inventory the original book-back one-mark section; determine whether MCQs exist before transcription.","false"
"0","12-computer-applications-tamil-f43670d1","Computer Applications","Tamil","","tb-12-computer-applications-tamil-f43670d1-ch-7","7","0","0","10","0","0","0","0","","Not processed; Awaiting answer verification; Awaiting teacher review; Needs manual/OCR attention","Locate and inventory the original book-back one-mark section; determine whether MCQs exist before transcription.","false"
"0","12-computer-applications-tamil-f43670d1","Computer Applications","Tamil","","tb-12-computer-applications-tamil-f43670d1-ch-8","8","0","0","10","0","0","0","0","","Not processed; Awaiting answer verification; Awaiting teacher review; Needs manual/OCR attention","Locate and inventory the original book-back one-mark section; determine whether MCQs exist before transcription.","false"
"0","12-computer-applications-tamil-f43670d1","Computer Applications","Tamil","","tb-12-computer-applications-tamil-f43670d1-ch-9","9","0","0","8","0","0","0","0","","Not processed; Awaiting answer verification; Awaiting teacher review; Needs manual/OCR attention","Locate and inventory the original book-back one-mark section; determine whether MCQs exist before transcription.","false"
"0","12-computer-applications-tamil-f43670d1","Computer Applications","Tamil","","tb-12-computer-applications-tamil-f43670d1-ch-10","10","0","0","14","0","0","0","0","","Not processed; Awaiting answer verification; Awaiting teacher review; Needs manual/OCR attention","Locate and inventory the original book-back one-mark section; determine whether MCQs exist before transcription.","false"
"0","12-computer-applications-tamil-f43670d1","Computer Applications","Tamil","","tb-12-computer-applications-tamil-f43670d1-ch-11","11","0","0","9","0","0","0","0","","Not processed; Awaiting answer verification; Awaiting teacher review; Needs manual/OCR attention","Locate and inventory the original book-back one-mark section; determine whether MCQs exist before transcription.","false"
"0","12-computer-applications-tamil-f43670d1","Computer Applications","Tamil","","tb-12-computer-applications-tamil-f43670d1-ch-12","12","0","0","16","0","0","0","0","","Not processed; Awaiting answer verification; Awaiting teacher review; Needs manual/OCR attention","Locate and inventory the original book-back one-mark section; determine whether MCQs exist before transcription.","false"
"0","12-computer-applications-tamil-f43670d1","Computer Applications","Tamil","","tb-12-computer-applications-tamil-f43670d1-ch-13","13","0","0","12","0","0","0","0","","Not processed; Awaiting answer verification; Awaiting teacher review; Needs manual/OCR attention","Locate and inventory the original book-back one-mark section; determine whether MCQs exist before transcription.","false"
"0","12-computer-applications-tamil-f43670d1","Computer Applications","Tamil","","tb-12-computer-applications-tamil-f43670d1-ch-14","14","0","0","9","0","0","0","0","","Not processed; Awaiting answer verification; Awaiting teacher review; Needs manual/OCR attention","Locate and inventory the original book-back one-mark section; determine whether MCQs exist before transcription.","false"
"0","12-computer-applications-tamil-f43670d1","Computer Applications","Tamil","","tb-12-computer-applications-tamil-f43670d1-ch-15","15","0","0","7","0","0","0","0","","Not processed; Awaiting answer verification; Awaiting teacher review; Needs manual/OCR attention","Locate and inventory the original book-back one-mark section; determine whether MCQs exist before transcription.","false"
"0","12-computer-applications-tamil-f43670d1","Computer Applications","Tamil","","tb-12-computer-applications-tamil-f43670d1-ch-16","16","0","0","11","0","0","0","0","","Not processed; Awaiting answer verification; Awaiting teacher review; Needs manual/OCR attention","Locate and inventory the original book-back one-mark section; determine whether MCQs exist before transcription.","false"
"0","12-computer-applications-tamil-f43670d1","Computer Applications","Tamil","","tb-12-computer-applications-tamil-f43670d1-ch-17","17","0","0","10","0","0","0","0","","Not processed; Awaiting answer verification; Awaiting teacher review; Needs manual/OCR attention","Locate and inventory the original book-back one-mark section; determine whether MCQs exist before transcription.","false"
"0","12-computer-applications-tamil-f43670d1","Computer Applications","Tamil","","tb-12-computer-applications-tamil-f43670d1-ch-18","18","0","0","8","0","0","0","0","","Not processed; Awaiting answer verification; Awaiting teacher review; Needs manual/OCR attention","Locate and inventory the original book-back one-mark section; determine whether MCQs exist before transcription.","false"
"0","12-computer-science-tamil-d5aa7dd4","Computer Science","Tamil","","tb-12-computer-science-tamil-d5aa7dd4-ch-1","1","0","12","12","0","0","0","0","15","Extracted; Awaiting answer verification; Awaiting teacher review; Needs manual/OCR attention","Verify the printed options and obtain source-supported or teacher-verified answers before approval.","false"
"0","12-computer-science-tamil-d5aa7dd4","Computer Science","Tamil","","tb-12-computer-science-tamil-d5aa7dd4-ch-2","2","0","12","12","0","0","0","0","26","Extracted; Awaiting answer verification; Awaiting teacher review; Needs manual/OCR attention","Verify the printed options and obtain source-supported or teacher-verified answers before approval.","false"
"0","12-computer-science-tamil-d5aa7dd4","Computer Science","Tamil","","tb-12-computer-science-tamil-d5aa7dd4-ch-3","3","0","0","10","0","0","0","0","","Not processed; Awaiting answer verification; Awaiting teacher review; Needs manual/OCR attention","Locate and inventory the original book-back one-mark section; determine whether MCQs exist before transcription.","false"
"0","12-computer-science-tamil-d5aa7dd4","Computer Science","Tamil","","tb-12-computer-science-tamil-d5aa7dd4-ch-4","4","0","0","9","0","0","0","0","","Not processed; Awaiting answer verification; Awaiting teacher review; Needs manual/OCR attention","Locate and inventory the original book-back one-mark section; determine whether MCQs exist before transcription.","false"
"0","12-computer-science-tamil-d5aa7dd4","Computer Science","Tamil","","tb-12-computer-science-tamil-d5aa7dd4-ch-5","5","0","0","10","0","0","0","0","","Not processed; Awaiting answer verification; Awaiting teacher review; Needs manual/OCR attention","Locate and inventory the original book-back one-mark section; determine whether MCQs exist before transcription.","false"
"0","12-computer-science-tamil-d5aa7dd4","Computer Science","Tamil","","tb-12-computer-science-tamil-d5aa7dd4-ch-6","6","0","10","10","0","0","0","0","96","Extracted; Awaiting answer verification; Awaiting teacher review; Needs manual/OCR attention","Verify the printed options and obtain source-supported or teacher-verified answers before approval.","false"
"0","12-computer-science-tamil-d5aa7dd4","Computer Science","Tamil","","tb-12-computer-science-tamil-d5aa7dd4-ch-7","7","0","0","11","0","0","0","0","","Not processed; Awaiting answer verification; Awaiting teacher review; Needs manual/OCR attention","Locate and inventory the original book-back one-mark section; determine whether MCQs exist before transcription.","false"
"0","12-computer-science-tamil-d5aa7dd4","Computer Science","Tamil","","tb-12-computer-science-tamil-d5aa7dd4-ch-8","8","0","0","10","0","0","0","0","","Not processed; Awaiting answer verification; Awaiting teacher review; Needs manual/OCR attention","Locate and inventory the original book-back one-mark section; determine whether MCQs exist before transcription.","false"
"0","12-computer-science-tamil-d5aa7dd4","Computer Science","Tamil","","tb-12-computer-science-tamil-d5aa7dd4-ch-9","9","0","12","12","0","0","0","0","177","Extracted; Awaiting answer verification; Awaiting teacher review; Needs manual/OCR attention","Verify the printed options and obtain source-supported or teacher-verified answers before approval.","false"
"0","12-computer-science-tamil-d5aa7dd4","Computer Science","Tamil","","tb-12-computer-science-tamil-d5aa7dd4-ch-10","10","0","10","10","0","0","0","0","195","Extracted; Awaiting answer verification; Awaiting teacher review; Needs manual/OCR attention","Verify the printed options and obtain source-supported or teacher-verified answers before approval.","false"
"0","12-computer-science-tamil-d5aa7dd4","Computer Science","Tamil","","tb-12-computer-science-tamil-d5aa7dd4-ch-11","11","0","0","2","0","0","0","0","","Not processed; Awaiting answer verification; Awaiting teacher review; Needs manual/OCR attention","Locate and inventory the original book-back one-mark section; determine whether MCQs exist before transcription.","false"
"0","12-computer-science-tamil-d5aa7dd4","Computer Science","Tamil","","tb-12-computer-science-tamil-d5aa7dd4-ch-12","12","0","0","5","0","0","0","0","","Not processed; Awaiting answer verification; Awaiting teacher review; Needs manual/OCR attention","Locate and inventory the original book-back one-mark section; determine whether MCQs exist before transcription.","false"
"0","12-computer-science-tamil-d5aa7dd4","Computer Science","Tamil","","tb-12-computer-science-tamil-d5aa7dd4-ch-13","13","0","8","8","0","0","0","0","274","Extracted; Awaiting answer verification; Awaiting teacher review; Needs manual/OCR attention","Verify the printed options and obtain source-supported or teacher-verified answers before approval.","false"
"0","12-computer-science-tamil-d5aa7dd4","Computer Science","Tamil","","tb-12-computer-science-tamil-d5aa7dd4-ch-14","14","0","0","10","0","0","0","0","","Not processed; Awaiting answer verification; Awaiting teacher review; Needs manual/OCR attention","Locate and inventory the original book-back one-mark section; determine whether MCQs exist before transcription.","false"
"0","12-computer-science-tamil-d5aa7dd4","Computer Science","Tamil","","tb-12-computer-science-tamil-d5aa7dd4-ch-15","15","0","10","10","0","0","0","0","326","Extracted; Awaiting answer verification; Awaiting teacher review; Needs manual/OCR attention","Verify the printed options and obtain source-supported or teacher-verified answers before approval.","false"
"0","12-computer-science-tamil-d5aa7dd4","Computer Science","Tamil","","tb-12-computer-science-tamil-d5aa7dd4-ch-16","16","0","0","11","0","0","0","0","","Not processed; Awaiting answer verification; Awaiting teacher review; Needs manual/OCR attention","Locate and inventory the original book-back one-mark section; determine whether MCQs exist before transcription.","false"
"0","12-computer-technology-tamil-c66e9089","Computer Technology","Tamil","","tb-12-computer-technology-tamil-c66e9089-ch-1","1","0","0","12","0","0","0","0","","Not processed; Awaiting answer verification; Awaiting teacher review; Needs manual/OCR attention","Locate and inventory the original book-back one-mark section; determine whether MCQs exist before transcription.","false"
"0","12-computer-technology-tamil-c66e9089","Computer Technology","Tamil","","tb-12-computer-technology-tamil-c66e9089-ch-2","2","0","0","14","0","0","0","0","","Not processed; Awaiting answer verification; Awaiting teacher review; Needs manual/OCR attention","Locate and inventory the original book-back one-mark section; determine whether MCQs exist before transcription.","false"
"0","12-computer-technology-tamil-c66e9089","Computer Technology","Tamil","","tb-12-computer-technology-tamil-c66e9089-ch-3","3","0","0","14","0","0","0","0","","Not processed; Awaiting answer verification; Awaiting teacher review; Needs manual/OCR attention","Locate and inventory the original book-back one-mark section; determine whether MCQs exist before transcription.","false"
"0","12-computer-technology-tamil-c66e9089","Computer Technology","Tamil","","tb-12-computer-technology-tamil-c66e9089-ch-4","4","0","0","10","0","0","0","0","","Not processed; Awaiting answer verification; Awaiting teacher review; Needs manual/OCR attention","Locate and inventory the original book-back one-mark section; determine whether MCQs exist before transcription.","false"
"0","12-computer-technology-tamil-c66e9089","Computer Technology","Tamil","","tb-12-computer-technology-tamil-c66e9089-ch-5","5","0","0","14","0","0","0","0","","Not processed; Awaiting answer verification; Awaiting teacher review; Needs manual/OCR attention","Locate and inventory the original book-back one-mark section; determine whether MCQs exist before transcription.","false"
"0","12-computer-technology-tamil-c66e9089","Computer Technology","Tamil","","tb-12-computer-technology-tamil-c66e9089-ch-6","6","0","0","8","0","0","0","0","","Not processed; Awaiting answer verification; Awaiting teacher review; Needs manual/OCR attention","Locate and inventory the original book-back one-mark section; determine whether MCQs exist before transcription.","false"
"0","12-computer-technology-tamil-cff5867a","Computer Technology","Tamil","","tb-12-computer-technology-tamil-cff5867a-ch-1","1","0","0","12","0","0","0","0","","Not processed; Awaiting answer verification; Awaiting teacher review; Needs manual/OCR attention","Locate and inventory the original book-back one-mark section; determine whether MCQs exist before transcription.","false"
"0","12-computer-technology-tamil-cff5867a","Computer Technology","Tamil","","tb-12-computer-technology-tamil-cff5867a-ch-2","2","0","0","14","0","0","0","0","","Not processed; Awaiting answer verification; Awaiting teacher review; Needs manual/OCR attention","Locate and inventory the original book-back one-mark section; determine whether MCQs exist before transcription.","false"
"0","12-computer-technology-tamil-cff5867a","Computer Technology","Tamil","","tb-12-computer-technology-tamil-cff5867a-ch-3","3","0","0","14","0","0","0","0","","Not processed; Awaiting answer verification; Awaiting teacher review; Needs manual/OCR attention","Locate and inventory the original book-back one-mark section; determine whether MCQs exist before transcription.","false"
"0","12-computer-technology-tamil-cff5867a","Computer Technology","Tamil","","tb-12-computer-technology-tamil-cff5867a-ch-4","4","0","0","10","0","0","0","0","","Not processed; Awaiting answer verification; Awaiting teacher review; Needs manual/OCR attention","Locate and inventory the original book-back one-mark section; determine whether MCQs exist before transcription.","false"
"0","12-computer-technology-tamil-cff5867a","Computer Technology","Tamil","","tb-12-computer-technology-tamil-cff5867a-ch-5","5","0","0","14","0","0","0","0","","Not processed; Awaiting answer verification; Awaiting teacher review; Needs manual/OCR attention","Locate and inventory the original book-back one-mark section; determine whether MCQs exist before transcription.","false"
"0","12-computer-technology-tamil-cff5867a","Computer Technology","Tamil","","tb-12-computer-technology-tamil-cff5867a-ch-6","6","0","0","8","0","0","0","0","","Not processed; Awaiting answer verification; Awaiting teacher review; Needs manual/OCR attention","Locate and inventory the original book-back one-mark section; determine whether MCQs exist before transcription.","false"
"0","12-economics-tamil-c7590e3f","Economics","Tamil","","tb-12-economics-tamil-c7590e3f-ch-1","1","0","0","20","0","0","0","0","","Not processed; Awaiting answer verification; Awaiting teacher review; Needs manual/OCR attention","Locate and inventory the original book-back one-mark section; determine whether MCQs exist before transcription.","false"
"0","12-economics-tamil-c7590e3f","Economics","Tamil","","tb-12-economics-tamil-c7590e3f-ch-2","2","0","0","20","0","0","0","0","","Not processed; Awaiting answer verification; Awaiting teacher review; Needs manual/OCR attention","Locate and inventory the original book-back one-mark section; determine whether MCQs exist before transcription.","false"
"0","12-economics-tamil-c7590e3f","Economics","Tamil","","tb-12-economics-tamil-c7590e3f-ch-3","3","0","0","21","0","0","0","0","","Not processed; Awaiting answer verification; Awaiting teacher review; Needs manual/OCR attention","Locate and inventory the original book-back one-mark section; determine whether MCQs exist before transcription.","false"
"0","12-economics-tamil-c7590e3f","Economics","Tamil","","tb-12-economics-tamil-c7590e3f-ch-4","4","0","0","21","0","0","0","0","","Not processed; Awaiting answer verification; Awaiting teacher review; Needs manual/OCR attention","Locate and inventory the original book-back one-mark section; determine whether MCQs exist before transcription.","false"
"0","12-economics-tamil-c7590e3f","Economics","Tamil","","tb-12-economics-tamil-c7590e3f-ch-5","5","0","0","18","0","0","0","0","","Not processed; Awaiting answer verification; Awaiting teacher review; Needs manual/OCR attention","Locate and inventory the original book-back one-mark section; determine whether MCQs exist before transcription.","false"
"0","12-economics-tamil-c7590e3f","Economics","Tamil","","tb-12-economics-tamil-c7590e3f-ch-6","6","0","2","21","0","0","0","0","131","Extracted; Awaiting answer verification; Awaiting teacher review; Needs manual/OCR attention","Verify the printed options and obtain source-supported or teacher-verified answers before approval.","false"
"0","12-economics-tamil-c7590e3f","Economics","Tamil","","tb-12-economics-tamil-c7590e3f-ch-7","7","0","0","21","0","0","0","0","","Not processed; Awaiting answer verification; Awaiting teacher review; Needs manual/OCR attention","Locate and inventory the original book-back one-mark section; determine whether MCQs exist before transcription.","false"
"0","12-economics-tamil-c7590e3f","Economics","Tamil","","tb-12-economics-tamil-c7590e3f-ch-8","8","0","0","22","0","0","0","0","","Not processed; Awaiting answer verification; Awaiting teacher review; Needs manual/OCR attention","Locate and inventory the original book-back one-mark section; determine whether MCQs exist before transcription.","false"
"0","12-economics-tamil-c7590e3f","Economics","Tamil","","tb-12-economics-tamil-c7590e3f-ch-9","9","0","13","23","0","0","0","0","217","Extracted; Awaiting answer verification; Awaiting teacher review; Needs manual/OCR attention","Verify the printed options and obtain source-supported or teacher-verified answers before approval.","false"
"0","12-economics-tamil-c7590e3f","Economics","Tamil","","tb-12-economics-tamil-c7590e3f-ch-10","10","0","0","21","0","0","0","0","","Not processed; Awaiting answer verification; Awaiting teacher review; Needs manual/OCR attention","Locate and inventory the original book-back one-mark section; determine whether MCQs exist before transcription.","false"
"0","12-economics-tamil-c7590e3f","Economics","Tamil","","tb-12-economics-tamil-c7590e3f-ch-11","11","0","20","21","20","0","20","0","301","Extracted; Awaiting answer verification; Awaiting teacher review; Needs manual/OCR attention","Individually compare prepared source/key evidence, repair OCR or notation, and explicitly approve or reject.","false"
"0","12-economics-tamil-c7590e3f","Economics","Tamil","","tb-12-economics-tamil-c7590e3f-ch-12","12","0","0","19","0","0","0","0","","Not processed; Awaiting answer verification; Awaiting teacher review; Needs manual/OCR attention","Locate and inventory the original book-back one-mark section; determine whether MCQs exist before transcription.","false"
"0","12-ethics-and-indian-culture-tamil-f49cc8fe","Ethics and Indian Culture","Tamil","","tb-12-ethics-and-indian-culture-tamil-f49cc8fe-ch-1","1","0","0","92","0","0","0","0","","Not processed; Awaiting answer verification; Awaiting teacher review; Needs manual/OCR attention","Locate and inventory the original book-back one-mark section; determine whether MCQs exist before transcription.","false"
"0","12-food-service-management-tamil-e2061fb1","Food Service Management","Tamil","","tb-12-food-service-management-tamil-e2061fb1-ch-1","1","0","0","15","0","0","0","0","","Not processed; Awaiting answer verification; Awaiting teacher review; Needs manual/OCR attention","Locate and inventory the original book-back one-mark section; determine whether MCQs exist before transcription.","false"
"0","12-food-service-management-tamil-e2061fb1","Food Service Management","Tamil","","tb-12-food-service-management-tamil-e2061fb1-ch-2","2","0","15","15","0","0","0","0","63","Extracted; Awaiting answer verification; Awaiting teacher review; Needs manual/OCR attention","Verify the printed options and obtain source-supported or teacher-verified answers before approval.","false"
"0","12-food-service-management-tamil-e2061fb1","Food Service Management","Tamil","","tb-12-food-service-management-tamil-e2061fb1-ch-3","3","0","0","17","0","0","0","0","","Not processed; Awaiting answer verification; Awaiting teacher review; Needs manual/OCR attention","Locate and inventory the original book-back one-mark section; determine whether MCQs exist before transcription.","false"
"0","12-food-service-management-tamil-e2061fb1","Food Service Management","Tamil","","tb-12-food-service-management-tamil-e2061fb1-ch-4","4","0","0","18","0","0","0","0","","Not processed; Awaiting answer verification; Awaiting teacher review; Needs manual/OCR attention","Locate and inventory the original book-back one-mark section; determine whether MCQs exist before transcription.","false"
"0","12-food-service-management-tamil-e2061fb1","Food Service Management","Tamil","","tb-12-food-service-management-tamil-e2061fb1-ch-5","5","0","14","14","0","0","0","0","177","Extracted; Awaiting answer verification; Awaiting teacher review; Needs manual/OCR attention","Verify the printed options and obtain source-supported or teacher-verified answers before approval.","false"
"0","12-food-service-management-tamil-e2061fb1","Food Service Management","Tamil","","tb-12-food-service-management-tamil-e2061fb1-ch-6","6","0","0","15","0","0","0","0","","Not processed; Awaiting answer verification; Awaiting teacher review; Needs manual/OCR attention","Locate and inventory the original book-back one-mark section; determine whether MCQs exist before transcription.","false"
"0","12-food-service-management-tamil-e2061fb1","Food Service Management","Tamil","","tb-12-food-service-management-tamil-e2061fb1-ch-7","7","0","19","19","0","0","0","0","209","Extracted; Awaiting answer verification; Awaiting teacher review; Needs manual/OCR attention","Verify the printed options and obtain source-supported or teacher-verified answers before approval.","false"
"0","12-food-service-management-tamil-e2061fb1","Food Service Management","Tamil","","tb-12-food-service-management-tamil-e2061fb1-ch-8","8","0","0","16","0","0","0","0","","Not processed; Awaiting answer verification; Awaiting teacher review; Needs manual/OCR attention","Locate and inventory the original book-back one-mark section; determine whether MCQs exist before transcription.","false"
"0","12-food-service-management-tamil-e2061fb1","Food Service Management","Tamil","","tb-12-food-service-management-tamil-e2061fb1-ch-9","9","0","4","19","0","0","0","0","312","Extracted; Awaiting answer verification; Awaiting teacher review; Needs manual/OCR attention","Verify the printed options and obtain source-supported or teacher-verified answers before approval.","false"
"0","12-general-nursing-tamil-b39f5ab1","General Nursing","Tamil","","tb-12-general-nursing-tamil-b39f5ab1-ch-1","1","0","43","47","0","0","0","0","49","Extracted; Awaiting answer verification; Awaiting teacher review; Needs manual/OCR attention","Verify the printed options and obtain source-supported or teacher-verified answers before approval.","false"
"0","12-general-nursing-tamil-b39f5ab1","General Nursing","Tamil","","tb-12-general-nursing-tamil-b39f5ab1-ch-2","2","0","29","29","0","0","0","0","99","Extracted; Awaiting answer verification; Awaiting teacher review; Needs manual/OCR attention","Verify the printed options and obtain source-supported or teacher-verified answers before approval.","false"
"0","12-general-nursing-tamil-b39f5ab1","General Nursing","Tamil","","tb-12-general-nursing-tamil-b39f5ab1-ch-3","3","0","8","8","0","0","0","0","116","Extracted; Awaiting answer verification; Awaiting teacher review; Needs manual/OCR attention","Verify the printed options and obtain source-supported or teacher-verified answers before approval.","false"
"0","12-general-nursing-tamil-b39f5ab1","General Nursing","Tamil","","tb-12-general-nursing-tamil-b39f5ab1-ch-4","4","0","0","1","0","0","0","0","","Not processed; Awaiting answer verification; Awaiting teacher review; Needs manual/OCR attention","Locate and inventory the original book-back one-mark section; determine whether MCQs exist before transcription.","false"
"0","12-general-nursing-tamil-b39f5ab1","General Nursing","Tamil","","tb-12-general-nursing-tamil-b39f5ab1-ch-5","5","0","0","10","0","0","0","0","","Not processed; Awaiting answer verification; Awaiting teacher review; Needs manual/OCR attention","Locate and inventory the original book-back one-mark section; determine whether MCQs exist before transcription.","false"
"0","12-general-nursing-tamil-b39f5ab1","General Nursing","Tamil","","tb-12-general-nursing-tamil-b39f5ab1-ch-6","6","0","0","0","0","0","0","0","","Not processed","Locate and inventory the original book-back one-mark section; determine whether MCQs exist before transcription.","false"
"0","12-general-nursing-tamil-b39f5ab1","General Nursing","Tamil","","tb-12-general-nursing-tamil-b39f5ab1-ch-7","7","0","0","10","0","0","0","0","","Not processed; Awaiting answer verification; Awaiting teacher review; Needs manual/OCR attention","Locate and inventory the original book-back one-mark section; determine whether MCQs exist before transcription.","false"
"0","12-general-nursing-tamil-b39f5ab1","General Nursing","Tamil","","tb-12-general-nursing-tamil-b39f5ab1-ch-8","8","0","0","20","0","0","0","0","","Not processed; Awaiting answer verification; Awaiting teacher review; Needs manual/OCR attention","Locate and inventory the original book-back one-mark section; determine whether MCQs exist before transcription.","false"
"0","12-general-nursing-tamil-b39f5ab1","General Nursing","Tamil","","tb-12-general-nursing-tamil-b39f5ab1-ch-9","9","0","11","11","0","0","0","0","233","Extracted; Awaiting answer verification; Awaiting teacher review; Needs manual/OCR attention","Verify the printed options and obtain source-supported or teacher-verified answers before approval.","false"
"0","12-general-nursing-tamil-b39f5ab1","General Nursing","Tamil","","tb-12-general-nursing-tamil-b39f5ab1-ch-10","10","0","0","10","0","0","0","0","","Not processed; Awaiting answer verification; Awaiting teacher review; Needs manual/OCR attention","Locate and inventory the original book-back one-mark section; determine whether MCQs exist before transcription.","false"
"0","12-general-nursing-tamil-b39f5ab1","General Nursing","Tamil","","tb-12-general-nursing-tamil-b39f5ab1-ch-11","11","0","0","18","0","0","0","0","","Not processed; Awaiting answer verification; Awaiting teacher review; Needs manual/OCR attention","Locate and inventory the original book-back one-mark section; determine whether MCQs exist before transcription.","false"
"0","12-general-nursing-tamil-b39f5ab1","General Nursing","Tamil","","tb-12-general-nursing-tamil-b39f5ab1-ch-12","12","0","9","9","0","0","0","0","312","Extracted; Awaiting answer verification; Awaiting teacher review; Needs manual/OCR attention","Verify the printed options and obtain source-supported or teacher-verified answers before approval.","false"
"0","12-general-nursing-tamil-b39f5ab1","General Nursing","Tamil","","tb-12-general-nursing-tamil-b39f5ab1-ch-13","13","0","1","6","0","0","0","0","354","Extracted; Awaiting answer verification; Awaiting teacher review; Needs manual/OCR attention","Verify the printed options and obtain source-supported or teacher-verified answers before approval.","false"
"0","12-geography-tamil-ba849e46","Geography","Tamil","","tb-12-geography-tamil-ba849e46-ch-1","1","0","19","19","0","0","0","0","11","Extracted; Awaiting answer verification; Awaiting teacher review; Needs manual/OCR attention","Verify the printed options and obtain source-supported or teacher-verified answers before approval.","false"
"0","12-geography-tamil-ba849e46","Geography","Tamil","","tb-12-geography-tamil-ba849e46-ch-2","2","0","0","0","0","0","0","0","","Not processed","Locate and inventory the original book-back one-mark section; determine whether MCQs exist before transcription.","false"
"0","12-geography-tamil-ba849e46","Geography","Tamil","","tb-12-geography-tamil-ba849e46-ch-3","3","0","0","9","0","0","0","0","","Not processed; Awaiting answer verification; Awaiting teacher review; Needs manual/OCR attention","Locate and inventory the original book-back one-mark section; determine whether MCQs exist before transcription.","false"
"0","12-geography-tamil-ba849e46","Geography","Tamil","","tb-12-geography-tamil-ba849e46-ch-4","4","0","0","10","0","0","0","0","","Not processed; Awaiting answer verification; Awaiting teacher review; Needs manual/OCR attention","Locate and inventory the original book-back one-mark section; determine whether MCQs exist before transcription.","false"
"0","12-geography-tamil-ba849e46","Geography","Tamil","","tb-12-geography-tamil-ba849e46-ch-5","5","0","9","14","0","0","0","0","125","Extracted; Awaiting answer verification; Awaiting teacher review; Needs manual/OCR attention","Verify the printed options and obtain source-supported or teacher-verified answers before approval.","false"
"0","12-geography-tamil-ba849e46","Geography","Tamil","","tb-12-geography-tamil-ba849e46-ch-6","6","0","9","9","0","0","0","0","146","Extracted; Awaiting answer verification; Awaiting teacher review; Needs manual/OCR attention","Verify the printed options and obtain source-supported or teacher-verified answers before approval.","false"
"0","12-geography-tamil-ba849e46","Geography","Tamil","","tb-12-geography-tamil-ba849e46-ch-7","7","0","10","10","0","0","0","0","162","Extracted; Awaiting answer verification; Awaiting teacher review; Needs manual/OCR attention","Verify the printed options and obtain source-supported or teacher-verified answers before approval.","false"
"0","12-geography-tamil-ba849e46","Geography","Tamil","","tb-12-geography-tamil-ba849e46-ch-8","8","0","0","10","0","0","0","0","","Not processed; Awaiting answer verification; Awaiting teacher review; Needs manual/OCR attention","Locate and inventory the original book-back one-mark section; determine whether MCQs exist before transcription.","false"
"0","12-geography-tamil-ba849e46","Geography","Tamil","","tb-12-geography-tamil-ba849e46-ch-9","9","0","0","0","0","0","0","0","","Not processed","Locate and inventory the original book-back one-mark section; determine whether MCQs exist before transcription.","false"
"0","12-geography-tamil-ba849e46","Geography","Tamil","","tb-12-geography-tamil-ba849e46-ch-10","10","0","0","1","0","0","0","0","","Not processed; Awaiting answer verification; Awaiting teacher review; Needs manual/OCR attention","Locate and inventory the original book-back one-mark section; determine whether MCQs exist before transcription.","false"
"0","12-geography-tamil-ba849e46","Geography","Tamil","","tb-12-geography-tamil-ba849e46-ch-11","11","0","0","0","0","0","0","0","","Not processed","Locate and inventory the original book-back one-mark section; determine whether MCQs exist before transcription.","false"
"0","12-geography-tamil-ba849e46","Geography","Tamil","","tb-12-geography-tamil-ba849e46-ch-12","12","0","0","0","0","0","0","0","","Not processed","Locate and inventory the original book-back one-mark section; determine whether MCQs exist before transcription.","false"
"0","12-geography-tamil-ba849e46","Geography","Tamil","","tb-12-geography-tamil-ba849e46-ch-13","13","0","0","0","0","0","0","0","","Not processed","Locate and inventory the original book-back one-mark section; determine whether MCQs exist before transcription.","false"
"0","12-history-tamil-3c88c869","History","Tamil","","tb-12-history-tamil-3c88c869-ch-1","1","0","12","12","0","0","0","0","18","Extracted; Awaiting answer verification; Awaiting teacher review; Needs manual/OCR attention","Verify the printed options and obtain source-supported or teacher-verified answers before approval.","false"
"0","12-history-tamil-3c88c869","History","Tamil","","tb-12-history-tamil-3c88c869-ch-2","2","0","0","7","0","0","0","0","","Not processed; Awaiting answer verification; Awaiting teacher review; Needs manual/OCR attention","Locate and inventory the original book-back one-mark section; determine whether MCQs exist before transcription.","false"
"0","12-history-tamil-3c88c869","History","Tamil","","tb-12-history-tamil-3c88c869-ch-3","3","0","0","6","0","0","0","0","","Not processed; Awaiting answer verification; Awaiting teacher review; Needs manual/OCR attention","Locate and inventory the original book-back one-mark section; determine whether MCQs exist before transcription.","false"
"0","12-history-tamil-3c88c869","History","Tamil","","tb-12-history-tamil-3c88c869-ch-4","4","0","0","9","0","0","0","0","","Not processed; Awaiting answer verification; Awaiting teacher review; Needs manual/OCR attention","Locate and inventory the original book-back one-mark section; determine whether MCQs exist before transcription.","false"
"0","12-history-tamil-3c88c869","History","Tamil","","tb-12-history-tamil-3c88c869-ch-5","5","0","0","10","0","0","0","0","","Not processed; Awaiting answer verification; Awaiting teacher review; Needs manual/OCR attention","Locate and inventory the original book-back one-mark section; determine whether MCQs exist before transcription.","false"
"0","12-history-tamil-3c88c869","History","Tamil","","tb-12-history-tamil-3c88c869-ch-6","6","0","0","10","0","0","0","0","","Not processed; Awaiting answer verification; Awaiting teacher review; Needs manual/OCR attention","Locate and inventory the original book-back one-mark section; determine whether MCQs exist before transcription.","false"
"0","12-history-tamil-3c88c869","History","Tamil","","tb-12-history-tamil-3c88c869-ch-7","7","0","0","17","0","0","0","0","","Not processed; Awaiting answer verification; Awaiting teacher review; Needs manual/OCR attention","Locate and inventory the original book-back one-mark section; determine whether MCQs exist before transcription.","false"
"0","12-history-tamil-3c88c869","History","Tamil","","tb-12-history-tamil-3c88c869-ch-8","8","0","0","10","0","0","0","0","","Not processed; Awaiting answer verification; Awaiting teacher review; Needs manual/OCR attention","Locate and inventory the original book-back one-mark section; determine whether MCQs exist before transcription.","false"
"0","12-history-tamil-3c88c869","History","Tamil","","tb-12-history-tamil-3c88c869-ch-9","9","0","0","12","0","0","0","0","","Not processed; Awaiting answer verification; Awaiting teacher review; Needs manual/OCR attention","Locate and inventory the original book-back one-mark section; determine whether MCQs exist before transcription.","false"
"0","12-history-tamil-3c88c869","History","Tamil","","tb-12-history-tamil-3c88c869-ch-10","10","0","0","19","0","0","0","0","","Not processed; Awaiting answer verification; Awaiting teacher review; Needs manual/OCR attention","Locate and inventory the original book-back one-mark section; determine whether MCQs exist before transcription.","false"
"0","12-history-tamil-3c88c869","History","Tamil","","tb-12-history-tamil-3c88c869-ch-11","11","0","0","18","0","0","0","0","","Not processed; Awaiting answer verification; Awaiting teacher review; Needs manual/OCR attention","Locate and inventory the original book-back one-mark section; determine whether MCQs exist before transcription.","false"
"0","12-history-tamil-3c88c869","History","Tamil","","tb-12-history-tamil-3c88c869-ch-12","12","0","0","18","0","0","0","0","","Not processed; Awaiting answer verification; Awaiting teacher review; Needs manual/OCR attention","Locate and inventory the original book-back one-mark section; determine whether MCQs exist before transcription.","false"
"0","12-history-tamil-3c88c869","History","Tamil","","tb-12-history-tamil-3c88c869-ch-13","13","0","19","19","0","0","0","0","250","Extracted; Awaiting answer verification; Awaiting teacher review; Needs manual/OCR attention","Verify the printed options and obtain source-supported or teacher-verified answers before approval.","false"
"0","12-history-tamil-3c88c869","History","Tamil","","tb-12-history-tamil-3c88c869-ch-14","14","0","0","19","0","0","0","0","","Not processed; Awaiting answer verification; Awaiting teacher review; Needs manual/OCR attention","Locate and inventory the original book-back one-mark section; determine whether MCQs exist before transcription.","false"
"0","12-history-tamil-3c88c869","History","Tamil","","tb-12-history-tamil-3c88c869-ch-15","15","0","0","19","0","0","0","0","","Not processed; Awaiting answer verification; Awaiting teacher review; Needs manual/OCR attention","Locate and inventory the original book-back one-mark section; determine whether MCQs exist before transcription.","false"
"0","12-home-science-tamil-0cbbe34e","Home Science","Tamil","","tb-12-home-science-tamil-0cbbe34e-ch-1","1","0","0","19","0","0","0","0","","Not processed; Awaiting answer verification; Awaiting teacher review; Needs manual/OCR attention","Locate and inventory the original book-back one-mark section; determine whether MCQs exist before transcription.","false"
"0","12-home-science-tamil-0cbbe34e","Home Science","Tamil","","tb-12-home-science-tamil-0cbbe34e-ch-2","2","0","0","10","0","0","0","0","","Not processed; Awaiting answer verification; Awaiting teacher review; Needs manual/OCR attention","Locate and inventory the original book-back one-mark section; determine whether MCQs exist before transcription.","false"
"0","12-home-science-tamil-0cbbe34e","Home Science","Tamil","","tb-12-home-science-tamil-0cbbe34e-ch-3","3","0","0","12","0","0","0","0","","Not processed; Awaiting answer verification; Awaiting teacher review; Needs manual/OCR attention","Locate and inventory the original book-back one-mark section; determine whether MCQs exist before transcription.","false"
"0","12-home-science-tamil-0cbbe34e","Home Science","Tamil","","tb-12-home-science-tamil-0cbbe34e-ch-4","4","0","0","8","0","0","0","0","","Not processed; Awaiting answer verification; Awaiting teacher review; Needs manual/OCR attention","Locate and inventory the original book-back one-mark section; determine whether MCQs exist before transcription.","false"
"0","12-home-science-tamil-0cbbe34e","Home Science","Tamil","","tb-12-home-science-tamil-0cbbe34e-ch-5","5","0","0","11","0","0","0","0","","Not processed; Awaiting answer verification; Awaiting teacher review; Needs manual/OCR attention","Locate and inventory the original book-back one-mark section; determine whether MCQs exist before transcription.","false"
"0","12-home-science-tamil-0cbbe34e","Home Science","Tamil","","tb-12-home-science-tamil-0cbbe34e-ch-6","6","0","0","10","0","0","0","0","","Not processed; Awaiting answer verification; Awaiting teacher review; Needs manual/OCR attention","Locate and inventory the original book-back one-mark section; determine whether MCQs exist before transcription.","false"
"0","12-home-science-tamil-0cbbe34e","Home Science","Tamil","","tb-12-home-science-tamil-0cbbe34e-ch-7","7","0","10","10","0","0","0","0","228","Extracted; Awaiting answer verification; Awaiting teacher review; Needs manual/OCR attention","Verify the printed options and obtain source-supported or teacher-verified answers before approval.","false"
"0","12-home-science-tamil-0cbbe34e","Home Science","Tamil","","tb-12-home-science-tamil-0cbbe34e-ch-8","8","0","0","8","0","0","0","0","","Not processed; Awaiting answer verification; Awaiting teacher review; Needs manual/OCR attention","Locate and inventory the original book-back one-mark section; determine whether MCQs exist before transcription.","false"
"0","12-mathematics-tamil-v1-96fc1e8d","Mathematics","Tamil","1","tb-12-mathematics-tamil-v1-96fc1e8d-ch-1","1","0","25","25","25","0","25","0","61","Extracted; Awaiting teacher review; Needs manual/OCR attention","Individually compare prepared source/key evidence, repair OCR or notation, and explicitly approve or reject.","false"
"0","12-mathematics-tamil-v1-96fc1e8d","Mathematics","Tamil","1","tb-12-mathematics-tamil-v1-96fc1e8d-ch-2","2","0","0","25","0","0","0","0","","Not processed; Awaiting answer verification; Awaiting teacher review; Needs manual/OCR attention","Locate and inventory the original book-back one-mark section; determine whether MCQs exist before transcription.","false"
"0","12-mathematics-tamil-v1-96fc1e8d","Mathematics","Tamil","1","tb-12-mathematics-tamil-v1-96fc1e8d-ch-3","3","0","10","10","10","0","0","10","147","Extracted; Awaiting answer verification; Awaiting teacher review; Needs manual/OCR attention","Individually compare prepared source/key evidence, repair OCR or notation, and explicitly approve or reject.","false"
"0","12-mathematics-tamil-v1-96fc1e8d","Mathematics","Tamil","1","tb-12-mathematics-tamil-v1-96fc1e8d-ch-4","4","0","0","17","0","0","0","0","","Not processed; Awaiting answer verification; Awaiting teacher review; Needs manual/OCR attention","Locate and inventory the original book-back one-mark section; determine whether MCQs exist before transcription.","false"
"0","12-mathematics-tamil-v1-96fc1e8d","Mathematics","Tamil","1","tb-12-mathematics-tamil-v1-96fc1e8d-ch-5","5","0","0","25","0","0","0","0","","Not processed; Awaiting answer verification; Awaiting teacher review; Needs manual/OCR attention","Locate and inventory the original book-back one-mark section; determine whether MCQs exist before transcription.","false"
"0","12-mathematics-tamil-v1-96fc1e8d","Mathematics","Tamil","1","tb-12-mathematics-tamil-v1-96fc1e8d-ch-6","6","0","0","23","0","0","0","0","","Not processed; Awaiting answer verification; Awaiting teacher review; Needs manual/OCR attention","Locate and inventory the original book-back one-mark section; determine whether MCQs exist before transcription.","false"
"0","12-mathematics-tamil-v2-f8732624","Mathematics","Tamil","2","tb-12-mathematics-tamil-v2-f8732624-ch-7","7","0","20","21","20","0","20","0","61","Extracted; Awaiting answer verification; Awaiting teacher review; Needs manual/OCR attention","Individually compare prepared source/key evidence, repair OCR or notation, and explicitly approve or reject.","false"
"0","12-mathematics-tamil-v2-f8732624","Mathematics","Tamil","2","tb-12-mathematics-tamil-v2-f8732624-ch-8","8","0","15","15","15","0","0","15","95","Extracted; Awaiting answer verification; Awaiting teacher review; Needs manual/OCR attention","Individually compare prepared source/key evidence, repair OCR or notation, and explicitly approve or reject.","false"
"0","12-mathematics-tamil-v2-f8732624","Mathematics","Tamil","2","tb-12-mathematics-tamil-v2-f8732624-ch-9","9","0","19","19","19","0","0","19","150","Extracted; Awaiting answer verification; Awaiting teacher review; Needs manual/OCR attention","Individually compare prepared source/key evidence, repair OCR or notation, and explicitly approve or reject.","false"
"0","12-mathematics-tamil-v2-f8732624","Mathematics","Tamil","2","tb-12-mathematics-tamil-v2-f8732624-ch-10","10","0","0","25","0","0","0","0","","Not processed; Awaiting answer verification; Awaiting teacher review; Needs manual/OCR attention","Locate and inventory the original book-back one-mark section; determine whether MCQs exist before transcription.","false"
"0","12-mathematics-tamil-v2-f8732624","Mathematics","Tamil","2","tb-12-mathematics-tamil-v2-f8732624-ch-11","11","0","20","20","20","0","0","20","235","Extracted; Awaiting answer verification; Awaiting teacher review; Needs manual/OCR attention","Individually compare prepared source/key evidence, repair OCR or notation, and explicitly approve or reject.","false"
"0","12-mathematics-tamil-v2-f8732624","Mathematics","Tamil","2","tb-12-mathematics-tamil-v2-f8732624-ch-12","12","0","0","17","0","0","0","0","","Not processed; Awaiting answer verification; Awaiting teacher review; Needs manual/OCR attention","Locate and inventory the original book-back one-mark section; determine whether MCQs exist before transcription.","false"
"0","12-microbiology-tamil-a879259a","Microbiology","Tamil","","tb-12-microbiology-tamil-a879259a-ch-1","1","0","0","4","0","0","0","0","","Not processed; Awaiting answer verification; Awaiting teacher review; Needs manual/OCR attention","Locate and inventory the original book-back one-mark section; determine whether MCQs exist before transcription.","false"
"0","12-microbiology-tamil-a879259a","Microbiology","Tamil","","tb-12-microbiology-tamil-a879259a-ch-2","2","0","0","10","0","0","0","0","","Not processed; Awaiting answer verification; Awaiting teacher review; Needs manual/OCR attention","Locate and inventory the original book-back one-mark section; determine whether MCQs exist before transcription.","false"
"0","12-microbiology-tamil-a879259a","Microbiology","Tamil","","tb-12-microbiology-tamil-a879259a-ch-3","3","0","10","10","0","0","0","0","45","Extracted; Awaiting answer verification; Awaiting teacher review; Needs manual/OCR attention","Verify the printed options and obtain source-supported or teacher-verified answers before approval.","false"
"0","12-microbiology-tamil-a879259a","Microbiology","Tamil","","tb-12-microbiology-tamil-a879259a-ch-4","4","0","0","9","0","0","0","0","","Not processed; Awaiting answer verification; Awaiting teacher review; Needs manual/OCR attention","Locate and inventory the original book-back one-mark section; determine whether MCQs exist before transcription.","false"
"0","12-microbiology-tamil-a879259a","Microbiology","Tamil","","tb-12-microbiology-tamil-a879259a-ch-5","5","0","0","8","0","0","0","0","","Not processed; Awaiting answer verification; Awaiting teacher review; Needs manual/OCR attention","Locate and inventory the original book-back one-mark section; determine whether MCQs exist before transcription.","false"
"0","12-microbiology-tamil-a879259a","Microbiology","Tamil","","tb-12-microbiology-tamil-a879259a-ch-6","6","0","0","4","0","0","0","0","","Not processed; Awaiting answer verification; Awaiting teacher review; Needs manual/OCR attention","Locate and inventory the original book-back one-mark section; determine whether MCQs exist before transcription.","false"
"0","12-microbiology-tamil-a879259a","Microbiology","Tamil","","tb-12-microbiology-tamil-a879259a-ch-7","7","0","10","14","0","0","0","0","153","Extracted; Awaiting answer verification; Awaiting teacher review; Needs manual/OCR attention","Verify the printed options and obtain source-supported or teacher-verified answers before approval.","false"
"0","12-microbiology-tamil-a879259a","Microbiology","Tamil","","tb-12-microbiology-tamil-a879259a-ch-8","8","0","0","11","0","0","0","0","","Not processed; Awaiting answer verification; Awaiting teacher review; Needs manual/OCR attention","Locate and inventory the original book-back one-mark section; determine whether MCQs exist before transcription.","false"
"0","12-microbiology-tamil-a879259a","Microbiology","Tamil","","tb-12-microbiology-tamil-a879259a-ch-9","9","0","0","14","0","0","0","0","","Not processed; Awaiting answer verification; Awaiting teacher review; Needs manual/OCR attention","Locate and inventory the original book-back one-mark section; determine whether MCQs exist before transcription.","false"
"0","12-microbiology-tamil-a879259a","Microbiology","Tamil","","tb-12-microbiology-tamil-a879259a-ch-10","10","0","6","8","0","0","0","0","233","Extracted; Awaiting answer verification; Awaiting teacher review; Needs manual/OCR attention","Verify the printed options and obtain source-supported or teacher-verified answers before approval.","false"
"0","12-microbiology-tamil-a879259a","Microbiology","Tamil","","tb-12-microbiology-tamil-a879259a-ch-11","11","0","9","9","0","0","0","0","253","Extracted; Awaiting answer verification; Awaiting teacher review; Needs manual/OCR attention","Verify the printed options and obtain source-supported or teacher-verified answers before approval.","false"
"0","12-microbiology-tamil-a879259a","Microbiology","Tamil","","tb-12-microbiology-tamil-a879259a-ch-12","12","0","22","23","0","0","0","0","289","Extracted; Awaiting answer verification; Awaiting teacher review; Needs manual/OCR attention","Verify the printed options and obtain source-supported or teacher-verified answers before approval.","false"
"0","12-nursing-vocational-tamil-7f44a760","Nursing Vocational","Tamil","","tb-12-nursing-vocational-tamil-7f44a760-ch-1","1","0","0","7","0","0","0","0","","Not processed; Awaiting answer verification; Awaiting teacher review; Needs manual/OCR attention","Locate and inventory the original book-back one-mark section; determine whether MCQs exist before transcription.","false"
"0","12-nursing-vocational-tamil-7f44a760","Nursing Vocational","Tamil","","tb-12-nursing-vocational-tamil-7f44a760-ch-2","2","0","5","10","0","0","0","0","64","Extracted; Awaiting answer verification; Awaiting teacher review; Needs manual/OCR attention","Verify the printed options and obtain source-supported or teacher-verified answers before approval.","false"
"0","12-nursing-vocational-tamil-7f44a760","Nursing Vocational","Tamil","","tb-12-nursing-vocational-tamil-7f44a760-ch-3","3","0","0","11","0","0","0","0","","Not processed; Awaiting answer verification; Awaiting teacher review; Needs manual/OCR attention","Locate and inventory the original book-back one-mark section; determine whether MCQs exist before transcription.","false"
"0","12-nursing-vocational-tamil-7f44a760","Nursing Vocational","Tamil","","tb-12-nursing-vocational-tamil-7f44a760-ch-4","4","0","10","10","0","0","0","0","132","Extracted; Awaiting answer verification; Awaiting teacher review; Needs manual/OCR attention","Verify the printed options and obtain source-supported or teacher-verified answers before approval.","false"
"0","12-nursing-vocational-tamil-7f44a760","Nursing Vocational","Tamil","","tb-12-nursing-vocational-tamil-7f44a760-ch-5","5","0","0","13","0","0","0","0","","Not processed; Awaiting answer verification; Awaiting teacher review; Needs manual/OCR attention","Locate and inventory the original book-back one-mark section; determine whether MCQs exist before transcription.","false"
"0","12-nursing-vocational-tamil-7f44a760","Nursing Vocational","Tamil","","tb-12-nursing-vocational-tamil-7f44a760-ch-6","6","0","0","13","0","0","0","0","","Not processed; Awaiting answer verification; Awaiting teacher review; Needs manual/OCR attention","Locate and inventory the original book-back one-mark section; determine whether MCQs exist before transcription.","false"
"0","12-nursing-vocational-tamil-7f44a760","Nursing Vocational","Tamil","","tb-12-nursing-vocational-tamil-7f44a760-ch-7","7","0","0","5","0","0","0","0","","Not processed; Awaiting answer verification; Awaiting teacher review; Needs manual/OCR attention","Locate and inventory the original book-back one-mark section; determine whether MCQs exist before transcription.","false"
"0","12-nursing-vocational-tamil-7f44a760","Nursing Vocational","Tamil","","tb-12-nursing-vocational-tamil-7f44a760-ch-8","8","0","0","5","0","0","0","0","","Not processed; Awaiting answer verification; Awaiting teacher review; Needs manual/OCR attention","Locate and inventory the original book-back one-mark section; determine whether MCQs exist before transcription.","false"
"0","12-nursing-vocational-tamil-7f44a760","Nursing Vocational","Tamil","","tb-12-nursing-vocational-tamil-7f44a760-ch-9","9","0","10","10","0","0","0","0","287","Extracted; Awaiting answer verification; Awaiting teacher review; Needs manual/OCR attention","Verify the printed options and obtain source-supported or teacher-verified answers before approval.","false"
"0","12-nursing-vocational-tamil-7f44a760","Nursing Vocational","Tamil","","tb-12-nursing-vocational-tamil-7f44a760-ch-10","10","0","10","10","0","0","0","0","303","Extracted; Awaiting answer verification; Awaiting teacher review; Needs manual/OCR attention","Verify the printed options and obtain source-supported or teacher-verified answers before approval.","false"
"0","12-nursing-vocational-tamil-7f44a760","Nursing Vocational","Tamil","","tb-12-nursing-vocational-tamil-7f44a760-ch-11","11","0","14","27","0","0","0","0","322","Extracted; Awaiting answer verification; Awaiting teacher review; Needs manual/OCR attention","Verify the printed options and obtain source-supported or teacher-verified answers before approval.","false"
"0","12-office-management-secretaryship-typography-tamil-241b6edf","Office Management, Secretaryship & Typography","Tamil","","tb-12-office-management-secretaryship-typography-tamil-241b6edf-ch-1","1","0","0","7","0","0","0","0","","Not processed; Awaiting answer verification; Awaiting teacher review; Needs manual/OCR attention","Locate and inventory the original book-back one-mark section; determine whether MCQs exist before transcription.","false"
"0","12-office-management-secretaryship-typography-tamil-241b6edf","Office Management, Secretaryship & Typography","Tamil","","tb-12-office-management-secretaryship-typography-tamil-241b6edf-ch-2","2","0","0","12","0","0","0","0","","Not processed; Awaiting answer verification; Awaiting teacher review; Needs manual/OCR attention","Locate and inventory the original book-back one-mark section; determine whether MCQs exist before transcription.","false"
"0","12-office-management-secretaryship-typography-tamil-241b6edf","Office Management, Secretaryship & Typography","Tamil","","tb-12-office-management-secretaryship-typography-tamil-241b6edf-ch-3","3","0","0","11","0","0","0","0","","Not processed; Awaiting answer verification; Awaiting teacher review; Needs manual/OCR attention","Locate and inventory the original book-back one-mark section; determine whether MCQs exist before transcription.","false"
"0","12-office-management-secretaryship-typography-tamil-241b6edf","Office Management, Secretaryship & Typography","Tamil","","tb-12-office-management-secretaryship-typography-tamil-241b6edf-ch-4","4","0","0","10","0","0","0","0","","Not processed; Awaiting answer verification; Awaiting teacher review; Needs manual/OCR attention","Locate and inventory the original book-back one-mark section; determine whether MCQs exist before transcription.","false"
"0","12-office-management-secretaryship-typography-tamil-241b6edf","Office Management, Secretaryship & Typography","Tamil","","tb-12-office-management-secretaryship-typography-tamil-241b6edf-ch-5","5","0","0","10","0","0","0","0","","Not processed; Awaiting answer verification; Awaiting teacher review; Needs manual/OCR attention","Locate and inventory the original book-back one-mark section; determine whether MCQs exist before transcription.","false"
"0","12-office-management-secretaryship-typography-tamil-241b6edf","Office Management, Secretaryship & Typography","Tamil","","tb-12-office-management-secretaryship-typography-tamil-241b6edf-ch-6","6","0","2","2","0","0","0","0","100","Extracted; Awaiting answer verification; Awaiting teacher review; Needs manual/OCR attention","Verify the printed options and obtain source-supported or teacher-verified answers before approval.","false"
"0","12-office-management-secretaryship-typography-tamil-241b6edf","Office Management, Secretaryship & Typography","Tamil","","tb-12-office-management-secretaryship-typography-tamil-241b6edf-ch-7","7","0","0","13","0","0","0","0","","Not processed; Awaiting answer verification; Awaiting teacher review; Needs manual/OCR attention","Locate and inventory the original book-back one-mark section; determine whether MCQs exist before transcription.","false"
"0","12-office-management-secretaryship-typography-tamil-241b6edf","Office Management, Secretaryship & Typography","Tamil","","tb-12-office-management-secretaryship-typography-tamil-241b6edf-ch-8","8","0","0","10","0","0","0","0","","Not processed; Awaiting answer verification; Awaiting teacher review; Needs manual/OCR attention","Locate and inventory the original book-back one-mark section; determine whether MCQs exist before transcription.","false"
"0","12-office-management-secretaryship-typography-tamil-241b6edf","Office Management, Secretaryship & Typography","Tamil","","tb-12-office-management-secretaryship-typography-tamil-241b6edf-ch-9","9","0","0","6","0","0","0","0","","Not processed; Awaiting answer verification; Awaiting teacher review; Needs manual/OCR attention","Locate and inventory the original book-back one-mark section; determine whether MCQs exist before transcription.","false"
"0","12-office-management-secretaryship-typography-tamil-241b6edf","Office Management, Secretaryship & Typography","Tamil","","tb-12-office-management-secretaryship-typography-tamil-241b6edf-ch-10","10","0","0","21","0","0","0","0","","Not processed; Awaiting answer verification; Awaiting teacher review; Needs manual/OCR attention","Locate and inventory the original book-back one-mark section; determine whether MCQs exist before transcription.","false"
"0","12-physics-tamil-v1-c1623725","Physics","Tamil","1","tb-12-physics-tamil-v1-c1623725-ch-1","1","0","0","14","0","0","0","0","","Not processed; Awaiting answer verification; Awaiting teacher review; Needs manual/OCR attention","Locate and inventory the original book-back one-mark section; determine whether MCQs exist before transcription.","false"
"0","12-physics-tamil-v1-c1623725","Physics","Tamil","1","tb-12-physics-tamil-v1-c1623725-ch-2","2","0","0","13","0","0","0","0","","Not processed; Awaiting answer verification; Awaiting teacher review; Needs manual/OCR attention","Locate and inventory the original book-back one-mark section; determine whether MCQs exist before transcription.","false"
"0","12-physics-tamil-v1-c1623725","Physics","Tamil","1","tb-12-physics-tamil-v1-c1623725-ch-3","3","0","0","15","0","0","0","0","","Not processed; Awaiting answer verification; Awaiting teacher review; Needs manual/OCR attention","Locate and inventory the original book-back one-mark section; determine whether MCQs exist before transcription.","false"
"0","12-physics-tamil-v1-c1623725","Physics","Tamil","1","tb-12-physics-tamil-v1-c1623725-ch-4","4","0","0","14","0","0","0","0","","Not processed; Awaiting answer verification; Awaiting teacher review; Needs manual/OCR attention","Locate and inventory the original book-back one-mark section; determine whether MCQs exist before transcription.","false"
"0","12-physics-tamil-v1-c1623725","Physics","Tamil","1","tb-12-physics-tamil-v1-c1623725-ch-5","5","0","0","16","0","0","0","0","","Not processed; Awaiting answer verification; Awaiting teacher review; Needs manual/OCR attention","Locate and inventory the original book-back one-mark section; determine whether MCQs exist before transcription.","false"
"0","12-physics-tamil-v1-c1623725","Physics","Tamil","1","tb-12-physics-tamil-v1-c1623725-ch-7","7","0","0","4","0","0","0","0","","Not processed; Awaiting answer verification; Awaiting teacher review; Needs manual/OCR attention","Locate and inventory the original book-back one-mark section; determine whether MCQs exist before transcription.","false"
"0","12-physics-tamil-v1-c1623725","Physics","Tamil","1","tb-12-physics-tamil-v1-c1623725-ch-10","10","0","0","0","0","0","0","0","","Not processed","Locate and inventory the original book-back one-mark section; determine whether MCQs exist before transcription.","false"
"0","12-physics-tamil-v2-fb1fa4de","Physics","Tamil","2","tb-12-physics-tamil-v2-fb1fa4de-ch-6","6","0","1","10","0","0","0","0","57","Extracted; Awaiting answer verification; Awaiting teacher review; Needs manual/OCR attention","Verify the printed options and obtain source-supported or teacher-verified answers before approval.","false"
"0","12-physics-tamil-v2-fb1fa4de","Physics","Tamil","2","tb-12-physics-tamil-v2-fb1fa4de-ch-7","7","0","0","14","0","0","0","0","","Not processed; Awaiting answer verification; Awaiting teacher review; Needs manual/OCR attention","Locate and inventory the original book-back one-mark section; determine whether MCQs exist before transcription.","false"
"0","12-physics-tamil-v2-fb1fa4de","Physics","Tamil","2","tb-12-physics-tamil-v2-fb1fa4de-ch-8","8","0","0","14","0","0","0","0","","Not processed; Awaiting answer verification; Awaiting teacher review; Needs manual/OCR attention","Locate and inventory the original book-back one-mark section; determine whether MCQs exist before transcription.","false"
"0","12-physics-tamil-v2-fb1fa4de","Physics","Tamil","2","tb-12-physics-tamil-v2-fb1fa4de-ch-9","9","0","19","23","0","0","0","0","197","Extracted; Awaiting answer verification; Awaiting teacher review; Needs manual/OCR attention","Verify the printed options and obtain source-supported or teacher-verified answers before approval.","false"
"0","12-physics-tamil-v2-fb1fa4de","Physics","Tamil","2","tb-12-physics-tamil-v2-fb1fa4de-ch-10","10","0","0","0","0","0","0","0","","Not processed","Locate and inventory the original book-back one-mark section; determine whether MCQs exist before transcription.","false"
"0","12-physics-tamil-v2-fb1fa4de","Physics","Tamil","2","tb-12-physics-tamil-v2-fb1fa4de-ch-11","11","0","0","14","0","0","0","0","","Not processed; Awaiting answer verification; Awaiting teacher review; Needs manual/OCR attention","Locate and inventory the original book-back one-mark section; determine whether MCQs exist before transcription.","false"
"0","12-physics-tamil-v2-fb1fa4de","Physics","Tamil","2","tb-12-physics-tamil-v2-fb1fa4de-ch-12","12","0","10","11","0","0","0","0","290","Extracted; Awaiting answer verification; Awaiting teacher review; Needs manual/OCR attention","Verify the printed options and obtain source-supported or teacher-verified answers before approval.","false"
"0","12-political-science-tamil-5da94964","Political Science","Tamil","","tb-12-political-science-tamil-5da94964-ch-1","1","0","0","15","0","0","0","0","","Not processed; Awaiting answer verification; Awaiting teacher review; Needs manual/OCR attention","Locate and inventory the original book-back one-mark section; determine whether MCQs exist before transcription.","false"
"0","12-political-science-tamil-5da94964","Political Science","Tamil","","tb-12-political-science-tamil-5da94964-ch-2","2","0","19","23","0","0","0","0","51","Extracted; Awaiting answer verification; Awaiting teacher review; Needs manual/OCR attention","Verify the printed options and obtain source-supported or teacher-verified answers before approval.","false"
"0","12-political-science-tamil-5da94964","Political Science","Tamil","","tb-12-political-science-tamil-5da94964-ch-3","3","0","0","15","0","0","0","0","","Not processed; Awaiting answer verification; Awaiting teacher review; Needs manual/OCR attention","Locate and inventory the original book-back one-mark section; determine whether MCQs exist before transcription.","false"
"0","12-political-science-tamil-5da94964","Political Science","Tamil","","tb-12-political-science-tamil-5da94964-ch-4","4","0","0","12","0","0","0","0","","Not processed; Awaiting answer verification; Awaiting teacher review; Needs manual/OCR attention","Locate and inventory the original book-back one-mark section; determine whether MCQs exist before transcription.","false"
"0","12-political-science-tamil-5da94964","Political Science","Tamil","","tb-12-political-science-tamil-5da94964-ch-5","5","0","1","11","0","0","0","0","109","Extracted; Awaiting answer verification; Awaiting teacher review; Needs manual/OCR attention","Verify the printed options and obtain source-supported or teacher-verified answers before approval.","false"
"0","12-political-science-tamil-5da94964","Political Science","Tamil","","tb-12-political-science-tamil-5da94964-ch-6","6","0","0","18","0","0","0","0","","Not processed; Awaiting answer verification; Awaiting teacher review; Needs manual/OCR attention","Locate and inventory the original book-back one-mark section; determine whether MCQs exist before transcription.","false"
"0","12-political-science-tamil-5da94964","Political Science","Tamil","","tb-12-political-science-tamil-5da94964-ch-7","7","0","6","6","0","0","0","0","173","Extracted; Awaiting answer verification; Awaiting teacher review; Needs manual/OCR attention","Verify the printed options and obtain source-supported or teacher-verified answers before approval.","false"
"0","12-political-science-tamil-5da94964","Political Science","Tamil","","tb-12-political-science-tamil-5da94964-ch-8","8","0","0","10","0","0","0","0","","Not processed; Awaiting answer verification; Awaiting teacher review; Needs manual/OCR attention","Locate and inventory the original book-back one-mark section; determine whether MCQs exist before transcription.","false"
"0","12-political-science-tamil-5da94964","Political Science","Tamil","","tb-12-political-science-tamil-5da94964-ch-9","9","0","9","9","0","0","0","0","231","Extracted; Awaiting answer verification; Awaiting teacher review; Needs manual/OCR attention","Verify the printed options and obtain source-supported or teacher-verified answers before approval.","false"
"0","12-political-science-tamil-5da94964","Political Science","Tamil","","tb-12-political-science-tamil-5da94964-ch-10","10","0","0","11","0","0","0","0","","Not processed; Awaiting answer verification; Awaiting teacher review; Needs manual/OCR attention","Locate and inventory the original book-back one-mark section; determine whether MCQs exist before transcription.","false"
"0","12-political-science-tamil-5da94964","Political Science","Tamil","","tb-12-political-science-tamil-5da94964-ch-11","11","0","0","9","0","0","0","0","","Not processed; Awaiting answer verification; Awaiting teacher review; Needs manual/OCR attention","Locate and inventory the original book-back one-mark section; determine whether MCQs exist before transcription.","false"
"0","12-political-science-tamil-5da94964","Political Science","Tamil","","tb-12-political-science-tamil-5da94964-ch-12","12","0","10","10","0","0","0","0","338","Extracted; Awaiting answer verification; Awaiting teacher review; Needs manual/OCR attention","Verify the printed options and obtain source-supported or teacher-verified answers before approval.","false"
"0","12-statistics-tamil-c1143d1d","Statistics","Tamil","","tb-12-statistics-tamil-c1143d1d-ch-1","1","0","0","20","0","0","0","0","","Not processed; Awaiting answer verification; Awaiting teacher review; Needs manual/OCR attention","Locate and inventory the original book-back one-mark section; determine whether MCQs exist before transcription.","false"
"0","12-statistics-tamil-c1143d1d","Statistics","Tamil","","tb-12-statistics-tamil-c1143d1d-ch-2","2","0","15","15","0","0","0","0","83","Extracted; Awaiting answer verification; Awaiting teacher review; Needs manual/OCR attention","Verify the printed options and obtain source-supported or teacher-verified answers before approval.","false"
"0","12-statistics-tamil-c1143d1d","Statistics","Tamil","","tb-12-statistics-tamil-c1143d1d-ch-3","3","0","0","21","0","0","0","0","","Not processed; Awaiting answer verification; Awaiting teacher review; Needs manual/OCR attention","Locate and inventory the original book-back one-mark section; determine whether MCQs exist before transcription.","false"
"0","12-statistics-tamil-c1143d1d","Statistics","Tamil","","tb-12-statistics-tamil-c1143d1d-ch-4","4","0","0","21","0","0","0","0","","Not processed; Awaiting answer verification; Awaiting teacher review; Needs manual/OCR attention","Locate and inventory the original book-back one-mark section; determine whether MCQs exist before transcription.","false"
"0","12-statistics-tamil-c1143d1d","Statistics","Tamil","","tb-12-statistics-tamil-c1143d1d-ch-5","5","0","21","21","0","0","0","0","164","Extracted; Awaiting answer verification; Awaiting teacher review; Needs manual/OCR attention","Verify the printed options and obtain source-supported or teacher-verified answers before approval.","false"
"0","12-statistics-tamil-c1143d1d","Statistics","Tamil","","tb-12-statistics-tamil-c1143d1d-ch-6","6","0","0","15","0","0","0","0","","Not processed; Awaiting answer verification; Awaiting teacher review; Needs manual/OCR attention","Locate and inventory the original book-back one-mark section; determine whether MCQs exist before transcription.","false"
"0","12-statistics-tamil-c1143d1d","Statistics","Tamil","","tb-12-statistics-tamil-c1143d1d-ch-7","7","0","0","16","0","0","0","0","","Not processed; Awaiting answer verification; Awaiting teacher review; Needs manual/OCR attention","Locate and inventory the original book-back one-mark section; determine whether MCQs exist before transcription.","false"
"0","12-statistics-tamil-c1143d1d","Statistics","Tamil","","tb-12-statistics-tamil-c1143d1d-ch-8","8","0","0","21","0","0","0","0","","Not processed; Awaiting answer verification; Awaiting teacher review; Needs manual/OCR attention","Locate and inventory the original book-back one-mark section; determine whether MCQs exist before transcription.","false"
"0","12-statistics-tamil-c1143d1d","Statistics","Tamil","","tb-12-statistics-tamil-c1143d1d-ch-9","9","0","0","9","0","0","0","0","","Not processed; Awaiting answer verification; Awaiting teacher review; Needs manual/OCR attention","Locate and inventory the original book-back one-mark section; determine whether MCQs exist before transcription.","false"
"0","12-tamil-tamil-7db1698f","Tamil","Tamil","","tb-12-tamil-tamil-7db1698f-ch-1","1","0","0","67","0","0","0","0","","Not processed; Awaiting answer verification; Awaiting teacher review; Needs manual/OCR attention","Locate and inventory the original book-back one-mark section; determine whether MCQs exist before transcription.","false"
"0","12-textile-technology-tamil-648797c8","Textile Technology","Tamil","","tb-12-textile-technology-tamil-648797c8-ch-1","1","0","0","9","0","0","0","0","","Not processed; Awaiting answer verification; Awaiting teacher review; Needs manual/OCR attention","Locate and inventory the original book-back one-mark section; determine whether MCQs exist before transcription.","false"
"0","12-textile-technology-tamil-648797c8","Textile Technology","Tamil","","tb-12-textile-technology-tamil-648797c8-ch-2","2","0","5","5","5","0","0","5","49","Extracted; Awaiting answer verification; Awaiting teacher review; Needs manual/OCR attention","Individually compare prepared source/key evidence, repair OCR or notation, and explicitly approve or reject.","false"
"0","12-textile-technology-tamil-648797c8","Textile Technology","Tamil","","tb-12-textile-technology-tamil-648797c8-ch-3","3","0","5","5","5","0","5","0","65","Extracted; Awaiting teacher review; Needs manual/OCR attention","Individually compare prepared source/key evidence, repair OCR or notation, and explicitly approve or reject.","false"
"0","12-textile-technology-tamil-648797c8","Textile Technology","Tamil","","tb-12-textile-technology-tamil-648797c8-ch-4","4","0","5","5","5","0","5","0","79","Extracted; Awaiting teacher review; Needs manual/OCR attention","Individually compare prepared source/key evidence, repair OCR or notation, and explicitly approve or reject.","false"
"0","12-textile-technology-tamil-648797c8","Textile Technology","Tamil","","tb-12-textile-technology-tamil-648797c8-ch-5","5","0","6","6","6","0","0","6","103","Extracted; Awaiting answer verification; Awaiting teacher review; Needs manual/OCR attention","Individually compare prepared source/key evidence, repair OCR or notation, and explicitly approve or reject.","false"
"0","12-textile-technology-tamil-648797c8","Textile Technology","Tamil","","tb-12-textile-technology-tamil-648797c8-ch-6","6","0","0","5","0","0","0","0","","Not processed; Awaiting answer verification; Awaiting teacher review; Needs manual/OCR attention","Locate and inventory the original book-back one-mark section; determine whether MCQs exist before transcription.","false"
"0","12-textile-technology-tamil-648797c8","Textile Technology","Tamil","","tb-12-textile-technology-tamil-648797c8-ch-7","7","0","5","5","5","0","0","5","140","Extracted; Awaiting answer verification; Awaiting teacher review; Needs manual/OCR attention","Individually compare prepared source/key evidence, repair OCR or notation, and explicitly approve or reject.","false"
"0","12-textile-technology-tamil-648797c8","Textile Technology","Tamil","","tb-12-textile-technology-tamil-648797c8-ch-8","8","0","0","10","0","0","0","0","","Not processed; Awaiting answer verification; Awaiting teacher review; Needs manual/OCR attention","Locate and inventory the original book-back one-mark section; determine whether MCQs exist before transcription.","false"
"0","12-textile-technology-tamil-648797c8","Textile Technology","Tamil","","tb-12-textile-technology-tamil-648797c8-ch-9","9","0","5","5","5","0","0","5","193","Extracted; Awaiting answer verification; Awaiting teacher review; Needs manual/OCR attention","Individually compare prepared source/key evidence, repair OCR or notation, and explicitly approve or reject.","false"
"0","12-textile-technology-tamil-648797c8","Textile Technology","Tamil","","tb-12-textile-technology-tamil-648797c8-ch-10","10","0","4","9","4","0","0","4","213","Extracted; Awaiting answer verification; Awaiting teacher review; Needs manual/OCR attention","Individually compare prepared source/key evidence, repair OCR or notation, and explicitly approve or reject.","false"
"0","12-textile-technology-tamil-648797c8","Textile Technology","Tamil","","tb-12-textile-technology-tamil-648797c8-ch-11","11","0","4","4","4","0","0","4","226","Extracted; Awaiting answer verification; Awaiting teacher review; Needs manual/OCR attention","Individually compare prepared source/key evidence, repair OCR or notation, and explicitly approve or reject.","false"
"0","12-textile-technology-tamil-648797c8","Textile Technology","Tamil","","tb-12-textile-technology-tamil-648797c8-ch-12","12","0","5","5","5","0","5","0","248","Extracted; Awaiting teacher review; Needs manual/OCR attention","Individually compare prepared source/key evidence, repair OCR or notation, and explicitly approve or reject.","false"
"0","12-textile-technology-tamil-648797c8","Textile Technology","Tamil","","tb-12-textile-technology-tamil-648797c8-ch-13","13","0","5","5","5","0","0","5","270","Extracted; Awaiting answer verification; Awaiting teacher review; Needs manual/OCR attention","Individually compare prepared source/key evidence, repair OCR or notation, and explicitly approve or reject.","false"
"0","12-textile-technology-tamil-648797c8","Textile Technology","Tamil","","tb-12-textile-technology-tamil-648797c8-ch-14","14","0","5","5","5","0","5","0","281","Extracted; Awaiting teacher review; Needs manual/OCR attention","Individually compare prepared source/key evidence, repair OCR or notation, and explicitly approve or reject.","false"
"0","12-textile-technology-tamil-648797c8","Textile Technology","Tamil","","tb-12-textile-technology-tamil-648797c8-ch-15","15","0","21","21","17","0","11","6","296","Extracted; Awaiting answer verification; Awaiting teacher review; Needs manual/OCR attention","Individually compare prepared source/key evidence, repair OCR or notation, and explicitly approve or reject.","false"
"0","12-textiles-and-dress-designing-tamil-3650ec00","Textiles and Dress Designing","Tamil","","tb-12-textiles-and-dress-designing-tamil-3650ec00-ch-1","1","0","0","9","0","0","0","0","","Not processed; Awaiting answer verification; Awaiting teacher review; Needs manual/OCR attention","Locate and inventory the original book-back one-mark section; determine whether MCQs exist before transcription.","false"
"0","12-textiles-and-dress-designing-tamil-3650ec00","Textiles and Dress Designing","Tamil","","tb-12-textiles-and-dress-designing-tamil-3650ec00-ch-2","2","0","5","5","5","0","0","5","49","Extracted; Awaiting answer verification; Awaiting teacher review; Needs manual/OCR attention","Individually compare prepared source/key evidence, repair OCR or notation, and explicitly approve or reject.","false"
"0","12-textiles-and-dress-designing-tamil-3650ec00","Textiles and Dress Designing","Tamil","","tb-12-textiles-and-dress-designing-tamil-3650ec00-ch-3","3","0","5","5","5","0","5","0","65","Extracted; Awaiting teacher review; Needs manual/OCR attention","Individually compare prepared source/key evidence, repair OCR or notation, and explicitly approve or reject.","false"
"0","12-textiles-and-dress-designing-tamil-3650ec00","Textiles and Dress Designing","Tamil","","tb-12-textiles-and-dress-designing-tamil-3650ec00-ch-4","4","0","5","5","5","0","5","0","79","Extracted; Awaiting teacher review; Needs manual/OCR attention","Individually compare prepared source/key evidence, repair OCR or notation, and explicitly approve or reject.","false"
"0","12-textiles-and-dress-designing-tamil-3650ec00","Textiles and Dress Designing","Tamil","","tb-12-textiles-and-dress-designing-tamil-3650ec00-ch-5","5","0","6","6","6","0","0","6","103","Extracted; Awaiting answer verification; Awaiting teacher review; Needs manual/OCR attention","Individually compare prepared source/key evidence, repair OCR or notation, and explicitly approve or reject.","false"
"0","12-textiles-and-dress-designing-tamil-3650ec00","Textiles and Dress Designing","Tamil","","tb-12-textiles-and-dress-designing-tamil-3650ec00-ch-6","6","0","0","5","0","0","0","0","","Not processed; Awaiting answer verification; Awaiting teacher review; Needs manual/OCR attention","Locate and inventory the original book-back one-mark section; determine whether MCQs exist before transcription.","false"
"0","12-textiles-and-dress-designing-tamil-3650ec00","Textiles and Dress Designing","Tamil","","tb-12-textiles-and-dress-designing-tamil-3650ec00-ch-7","7","0","5","5","5","0","0","5","140","Extracted; Awaiting answer verification; Awaiting teacher review; Needs manual/OCR attention","Individually compare prepared source/key evidence, repair OCR or notation, and explicitly approve or reject.","false"
"0","12-textiles-and-dress-designing-tamil-3650ec00","Textiles and Dress Designing","Tamil","","tb-12-textiles-and-dress-designing-tamil-3650ec00-ch-8","8","0","0","10","0","0","0","0","","Not processed; Awaiting answer verification; Awaiting teacher review; Needs manual/OCR attention","Locate and inventory the original book-back one-mark section; determine whether MCQs exist before transcription.","false"
"0","12-textiles-and-dress-designing-tamil-3650ec00","Textiles and Dress Designing","Tamil","","tb-12-textiles-and-dress-designing-tamil-3650ec00-ch-9","9","0","5","5","5","0","0","5","193","Extracted; Awaiting answer verification; Awaiting teacher review; Needs manual/OCR attention","Individually compare prepared source/key evidence, repair OCR or notation, and explicitly approve or reject.","false"
"0","12-textiles-and-dress-designing-tamil-3650ec00","Textiles and Dress Designing","Tamil","","tb-12-textiles-and-dress-designing-tamil-3650ec00-ch-10","10","0","4","9","4","0","0","4","213","Extracted; Awaiting answer verification; Awaiting teacher review; Needs manual/OCR attention","Individually compare prepared source/key evidence, repair OCR or notation, and explicitly approve or reject.","false"
"0","12-textiles-and-dress-designing-tamil-3650ec00","Textiles and Dress Designing","Tamil","","tb-12-textiles-and-dress-designing-tamil-3650ec00-ch-11","11","0","4","4","4","0","0","4","226","Extracted; Awaiting answer verification; Awaiting teacher review; Needs manual/OCR attention","Individually compare prepared source/key evidence, repair OCR or notation, and explicitly approve or reject.","false"
"0","12-textiles-and-dress-designing-tamil-3650ec00","Textiles and Dress Designing","Tamil","","tb-12-textiles-and-dress-designing-tamil-3650ec00-ch-12","12","0","5","5","5","0","5","0","248","Extracted; Awaiting teacher review; Needs manual/OCR attention","Individually compare prepared source/key evidence, repair OCR or notation, and explicitly approve or reject.","false"
"0","12-textiles-and-dress-designing-tamil-3650ec00","Textiles and Dress Designing","Tamil","","tb-12-textiles-and-dress-designing-tamil-3650ec00-ch-13","13","0","5","5","5","0","0","5","270","Extracted; Awaiting answer verification; Awaiting teacher review; Needs manual/OCR attention","Individually compare prepared source/key evidence, repair OCR or notation, and explicitly approve or reject.","false"
"0","12-textiles-and-dress-designing-tamil-3650ec00","Textiles and Dress Designing","Tamil","","tb-12-textiles-and-dress-designing-tamil-3650ec00-ch-14","14","0","5","5","5","0","5","0","281","Extracted; Awaiting teacher review; Needs manual/OCR attention","Individually compare prepared source/key evidence, repair OCR or notation, and explicitly approve or reject.","false"
"0","12-textiles-and-dress-designing-tamil-3650ec00","Textiles and Dress Designing","Tamil","","tb-12-textiles-and-dress-designing-tamil-3650ec00-ch-15","15","0","21","21","17","0","11","6","296","Extracted; Awaiting answer verification; Awaiting teacher review; Needs manual/OCR attention","Individually compare prepared source/key evidence, repair OCR or notation, and explicitly approve or reject.","false"
"0","12-zoology-tamil-3c154dab","Zoology","Tamil","","tb-12-zoology-tamil-3c154dab-ch-1","1","0","0","5","0","0","0","0","","Not processed; Awaiting answer verification; Awaiting teacher review; Needs manual/OCR attention","Locate and inventory the original book-back one-mark section; determine whether MCQs exist before transcription.","false"
"0","12-zoology-tamil-3c154dab","Zoology","Tamil","","tb-12-zoology-tamil-3c154dab-ch-2","2","0","0","16","0","0","0","0","","Not processed; Awaiting answer verification; Awaiting teacher review; Needs manual/OCR attention","Locate and inventory the original book-back one-mark section; determine whether MCQs exist before transcription.","false"
"0","12-zoology-tamil-3c154dab","Zoology","Tamil","","tb-12-zoology-tamil-3c154dab-ch-3","3","0","6","7","0","0","0","0","57","Extracted; Awaiting answer verification; Awaiting teacher review; Needs manual/OCR attention","Verify the printed options and obtain source-supported or teacher-verified answers before approval.","false"
"0","12-zoology-tamil-3c154dab","Zoology","Tamil","","tb-12-zoology-tamil-3c154dab-ch-4","4","0","24","24","0","0","0","0","77","Extracted; Awaiting answer verification; Awaiting teacher review; Needs manual/OCR attention","Verify the printed options and obtain source-supported or teacher-verified answers before approval.","false"
"0","12-zoology-tamil-3c154dab","Zoology","Tamil","","tb-12-zoology-tamil-3c154dab-ch-5","5","0","0","12","0","0","0","0","","Not processed; Awaiting answer verification; Awaiting teacher review; Needs manual/OCR attention","Locate and inventory the original book-back one-mark section; determine whether MCQs exist before transcription.","false"
"0","12-zoology-tamil-3c154dab","Zoology","Tamil","","tb-12-zoology-tamil-3c154dab-ch-6","6","0","16","16","0","0","0","0","139","Extracted; Awaiting answer verification; Awaiting teacher review; Needs manual/OCR attention","Verify the printed options and obtain source-supported or teacher-verified answers before approval.","false"
"0","12-zoology-tamil-3c154dab","Zoology","Tamil","","tb-12-zoology-tamil-3c154dab-ch-7","7","0","16","16","0","0","0","0","158","Extracted; Awaiting answer verification; Awaiting teacher review; Needs manual/OCR attention","Verify the printed options and obtain source-supported or teacher-verified answers before approval.","false"
"0","12-zoology-tamil-3c154dab","Zoology","Tamil","","tb-12-zoology-tamil-3c154dab-ch-8","8","0","0","14","0","0","0","0","","Not processed; Awaiting answer verification; Awaiting teacher review; Needs manual/OCR attention","Locate and inventory the original book-back one-mark section; determine whether MCQs exist before transcription.","false"
"0","12-zoology-tamil-3c154dab","Zoology","Tamil","","tb-12-zoology-tamil-3c154dab-ch-9","9","0","0","9","0","0","0","0","","Not processed; Awaiting answer verification; Awaiting teacher review; Needs manual/OCR attention","Locate and inventory the original book-back one-mark section; determine whether MCQs exist before transcription.","false"
"0","12-zoology-tamil-3c154dab","Zoology","Tamil","","tb-12-zoology-tamil-3c154dab-ch-10","10","0","11","11","0","0","0","0","216","Extracted; Awaiting answer verification; Awaiting teacher review; Needs manual/OCR attention","Verify the printed options and obtain source-supported or teacher-verified answers before approval.","false"
"0","12-zoology-tamil-3c154dab","Zoology","Tamil","","tb-12-zoology-tamil-3c154dab-ch-11","11","0","5","10","0","0","0","0","241","Extracted; Awaiting answer verification; Awaiting teacher review; Needs manual/OCR attention","Verify the printed options and obtain source-supported or teacher-verified answers before approval.","false"
"0","12-zoology-tamil-3c154dab","Zoology","Tamil","","tb-12-zoology-tamil-3c154dab-ch-12","12","0","9","9","0","0","0","0","270","Extracted; Awaiting answer verification; Awaiting teacher review; Needs manual/OCR attention","Verify the printed options and obtain source-supported or teacher-verified answers before approval.","false"
"0","12-zoology-tamil-3c154dab","Zoology","Tamil","","tb-12-zoology-tamil-3c154dab-ch-13","13","0","0","112","0","0","0","0","","Not processed; Awaiting answer verification; Awaiting teacher review; Needs manual/OCR attention","Locate and inventory the original book-back one-mark section; determine whether MCQs exist before transcription.","false"
"1","12-basic-automobile-engineering-english-69f8e9f9","Basic Automobile Engineering","English","","tb-12-basic-automobile-engineering-english-69f8e9f9-ch-1","1","0","5","5","0","0","0","0","19","Extracted; Awaiting answer verification; Awaiting teacher review","Verify the printed options and obtain source-supported or teacher-verified answers before approval.","false"
"1","12-basic-automobile-engineering-english-69f8e9f9","Basic Automobile Engineering","English","","tb-12-basic-automobile-engineering-english-69f8e9f9-ch-2","2","0","10","10","0","0","0","0","34","Extracted; Awaiting answer verification; Awaiting teacher review","Verify the printed options and obtain source-supported or teacher-verified answers before approval.","false"
"1","12-basic-automobile-engineering-english-69f8e9f9","Basic Automobile Engineering","English","","tb-12-basic-automobile-engineering-english-69f8e9f9-ch-3","3","0","10","10","0","0","0","0","59","Extracted; Awaiting answer verification; Awaiting teacher review","Verify the printed options and obtain source-supported or teacher-verified answers before approval.","false"
"1","12-basic-automobile-engineering-english-69f8e9f9","Basic Automobile Engineering","English","","tb-12-basic-automobile-engineering-english-69f8e9f9-ch-4","4","0","10","10","0","0","0","0","77","Extracted; Awaiting answer verification; Awaiting teacher review","Verify the printed options and obtain source-supported or teacher-verified answers before approval.","false"
"1","12-basic-automobile-engineering-english-69f8e9f9","Basic Automobile Engineering","English","","tb-12-basic-automobile-engineering-english-69f8e9f9-ch-5","5","0","10","10","0","0","0","0","95","Extracted; Awaiting answer verification; Awaiting teacher review","Verify the printed options and obtain source-supported or teacher-verified answers before approval.","false"
"1","12-basic-automobile-engineering-english-69f8e9f9","Basic Automobile Engineering","English","","tb-12-basic-automobile-engineering-english-69f8e9f9-ch-6","6","0","10","10","0","0","0","0","127","Extracted; Awaiting answer verification; Awaiting teacher review","Verify the printed options and obtain source-supported or teacher-verified answers before approval.","false"
"1","12-basic-automobile-engineering-english-69f8e9f9","Basic Automobile Engineering","English","","tb-12-basic-automobile-engineering-english-69f8e9f9-ch-7","7","0","5","5","0","0","0","0","149","Extracted; Awaiting answer verification; Awaiting teacher review","Verify the printed options and obtain source-supported or teacher-verified answers before approval.","false"
"1","12-basic-automobile-engineering-english-69f8e9f9","Basic Automobile Engineering","English","","tb-12-basic-automobile-engineering-english-69f8e9f9-ch-8","8","0","11","13","0","0","0","0","170","Extracted; Awaiting answer verification; Awaiting teacher review; Needs manual/OCR attention","Verify the printed options and obtain source-supported or teacher-verified answers before approval.","false"
"1","12-basic-automobile-engineering-english-69f8e9f9","Basic Automobile Engineering","English","","tb-12-basic-automobile-engineering-english-69f8e9f9-ch-9","9","0","10","12","0","0","0","0","188","Extracted; Awaiting answer verification; Awaiting teacher review; Needs manual/OCR attention","Verify the printed options and obtain source-supported or teacher-verified answers before approval.","false"
"1","12-basic-automobile-engineering-english-69f8e9f9","Basic Automobile Engineering","English","","tb-12-basic-automobile-engineering-english-69f8e9f9-ch-10","10","0","14","27","0","0","0","0","223","Extracted; Awaiting answer verification; Awaiting teacher review; Needs manual/OCR attention","Verify the printed options and obtain source-supported or teacher-verified answers before approval.","false"
"1","12-basic-electrical-engineering-english-13c7fc7b","Basic Electrical Engineering","English","","tb-12-basic-electrical-engineering-english-13c7fc7b-ch-1","1","0","13","13","0","0","0","0","24","Extracted; Awaiting answer verification; Awaiting teacher review","Verify the printed options and obtain source-supported or teacher-verified answers before approval.","false"
"1","12-basic-electrical-engineering-english-13c7fc7b","Basic Electrical Engineering","English","","tb-12-basic-electrical-engineering-english-13c7fc7b-ch-2","2","0","14","15","0","0","0","0","42","Extracted; Awaiting answer verification; Awaiting teacher review; Needs manual/OCR attention","Verify the printed options and obtain source-supported or teacher-verified answers before approval.","false"
"1","12-basic-electrical-engineering-english-13c7fc7b","Basic Electrical Engineering","English","","tb-12-basic-electrical-engineering-english-13c7fc7b-ch-3","3","0","18","19","0","0","0","0","58","Extracted; Awaiting answer verification; Awaiting teacher review; Needs manual/OCR attention","Verify the printed options and obtain source-supported or teacher-verified answers before approval.","false"
"1","12-basic-electrical-engineering-english-13c7fc7b","Basic Electrical Engineering","English","","tb-12-basic-electrical-engineering-english-13c7fc7b-ch-4","4","0","15","17","0","0","0","0","78","Extracted; Awaiting answer verification; Awaiting teacher review; Needs manual/OCR attention","Verify the printed options and obtain source-supported or teacher-verified answers before approval.","false"
"1","12-basic-electrical-engineering-english-13c7fc7b","Basic Electrical Engineering","English","","tb-12-basic-electrical-engineering-english-13c7fc7b-ch-5","5","0","8","13","0","0","0","0","91","Extracted; Awaiting answer verification; Awaiting teacher review; Needs manual/OCR attention","Verify the printed options and obtain source-supported or teacher-verified answers before approval.","false"
"1","12-basic-electrical-engineering-english-13c7fc7b","Basic Electrical Engineering","English","","tb-12-basic-electrical-engineering-english-13c7fc7b-ch-6","6","0","17","18","0","0","0","0","107","Extracted; Awaiting answer verification; Awaiting teacher review; Needs manual/OCR attention","Verify the printed options and obtain source-supported or teacher-verified answers before approval.","false"
"1","12-basic-electrical-engineering-english-13c7fc7b","Basic Electrical Engineering","English","","tb-12-basic-electrical-engineering-english-13c7fc7b-ch-7","7","0","10","10","0","0","0","0","122","Extracted; Awaiting answer verification; Awaiting teacher review","Verify the printed options and obtain source-supported or teacher-verified answers before approval.","false"
"1","12-basic-electrical-engineering-english-13c7fc7b","Basic Electrical Engineering","English","","tb-12-basic-electrical-engineering-english-13c7fc7b-ch-8","8","0","21","21","0","0","0","0","137","Extracted; Awaiting answer verification; Awaiting teacher review","Verify the printed options and obtain source-supported or teacher-verified answers before approval.","false"
"1","12-basic-electrical-engineering-english-13c7fc7b","Basic Electrical Engineering","English","","tb-12-basic-electrical-engineering-english-13c7fc7b-ch-9","9","0","22","22","0","0","0","0","157","Extracted; Awaiting answer verification; Awaiting teacher review; Needs manual/OCR attention","Verify the printed options and obtain source-supported or teacher-verified answers before approval.","false"
"1","12-basic-electrical-engineering-english-13c7fc7b","Basic Electrical Engineering","English","","tb-12-basic-electrical-engineering-english-13c7fc7b-ch-10","10","0","16","34","0","0","0","0","174","Extracted; Awaiting answer verification; Awaiting teacher review; Needs manual/OCR attention","Verify the printed options and obtain source-supported or teacher-verified answers before approval.","false"
"1","12-basic-mechanical-engineering-english-e15ca391","Basic Mechanical Engineering","English","","tb-12-basic-mechanical-engineering-english-e15ca391-ch-1","1","0","2","11","0","0","0","0","43","Extracted; Awaiting answer verification; Awaiting teacher review; Needs manual/OCR attention","Verify the printed options and obtain source-supported or teacher-verified answers before approval.","false"
"1","12-basic-mechanical-engineering-english-e15ca391","Basic Mechanical Engineering","English","","tb-12-basic-mechanical-engineering-english-e15ca391-ch-2","2","0","4","10","0","0","0","0","69","Extracted; Awaiting answer verification; Awaiting teacher review; Needs manual/OCR attention","Verify the printed options and obtain source-supported or teacher-verified answers before approval.","false"
"1","12-basic-mechanical-engineering-english-e15ca391","Basic Mechanical Engineering","English","","tb-12-basic-mechanical-engineering-english-e15ca391-ch-3","3","0","4","12","0","0","0","0","89","Extracted; Awaiting answer verification; Awaiting teacher review; Needs manual/OCR attention","Verify the printed options and obtain source-supported or teacher-verified answers before approval.","false"
"1","12-basic-mechanical-engineering-english-e15ca391","Basic Mechanical Engineering","English","","tb-12-basic-mechanical-engineering-english-e15ca391-ch-4","4","0","5","7","0","0","0","0","111","Extracted; Awaiting answer verification; Awaiting teacher review; Needs manual/OCR attention","Verify the printed options and obtain source-supported or teacher-verified answers before approval.","false"
"1","12-basic-mechanical-engineering-english-e15ca391","Basic Mechanical Engineering","English","","tb-12-basic-mechanical-engineering-english-e15ca391-ch-5","5","0","4","5","0","0","0","0","132","Extracted; Awaiting answer verification; Awaiting teacher review; Needs manual/OCR attention","Verify the printed options and obtain source-supported or teacher-verified answers before approval.","false"
"1","12-basic-mechanical-engineering-english-e15ca391","Basic Mechanical Engineering","English","","tb-12-basic-mechanical-engineering-english-e15ca391-ch-6","6","0","3","4","0","0","0","0","140","Extracted; Awaiting answer verification; Awaiting teacher review; Needs manual/OCR attention","Verify the printed options and obtain source-supported or teacher-verified answers before approval.","false"
"1","12-basic-mechanical-engineering-english-e15ca391","Basic Mechanical Engineering","English","","tb-12-basic-mechanical-engineering-english-e15ca391-ch-7","7","0","2","8","0","0","0","0","153","Extracted; Awaiting answer verification; Awaiting teacher review; Needs manual/OCR attention","Verify the printed options and obtain source-supported or teacher-verified answers before approval.","false"
"1","12-basic-mechanical-engineering-english-e15ca391","Basic Mechanical Engineering","English","","tb-12-basic-mechanical-engineering-english-e15ca391-ch-8","8","0","3","13","0","0","0","0","168","Extracted; Awaiting answer verification; Awaiting teacher review; Needs manual/OCR attention","Verify the printed options and obtain source-supported or teacher-verified answers before approval.","false"
"1","12-basic-mechanical-engineering-english-e15ca391","Basic Mechanical Engineering","English","","tb-12-basic-mechanical-engineering-english-e15ca391-ch-9","9","0","2","8","0","0","0","0","177","Extracted; Awaiting answer verification; Awaiting teacher review; Needs manual/OCR attention","Verify the printed options and obtain source-supported or teacher-verified answers before approval.","false"
"1","12-basic-mechanical-engineering-english-e15ca391","Basic Mechanical Engineering","English","","tb-12-basic-mechanical-engineering-english-e15ca391-ch-10","10","0","15","17","0","0","0","0","191","Extracted; Awaiting answer verification; Awaiting teacher review; Needs manual/OCR attention","Verify the printed options and obtain source-supported or teacher-verified answers before approval.","false"
"1","12-bio-botany-english-f15d4524","Bio-Botany","English","","tb-12-bio-botany-english-f15d4524-ch-1","1","0","17","21","0","0","0","0","32","Extracted; Awaiting answer verification; Awaiting teacher review; Needs manual/OCR attention","Verify the printed options and obtain source-supported or teacher-verified answers before approval.","false"
"1","12-bio-botany-english-f15d4524","Bio-Botany","English","","tb-12-bio-botany-english-f15d4524-ch-2","2","0","19","19","0","0","0","0","52","Extracted; Awaiting answer verification; Awaiting teacher review; Needs manual/OCR attention","Verify the printed options and obtain source-supported or teacher-verified answers before approval.","false"
"1","12-bio-botany-english-f15d4524","Bio-Botany","English","","tb-12-bio-botany-english-f15d4524-ch-3","3","0","10","11","0","0","0","0","71","Extracted; Awaiting answer verification; Awaiting teacher review; Needs manual/OCR attention","Verify the printed options and obtain source-supported or teacher-verified answers before approval.","false"
"1","12-bio-botany-english-f15d4524","Bio-Botany","English","","tb-12-bio-botany-english-f15d4524-ch-4","4","0","9","10","0","0","0","0","95","Extracted; Awaiting answer verification; Awaiting teacher review; Needs manual/OCR attention","Verify the printed options and obtain source-supported or teacher-verified answers before approval.","false"
"1","12-bio-botany-english-f15d4524","Bio-Botany","English","","tb-12-bio-botany-english-f15d4524-ch-5","5","0","9","9","0","0","0","0","111","Extracted; Awaiting answer verification; Awaiting teacher review","Verify the printed options and obtain source-supported or teacher-verified answers before approval.","false"
"1","12-bio-botany-english-f15d4524","Bio-Botany","English","","tb-12-bio-botany-english-f15d4524-ch-6","6","0","15","18","0","0","0","0","136","Extracted; Awaiting answer verification; Awaiting teacher review; Needs manual/OCR attention","Verify the printed options and obtain source-supported or teacher-verified answers before approval.","false"
"1","12-bio-botany-english-f15d4524","Bio-Botany","English","","tb-12-bio-botany-english-f15d4524-ch-7","7","0","14","17","0","0","0","0","157","Extracted; Awaiting answer verification; Awaiting teacher review; Needs manual/OCR attention","Verify the printed options and obtain source-supported or teacher-verified answers before approval.","false"
"1","12-bio-botany-english-f15d4524","Bio-Botany","English","","tb-12-bio-botany-english-f15d4524-ch-8","8","0","11","11","0","0","0","0","174","Extracted; Awaiting answer verification; Awaiting teacher review; Needs manual/OCR attention","Verify the printed options and obtain source-supported or teacher-verified answers before approval.","false"
"1","12-bio-botany-english-f15d4524","Bio-Botany","English","","tb-12-bio-botany-english-f15d4524-ch-9","9","0","17","17","0","0","0","0","187","Extracted; Awaiting answer verification; Awaiting teacher review; Needs manual/OCR attention","Verify the printed options and obtain source-supported or teacher-verified answers before approval.","false"
"1","12-bio-botany-english-f15d4524","Bio-Botany","English","","tb-12-bio-botany-english-f15d4524-ch-10","10","0","53","171","0","0","0","0","207","Extracted; Awaiting answer verification; Awaiting teacher review; Needs manual/OCR attention","Verify the printed options and obtain source-supported or teacher-verified answers before approval.","false"
"1","12-bio-zoology-english-7e848813","Bio-Zoology","English","","tb-12-bio-zoology-english-7e848813-ch-1","1","0","5","5","0","0","0","0","16","Extracted; Awaiting answer verification; Awaiting teacher review; Needs manual/OCR attention","Verify the printed options and obtain source-supported or teacher-verified answers before approval.","false"
"1","12-bio-zoology-english-7e848813","Bio-Zoology","English","","tb-12-bio-zoology-english-7e848813-ch-2","2","0","11","14","0","0","0","0","36","Extracted; Awaiting answer verification; Awaiting teacher review; Needs manual/OCR attention","Verify the printed options and obtain source-supported or teacher-verified answers before approval.","false"
"1","12-bio-zoology-english-7e848813","Bio-Zoology","English","","tb-12-bio-zoology-english-7e848813-ch-3","3","0","5","10","0","0","0","0","50","Extracted; Awaiting answer verification; Awaiting teacher review; Needs manual/OCR attention","Verify the printed options and obtain source-supported or teacher-verified answers before approval.","false"
"1","12-bio-zoology-english-7e848813","Bio-Zoology","English","","tb-12-bio-zoology-english-7e848813-ch-4","4","0","18","18","0","0","0","0","63","Extracted; Awaiting answer verification; Awaiting teacher review","Verify the printed options and obtain source-supported or teacher-verified answers before approval.","false"
"1","12-bio-zoology-english-7e848813","Bio-Zoology","English","","tb-12-bio-zoology-english-7e848813-ch-5","5","0","7","11","0","0","0","0","92","Extracted; Awaiting answer verification; Awaiting teacher review; Needs manual/OCR attention","Verify the printed options and obtain source-supported or teacher-verified answers before approval.","false"
"1","12-bio-zoology-english-7e848813","Bio-Zoology","English","","tb-12-bio-zoology-english-7e848813-ch-6","6","0","15","15","0","0","0","0","112","Extracted; Awaiting answer verification; Awaiting teacher review","Verify the printed options and obtain source-supported or teacher-verified answers before approval.","false"
"1","12-bio-zoology-english-7e848813","Bio-Zoology","English","","tb-12-bio-zoology-english-7e848813-ch-7","7","0","14","14","0","0","0","0","142","Extracted; Awaiting answer verification; Awaiting teacher review","Verify the printed options and obtain source-supported or teacher-verified answers before approval.","false"
"1","12-bio-zoology-english-7e848813","Bio-Zoology","English","","tb-12-bio-zoology-english-7e848813-ch-8","8","0","4","8","0","0","0","0","153","Extracted; Awaiting answer verification; Awaiting teacher review; Needs manual/OCR attention","Verify the printed options and obtain source-supported or teacher-verified answers before approval.","false"
"1","12-bio-zoology-english-7e848813","Bio-Zoology","English","","tb-12-bio-zoology-english-7e848813-ch-9","9","0","9","9","0","0","0","0","167","Extracted; Awaiting answer verification; Awaiting teacher review","Verify the printed options and obtain source-supported or teacher-verified answers before approval.","false"
"1","12-bio-zoology-english-7e848813","Bio-Zoology","English","","tb-12-bio-zoology-english-7e848813-ch-10","10","0","9","12","0","0","0","0","186","Extracted; Awaiting answer verification; Awaiting teacher review; Needs manual/OCR attention","Verify the printed options and obtain source-supported or teacher-verified answers before approval.","false"
"1","12-bio-zoology-english-7e848813","Bio-Zoology","English","","tb-12-bio-zoology-english-7e848813-ch-11","11","0","8","8","0","0","0","0","206","Extracted; Awaiting answer verification; Awaiting teacher review","Verify the printed options and obtain source-supported or teacher-verified answers before approval.","false"
"1","12-bio-zoology-english-7e848813","Bio-Zoology","English","","tb-12-bio-zoology-english-7e848813-ch-12","12","0","93","105","0","0","0","0","224","Extracted; Awaiting answer verification; Awaiting teacher review; Needs manual/OCR attention","Verify the printed options and obtain source-supported or teacher-verified answers before approval.","false"
"1","12-biochemistry-english-dfd867ac","Biochemistry","English","","tb-12-biochemistry-english-dfd867ac-ch-1","1","0","15","15","0","0","0","0","30","Extracted; Awaiting answer verification; Awaiting teacher review","Verify the printed options and obtain source-supported or teacher-verified answers before approval.","false"
"1","12-biochemistry-english-dfd867ac","Biochemistry","English","","tb-12-biochemistry-english-dfd867ac-ch-2","2","0","25","25","0","0","0","0","65","Extracted; Awaiting answer verification; Awaiting teacher review; Needs manual/OCR attention","Verify the printed options and obtain source-supported or teacher-verified answers before approval.","false"
"1","12-biochemistry-english-dfd867ac","Biochemistry","English","","tb-12-biochemistry-english-dfd867ac-ch-3","3","0","15","16","0","0","0","0","97","Extracted; Awaiting answer verification; Awaiting teacher review; Needs manual/OCR attention","Verify the printed options and obtain source-supported or teacher-verified answers before approval.","false"
"1","12-biochemistry-english-dfd867ac","Biochemistry","English","","tb-12-biochemistry-english-dfd867ac-ch-4","4","0","14","14","0","0","0","0","120","Extracted; Awaiting answer verification; Awaiting teacher review; Needs manual/OCR attention","Verify the printed options and obtain source-supported or teacher-verified answers before approval.","false"
"1","12-biochemistry-english-dfd867ac","Biochemistry","English","","tb-12-biochemistry-english-dfd867ac-ch-5","5","0","9","9","0","0","0","0","144","Extracted; Awaiting answer verification; Awaiting teacher review; Needs manual/OCR attention","Verify the printed options and obtain source-supported or teacher-verified answers before approval.","false"
"1","12-biochemistry-english-dfd867ac","Biochemistry","English","","tb-12-biochemistry-english-dfd867ac-ch-6","6","0","0","0","0","0","0","0","","Not processed","Locate and inventory the original book-back one-mark section; determine whether MCQs exist before transcription.","false"
"1","12-biochemistry-english-dfd867ac","Biochemistry","English","","tb-12-biochemistry-english-dfd867ac-ch-7","7","0","18","18","0","0","0","0","192","Extracted; Awaiting answer verification; Awaiting teacher review","Verify the printed options and obtain source-supported or teacher-verified answers before approval.","false"
"1","12-biochemistry-english-dfd867ac","Biochemistry","English","","tb-12-biochemistry-english-dfd867ac-ch-8","8","0","7","7","0","0","0","0","213","Extracted; Awaiting answer verification; Awaiting teacher review","Verify the printed options and obtain source-supported or teacher-verified answers before approval.","false"
"1","12-biochemistry-english-dfd867ac","Biochemistry","English","","tb-12-biochemistry-english-dfd867ac-ch-9","9","0","17","17","0","0","0","0","233","Extracted; Awaiting answer verification; Awaiting teacher review; Needs manual/OCR attention","Verify the printed options and obtain source-supported or teacher-verified answers before approval.","false"
"1","12-biochemistry-english-dfd867ac","Biochemistry","English","","tb-12-biochemistry-english-dfd867ac-ch-10","10","0","25","25","0","0","0","0","269","Extracted; Awaiting answer verification; Awaiting teacher review; Needs manual/OCR attention","Verify the printed options and obtain source-supported or teacher-verified answers before approval.","false"
"1","12-botany-english-da5635aa","Botany","English","","tb-12-botany-english-da5635aa-ch-1","1","0","23","23","0","0","0","0","36","Extracted; Awaiting answer verification; Awaiting teacher review; Needs manual/OCR attention","Verify the printed options and obtain source-supported or teacher-verified answers before approval.","false"
"1","12-botany-english-da5635aa","Botany","English","","tb-12-botany-english-da5635aa-ch-2","2","0","20","20","0","0","0","0","57","Extracted; Awaiting answer verification; Awaiting teacher review; Needs manual/OCR attention","Verify the printed options and obtain source-supported or teacher-verified answers before approval.","false"
"1","12-botany-english-da5635aa","Botany","English","","tb-12-botany-english-da5635aa-ch-3","3","0","28","30","0","0","0","0","85","Extracted; Awaiting answer verification; Awaiting teacher review; Needs manual/OCR attention","Verify the printed options and obtain source-supported or teacher-verified answers before approval.","false"
"1","12-botany-english-da5635aa","Botany","English","","tb-12-botany-english-da5635aa-ch-4","4","0","9","11","0","0","0","0","111","Extracted; Awaiting answer verification; Awaiting teacher review; Needs manual/OCR attention","Verify the printed options and obtain source-supported or teacher-verified answers before approval.","false"
"1","12-botany-english-da5635aa","Botany","English","","tb-12-botany-english-da5635aa-ch-5","5","0","9","9","0","0","0","0","128","Extracted; Awaiting answer verification; Awaiting teacher review","Verify the printed options and obtain source-supported or teacher-verified answers before approval.","false"
"1","12-botany-english-da5635aa","Botany","English","","tb-12-botany-english-da5635aa-ch-6","6","0","16","20","0","0","0","0","152","Extracted; Awaiting answer verification; Awaiting teacher review; Needs manual/OCR attention","Verify the printed options and obtain source-supported or teacher-verified answers before approval.","false"
"1","12-botany-english-da5635aa","Botany","English","","tb-12-botany-english-da5635aa-ch-7","7","0","14","19","0","0","0","0","182","Extracted; Awaiting answer verification; Awaiting teacher review; Needs manual/OCR attention","Verify the printed options and obtain source-supported or teacher-verified answers before approval.","false"
"1","12-botany-english-da5635aa","Botany","English","","tb-12-botany-english-da5635aa-ch-8","8","0","15","15","0","0","0","0","204","Extracted; Awaiting answer verification; Awaiting teacher review; Needs manual/OCR attention","Verify the printed options and obtain source-supported or teacher-verified answers before approval.","false"
"1","12-botany-english-da5635aa","Botany","English","","tb-12-botany-english-da5635aa-ch-9","9","0","16","16","0","0","0","0","219","Extracted; Awaiting answer verification; Awaiting teacher review; Needs manual/OCR attention","Verify the printed options and obtain source-supported or teacher-verified answers before approval.","false"
"1","12-botany-english-da5635aa","Botany","English","","tb-12-botany-english-da5635aa-ch-10","10","0","43","192","0","0","0","0","252","Extracted; Awaiting answer verification; Awaiting teacher review; Needs manual/OCR attention","Verify the printed options and obtain source-supported or teacher-verified answers before approval.","false"
"1","12-communicative-english-english-10e4b8ba","Communicative English","English","","tb-12-communicative-english-english-10e4b8ba-ch-1","1","0","0","7","0","0","0","0","","Not processed; Awaiting answer verification; Awaiting teacher review; Needs manual/OCR attention","Locate and inventory the original book-back one-mark section; determine whether MCQs exist before transcription.","false"
"1","12-communicative-english-english-10e4b8ba","Communicative English","English","","tb-12-communicative-english-english-10e4b8ba-ch-2","2","0","0","13","0","0","0","0","","Not processed; Awaiting answer verification; Awaiting teacher review; Needs manual/OCR attention","Locate and inventory the original book-back one-mark section; determine whether MCQs exist before transcription.","false"
"1","12-communicative-english-english-10e4b8ba","Communicative English","English","","tb-12-communicative-english-english-10e4b8ba-ch-3","3","0","0","1","0","0","0","0","","Not processed; Awaiting answer verification; Awaiting teacher review; Needs manual/OCR attention","Locate and inventory the original book-back one-mark section; determine whether MCQs exist before transcription.","false"
"1","12-communicative-english-english-10e4b8ba","Communicative English","English","","tb-12-communicative-english-english-10e4b8ba-ch-4","4","0","0","1","0","0","0","0","","Not processed; Awaiting answer verification; Awaiting teacher review; Needs manual/OCR attention","Locate and inventory the original book-back one-mark section; determine whether MCQs exist before transcription.","false"
"1","12-communicative-english-english-10e4b8ba","Communicative English","English","","tb-12-communicative-english-english-10e4b8ba-ch-5","5","0","0","4","0","0","0","0","","Not processed; Awaiting answer verification; Awaiting teacher review; Needs manual/OCR attention","Locate and inventory the original book-back one-mark section; determine whether MCQs exist before transcription.","false"
"1","12-communicative-english-english-10e4b8ba","Communicative English","English","","tb-12-communicative-english-english-10e4b8ba-ch-6","6","0","0","69","0","0","0","0","","Not processed; Awaiting answer verification; Awaiting teacher review; Needs manual/OCR attention","Locate and inventory the original book-back one-mark section; determine whether MCQs exist before transcription.","false"
"1","12-computer-applications-english-627c1490","Computer Applications","English","","tb-12-computer-applications-english-627c1490-ch-1","1","0","10","10","0","0","0","0","21","Extracted; Awaiting answer verification; Awaiting teacher review","Verify the printed options and obtain source-supported or teacher-verified answers before approval.","false"
"1","12-computer-applications-english-627c1490","Computer Applications","English","","tb-12-computer-applications-english-627c1490-ch-2","2","0","12","12","0","0","0","0","60","Extracted; Awaiting answer verification; Awaiting teacher review","Verify the printed options and obtain source-supported or teacher-verified answers before approval.","false"
"1","12-computer-applications-english-627c1490","Computer Applications","English","","tb-12-computer-applications-english-627c1490-ch-3","3","0","10","10","0","0","0","0","88","Extracted; Awaiting answer verification; Awaiting teacher review; Needs manual/OCR attention","Verify the printed options and obtain source-supported or teacher-verified answers before approval.","false"
"1","12-computer-applications-english-627c1490","Computer Applications","English","","tb-12-computer-applications-english-627c1490-ch-4","4","0","3","9","0","0","0","0","101","Extracted; Awaiting answer verification; Awaiting teacher review; Needs manual/OCR attention","Verify the printed options and obtain source-supported or teacher-verified answers before approval.","false"
"1","12-computer-applications-english-627c1490","Computer Applications","English","","tb-12-computer-applications-english-627c1490-ch-5","5","0","5","10","0","0","0","0","109","Extracted; Awaiting answer verification; Awaiting teacher review; Needs manual/OCR attention","Verify the printed options and obtain source-supported or teacher-verified answers before approval.","false"
"1","12-computer-applications-english-627c1490","Computer Applications","English","","tb-12-computer-applications-english-627c1490-ch-6","6","0","6","9","0","0","0","0","115","Extracted; Awaiting answer verification; Awaiting teacher review; Needs manual/OCR attention","Verify the printed options and obtain source-supported or teacher-verified answers before approval.","false"
"1","12-computer-applications-english-627c1490","Computer Applications","English","","tb-12-computer-applications-english-627c1490-ch-7","7","0","10","10","0","0","0","0","122","Extracted; Awaiting answer verification; Awaiting teacher review","Verify the printed options and obtain source-supported or teacher-verified answers before approval.","false"
"1","12-computer-applications-english-627c1490","Computer Applications","English","","tb-12-computer-applications-english-627c1490-ch-8","8","0","10","10","0","0","0","0","130","Extracted; Awaiting answer verification; Awaiting teacher review","Verify the printed options and obtain source-supported or teacher-verified answers before approval.","false"
"1","12-computer-applications-english-627c1490","Computer Applications","English","","tb-12-computer-applications-english-627c1490-ch-9","9","0","8","8","0","0","0","0","137","Extracted; Awaiting answer verification; Awaiting teacher review","Verify the printed options and obtain source-supported or teacher-verified answers before approval.","false"
"1","12-computer-applications-english-627c1490","Computer Applications","English","","tb-12-computer-applications-english-627c1490-ch-10","10","0","4","14","0","0","0","0","150","Extracted; Awaiting answer verification; Awaiting teacher review; Needs manual/OCR attention","Verify the printed options and obtain source-supported or teacher-verified answers before approval.","false"
"1","12-computer-applications-english-627c1490","Computer Applications","English","","tb-12-computer-applications-english-627c1490-ch-11","11","0","10","10","0","0","0","0","166","Extracted; Awaiting answer verification; Awaiting teacher review; Needs manual/OCR attention","Verify the printed options and obtain source-supported or teacher-verified answers before approval.","false"
"1","12-computer-applications-english-627c1490","Computer Applications","English","","tb-12-computer-applications-english-627c1490-ch-12","12","0","11","11","0","0","0","0","179","Extracted; Awaiting answer verification; Awaiting teacher review; Needs manual/OCR attention","Verify the printed options and obtain source-supported or teacher-verified answers before approval.","false"
"1","12-computer-applications-english-627c1490","Computer Applications","English","","tb-12-computer-applications-english-627c1490-ch-13","13","0","7","12","0","0","0","0","196","Extracted; Awaiting answer verification; Awaiting teacher review; Needs manual/OCR attention","Verify the printed options and obtain source-supported or teacher-verified answers before approval.","false"
"1","12-computer-applications-english-627c1490","Computer Applications","English","","tb-12-computer-applications-english-627c1490-ch-14","14","0","9","9","0","0","0","0","205","Extracted; Awaiting answer verification; Awaiting teacher review","Verify the printed options and obtain source-supported or teacher-verified answers before approval.","false"
"1","12-computer-applications-english-627c1490","Computer Applications","English","","tb-12-computer-applications-english-627c1490-ch-15","15","0","9","9","0","0","0","0","226","Extracted; Awaiting answer verification; Awaiting teacher review","Verify the printed options and obtain source-supported or teacher-verified answers before approval.","false"
"1","12-computer-applications-english-627c1490","Computer Applications","English","","tb-12-computer-applications-english-627c1490-ch-16","16","0","3","8","0","0","0","0","243","Extracted; Awaiting answer verification; Awaiting teacher review; Needs manual/OCR attention","Verify the printed options and obtain source-supported or teacher-verified answers before approval.","false"
"1","12-computer-applications-english-627c1490","Computer Applications","English","","tb-12-computer-applications-english-627c1490-ch-17","17","0","10","10","0","0","0","0","256","Extracted; Awaiting answer verification; Awaiting teacher review; Needs manual/OCR attention","Verify the printed options and obtain source-supported or teacher-verified answers before approval.","false"
"1","12-computer-applications-english-627c1490","Computer Applications","English","","tb-12-computer-applications-english-627c1490-ch-18","18","0","5","11","0","0","0","0","267","Extracted; Awaiting answer verification; Awaiting teacher review; Needs manual/OCR attention","Verify the printed options and obtain source-supported or teacher-verified answers before approval.","false"
"1","12-computer-applications-english-ccd483a9","Computer Applications","English","","tb-12-computer-applications-english-ccd483a9-ch-1","1","0","10","10","0","0","0","0","21","Extracted; Awaiting answer verification; Awaiting teacher review","Verify the printed options and obtain source-supported or teacher-verified answers before approval.","false"
"1","12-computer-applications-english-ccd483a9","Computer Applications","English","","tb-12-computer-applications-english-ccd483a9-ch-2","2","0","12","12","0","0","0","0","60","Extracted; Awaiting answer verification; Awaiting teacher review","Verify the printed options and obtain source-supported or teacher-verified answers before approval.","false"
"1","12-computer-applications-english-ccd483a9","Computer Applications","English","","tb-12-computer-applications-english-ccd483a9-ch-3","3","0","10","10","0","0","0","0","88","Extracted; Awaiting answer verification; Awaiting teacher review; Needs manual/OCR attention","Verify the printed options and obtain source-supported or teacher-verified answers before approval.","false"
"1","12-computer-applications-english-ccd483a9","Computer Applications","English","","tb-12-computer-applications-english-ccd483a9-ch-4","4","0","3","9","0","0","0","0","101","Extracted; Awaiting answer verification; Awaiting teacher review; Needs manual/OCR attention","Verify the printed options and obtain source-supported or teacher-verified answers before approval.","false"
"1","12-computer-applications-english-ccd483a9","Computer Applications","English","","tb-12-computer-applications-english-ccd483a9-ch-5","5","0","5","10","0","0","0","0","109","Extracted; Awaiting answer verification; Awaiting teacher review; Needs manual/OCR attention","Verify the printed options and obtain source-supported or teacher-verified answers before approval.","false"
"1","12-computer-applications-english-ccd483a9","Computer Applications","English","","tb-12-computer-applications-english-ccd483a9-ch-6","6","0","6","9","0","0","0","0","115","Extracted; Awaiting answer verification; Awaiting teacher review; Needs manual/OCR attention","Verify the printed options and obtain source-supported or teacher-verified answers before approval.","false"
"1","12-computer-applications-english-ccd483a9","Computer Applications","English","","tb-12-computer-applications-english-ccd483a9-ch-7","7","0","10","10","0","0","0","0","122","Extracted; Awaiting answer verification; Awaiting teacher review","Verify the printed options and obtain source-supported or teacher-verified answers before approval.","false"
"1","12-computer-applications-english-ccd483a9","Computer Applications","English","","tb-12-computer-applications-english-ccd483a9-ch-8","8","0","10","10","0","0","0","0","130","Extracted; Awaiting answer verification; Awaiting teacher review","Verify the printed options and obtain source-supported or teacher-verified answers before approval.","false"
"1","12-computer-applications-english-ccd483a9","Computer Applications","English","","tb-12-computer-applications-english-ccd483a9-ch-9","9","0","8","8","0","0","0","0","137","Extracted; Awaiting answer verification; Awaiting teacher review","Verify the printed options and obtain source-supported or teacher-verified answers before approval.","false"
"1","12-computer-applications-english-ccd483a9","Computer Applications","English","","tb-12-computer-applications-english-ccd483a9-ch-10","10","0","4","14","0","0","0","0","150","Extracted; Awaiting answer verification; Awaiting teacher review; Needs manual/OCR attention","Verify the printed options and obtain source-supported or teacher-verified answers before approval.","false"
"1","12-computer-applications-english-ccd483a9","Computer Applications","English","","tb-12-computer-applications-english-ccd483a9-ch-11","11","0","10","10","0","0","0","0","166","Extracted; Awaiting answer verification; Awaiting teacher review; Needs manual/OCR attention","Verify the printed options and obtain source-supported or teacher-verified answers before approval.","false"
"1","12-computer-applications-english-ccd483a9","Computer Applications","English","","tb-12-computer-applications-english-ccd483a9-ch-12","12","0","11","11","0","0","0","0","179","Extracted; Awaiting answer verification; Awaiting teacher review; Needs manual/OCR attention","Verify the printed options and obtain source-supported or teacher-verified answers before approval.","false"
"1","12-computer-applications-english-ccd483a9","Computer Applications","English","","tb-12-computer-applications-english-ccd483a9-ch-13","13","0","7","12","0","0","0","0","196","Extracted; Awaiting answer verification; Awaiting teacher review; Needs manual/OCR attention","Verify the printed options and obtain source-supported or teacher-verified answers before approval.","false"
"1","12-computer-applications-english-ccd483a9","Computer Applications","English","","tb-12-computer-applications-english-ccd483a9-ch-14","14","0","9","9","0","0","0","0","205","Extracted; Awaiting answer verification; Awaiting teacher review","Verify the printed options and obtain source-supported or teacher-verified answers before approval.","false"
"1","12-computer-applications-english-ccd483a9","Computer Applications","English","","tb-12-computer-applications-english-ccd483a9-ch-15","15","0","9","9","0","0","0","0","226","Extracted; Awaiting answer verification; Awaiting teacher review","Verify the printed options and obtain source-supported or teacher-verified answers before approval.","false"
"1","12-computer-applications-english-ccd483a9","Computer Applications","English","","tb-12-computer-applications-english-ccd483a9-ch-16","16","0","3","8","0","0","0","0","243","Extracted; Awaiting answer verification; Awaiting teacher review; Needs manual/OCR attention","Verify the printed options and obtain source-supported or teacher-verified answers before approval.","false"
"1","12-computer-applications-english-ccd483a9","Computer Applications","English","","tb-12-computer-applications-english-ccd483a9-ch-17","17","0","10","10","0","0","0","0","256","Extracted; Awaiting answer verification; Awaiting teacher review; Needs manual/OCR attention","Verify the printed options and obtain source-supported or teacher-verified answers before approval.","false"
"1","12-computer-applications-english-ccd483a9","Computer Applications","English","","tb-12-computer-applications-english-ccd483a9-ch-18","18","0","5","11","0","0","0","0","267","Extracted; Awaiting answer verification; Awaiting teacher review; Needs manual/OCR attention","Verify the printed options and obtain source-supported or teacher-verified answers before approval.","false"
"1","12-computer-science-english-37bdae5b","Computer Science","English","","tb-12-computer-science-english-37bdae5b-ch-1","1","0","10","10","0","0","0","0","14","Extracted; Awaiting answer verification; Awaiting teacher review","Verify the printed options and obtain source-supported or teacher-verified answers before approval.","false"
"1","12-computer-science-english-37bdae5b","Computer Science","English","","tb-12-computer-science-english-37bdae5b-ch-2","2","0","10","12","0","0","0","0","24","Extracted; Awaiting answer verification; Awaiting teacher review; Needs manual/OCR attention","Verify the printed options and obtain source-supported or teacher-verified answers before approval.","false"
"1","12-computer-science-english-37bdae5b","Computer Science","English","","tb-12-computer-science-english-37bdae5b-ch-3","3","0","10","10","0","0","0","0","34","Extracted; Awaiting answer verification; Awaiting teacher review","Verify the printed options and obtain source-supported or teacher-verified answers before approval.","false"
"1","12-computer-science-english-37bdae5b","Computer Science","English","","tb-12-computer-science-english-37bdae5b-ch-4","4","0","10","10","0","0","0","0","49","Extracted; Awaiting answer verification; Awaiting teacher review; Needs manual/OCR attention","Verify the printed options and obtain source-supported or teacher-verified answers before approval.","false"
"1","12-computer-science-english-37bdae5b","Computer Science","English","","tb-12-computer-science-english-37bdae5b-ch-5","5","0","10","10","0","0","0","0","71","Extracted; Awaiting answer verification; Awaiting teacher review","Verify the printed options and obtain source-supported or teacher-verified answers before approval.","false"
"1","12-computer-science-english-37bdae5b","Computer Science","English","","tb-12-computer-science-english-37bdae5b-ch-6","6","0","10","10","0","0","0","0","92","Extracted; Awaiting answer verification; Awaiting teacher review","Verify the printed options and obtain source-supported or teacher-verified answers before approval.","false"
"1","12-computer-science-english-37bdae5b","Computer Science","English","","tb-12-computer-science-english-37bdae5b-ch-7","7","0","10","11","0","0","0","0","117","Extracted; Awaiting answer verification; Awaiting teacher review; Needs manual/OCR attention","Verify the printed options and obtain source-supported or teacher-verified answers before approval.","false"
"1","12-computer-science-english-37bdae5b","Computer Science","English","","tb-12-computer-science-english-37bdae5b-ch-8","8","0","9","10","0","0","0","0","135","Extracted; Awaiting answer verification; Awaiting teacher review; Needs manual/OCR attention","Verify the printed options and obtain source-supported or teacher-verified answers before approval.","false"
"1","12-computer-science-english-37bdae5b","Computer Science","English","","tb-12-computer-science-english-37bdae5b-ch-9","9","0","12","12","0","0","0","0","173","Extracted; Awaiting answer verification; Awaiting teacher review","Verify the printed options and obtain source-supported or teacher-verified answers before approval.","false"
"1","12-computer-science-english-37bdae5b","Computer Science","English","","tb-12-computer-science-english-37bdae5b-ch-10","10","0","10","10","0","0","0","0","192","Extracted; Awaiting answer verification; Awaiting teacher review","Verify the printed options and obtain source-supported or teacher-verified answers before approval.","false"
"1","12-computer-science-english-37bdae5b","Computer Science","English","","tb-12-computer-science-english-37bdae5b-ch-11","11","0","2","2","0","0","0","0","209","Extracted; Awaiting answer verification; Awaiting teacher review","Verify the printed options and obtain source-supported or teacher-verified answers before approval.","false"
"1","12-computer-science-english-37bdae5b","Computer Science","English","","tb-12-computer-science-english-37bdae5b-ch-12","12","0","5","5","0","0","0","0","236","Extracted; Awaiting answer verification; Awaiting teacher review","Verify the printed options and obtain source-supported or teacher-verified answers before approval.","false"
"1","12-computer-science-english-37bdae5b","Computer Science","English","","tb-12-computer-science-english-37bdae5b-ch-13","13","0","10","10","0","0","0","0","270","Extracted; Awaiting answer verification; Awaiting teacher review; Needs manual/OCR attention","Verify the printed options and obtain source-supported or teacher-verified answers before approval.","false"
"1","12-computer-science-english-37bdae5b","Computer Science","English","","tb-12-computer-science-english-37bdae5b-ch-14","14","0","10","10","0","0","0","0","294","Extracted; Awaiting answer verification; Awaiting teacher review","Verify the printed options and obtain source-supported or teacher-verified answers before approval.","false"
"1","12-computer-science-english-37bdae5b","Computer Science","English","","tb-12-computer-science-english-37bdae5b-ch-15","15","0","10","10","0","0","0","0","323","Extracted; Awaiting answer verification; Awaiting teacher review","Verify the printed options and obtain source-supported or teacher-verified answers before approval.","false"
"1","12-computer-science-english-37bdae5b","Computer Science","English","","tb-12-computer-science-english-37bdae5b-ch-16","16","0","9","11","0","0","0","0","336","Extracted; Awaiting answer verification; Awaiting teacher review; Needs manual/OCR attention","Verify the printed options and obtain source-supported or teacher-verified answers before approval.","false"
"1","12-computer-technology-english-293bf656","Computer Technology","English","","tb-12-computer-technology-english-293bf656-ch-1","1","0","12","12","0","0","0","0","44","Extracted; Awaiting answer verification; Awaiting teacher review","Verify the printed options and obtain source-supported or teacher-verified answers before approval.","false"
"1","12-computer-technology-english-293bf656","Computer Technology","English","","tb-12-computer-technology-english-293bf656-ch-2","2","0","13","14","0","0","0","0","89","Extracted; Awaiting answer verification; Awaiting teacher review; Needs manual/OCR attention","Verify the printed options and obtain source-supported or teacher-verified answers before approval.","false"
"1","12-computer-technology-english-293bf656","Computer Technology","English","","tb-12-computer-technology-english-293bf656-ch-3","3","0","3","15","0","0","0","0","132","Extracted; Awaiting answer verification; Awaiting teacher review; Needs manual/OCR attention","Verify the printed options and obtain source-supported or teacher-verified answers before approval.","false"
"1","12-computer-technology-english-293bf656","Computer Technology","English","","tb-12-computer-technology-english-293bf656-ch-4","4","0","10","10","0","0","0","0","149","Extracted; Awaiting answer verification; Awaiting teacher review","Verify the printed options and obtain source-supported or teacher-verified answers before approval.","false"
"1","12-computer-technology-english-293bf656","Computer Technology","English","","tb-12-computer-technology-english-293bf656-ch-5","5","0","5","14","0","0","0","0","173","Extracted; Awaiting answer verification; Awaiting teacher review; Needs manual/OCR attention","Verify the printed options and obtain source-supported or teacher-verified answers before approval.","false"
"1","12-computer-technology-english-293bf656","Computer Technology","English","","tb-12-computer-technology-english-293bf656-ch-6","6","0","3","9","0","0","0","0","212","Extracted; Awaiting answer verification; Awaiting teacher review; Needs manual/OCR attention","Verify the printed options and obtain source-supported or teacher-verified answers before approval.","false"
"1","12-computer-technology-english-cf787554","Computer Technology","English","","tb-12-computer-technology-english-cf787554-ch-1","1","0","12","12","0","0","0","0","44","Extracted; Awaiting answer verification; Awaiting teacher review","Verify the printed options and obtain source-supported or teacher-verified answers before approval.","false"
"1","12-computer-technology-english-cf787554","Computer Technology","English","","tb-12-computer-technology-english-cf787554-ch-2","2","0","13","14","0","0","0","0","89","Extracted; Awaiting answer verification; Awaiting teacher review; Needs manual/OCR attention","Verify the printed options and obtain source-supported or teacher-verified answers before approval.","false"
"1","12-computer-technology-english-cf787554","Computer Technology","English","","tb-12-computer-technology-english-cf787554-ch-3","3","0","3","15","0","0","0","0","132","Extracted; Awaiting answer verification; Awaiting teacher review; Needs manual/OCR attention","Verify the printed options and obtain source-supported or teacher-verified answers before approval.","false"
"1","12-computer-technology-english-cf787554","Computer Technology","English","","tb-12-computer-technology-english-cf787554-ch-4","4","0","10","10","0","0","0","0","149","Extracted; Awaiting answer verification; Awaiting teacher review","Verify the printed options and obtain source-supported or teacher-verified answers before approval.","false"
"1","12-computer-technology-english-cf787554","Computer Technology","English","","tb-12-computer-technology-english-cf787554-ch-5","5","0","5","14","0","0","0","0","173","Extracted; Awaiting answer verification; Awaiting teacher review; Needs manual/OCR attention","Verify the printed options and obtain source-supported or teacher-verified answers before approval.","false"
"1","12-computer-technology-english-cf787554","Computer Technology","English","","tb-12-computer-technology-english-cf787554-ch-6","6","0","3","9","0","0","0","0","212","Extracted; Awaiting answer verification; Awaiting teacher review; Needs manual/OCR attention","Verify the printed options and obtain source-supported or teacher-verified answers before approval.","false"
"1","12-english-english-b9d1c4c3","English","English","","tb-12-english-english-b9d1c4c3-ch-1","1","0","0","13","0","0","0","0","","Not processed; Awaiting answer verification; Awaiting teacher review; Needs manual/OCR attention","Locate and inventory the original book-back one-mark section; determine whether MCQs exist before transcription.","false"
"1","12-english-english-b9d1c4c3","English","English","","tb-12-english-english-b9d1c4c3-ch-2","2","0","0","19","0","0","0","0","","Not processed; Awaiting answer verification; Awaiting teacher review; Needs manual/OCR attention","Locate and inventory the original book-back one-mark section; determine whether MCQs exist before transcription.","false"
"1","12-english-english-b9d1c4c3","English","English","","tb-12-english-english-b9d1c4c3-ch-3","3","0","0","12","0","0","0","0","","Not processed; Awaiting answer verification; Awaiting teacher review; Needs manual/OCR attention","Locate and inventory the original book-back one-mark section; determine whether MCQs exist before transcription.","false"
"1","12-english-english-b9d1c4c3","English","English","","tb-12-english-english-b9d1c4c3-ch-4","4","0","8","15","0","0","0","0","141","Extracted; Awaiting answer verification; Awaiting teacher review; Needs manual/OCR attention","Verify the printed options and obtain source-supported or teacher-verified answers before approval.","false"
"1","12-english-english-b9d1c4c3","English","English","","tb-12-english-english-b9d1c4c3-ch-5","5","0","0","15","0","0","0","0","","Not processed; Awaiting answer verification; Awaiting teacher review; Needs manual/OCR attention","Locate and inventory the original book-back one-mark section; determine whether MCQs exist before transcription.","false"
"1","12-english-english-b9d1c4c3","English","English","","tb-12-english-english-b9d1c4c3-ch-6","6","0","1","17","0","0","0","0","201","Extracted; Awaiting answer verification; Awaiting teacher review; Needs manual/OCR attention","Verify the printed options and obtain source-supported or teacher-verified answers before approval.","false"
"1","12-food-service-management-english-111451e7","Food Service Management","English","","tb-12-food-service-management-english-111451e7-ch-1","1","0","15","15","0","0","0","0","29","Extracted; Awaiting answer verification; Awaiting teacher review","Verify the printed options and obtain source-supported or teacher-verified answers before approval.","false"
"1","12-food-service-management-english-111451e7","Food Service Management","English","","tb-12-food-service-management-english-111451e7-ch-2","2","0","15","15","0","0","0","0","52","Extracted; Awaiting answer verification; Awaiting teacher review","Verify the printed options and obtain source-supported or teacher-verified answers before approval.","false"
"1","12-food-service-management-english-111451e7","Food Service Management","English","","tb-12-food-service-management-english-111451e7-ch-3","3","0","18","20","0","0","0","0","84","Extracted; Awaiting answer verification; Awaiting teacher review; Needs manual/OCR attention","Verify the printed options and obtain source-supported or teacher-verified answers before approval.","false"
"1","12-food-service-management-english-111451e7","Food Service Management","English","","tb-12-food-service-management-english-111451e7-ch-4","4","0","20","20","0","0","0","0","117","Extracted; Awaiting answer verification; Awaiting teacher review","Verify the printed options and obtain source-supported or teacher-verified answers before approval.","false"
"1","12-food-service-management-english-111451e7","Food Service Management","English","","tb-12-food-service-management-english-111451e7-ch-5","5","0","15","15","0","0","0","0","141","Extracted; Awaiting answer verification; Awaiting teacher review","Verify the printed options and obtain source-supported or teacher-verified answers before approval.","false"
"1","12-food-service-management-english-111451e7","Food Service Management","English","","tb-12-food-service-management-english-111451e7-ch-6","6","0","15","16","0","0","0","0","152","Extracted; Awaiting answer verification; Awaiting teacher review; Needs manual/OCR attention","Verify the printed options and obtain source-supported or teacher-verified answers before approval.","false"
"1","12-food-service-management-english-111451e7","Food Service Management","English","","tb-12-food-service-management-english-111451e7-ch-7","7","0","20","20","0","0","0","0","169","Extracted; Awaiting answer verification; Awaiting teacher review","Verify the printed options and obtain source-supported or teacher-verified answers before approval.","false"
"1","12-food-service-management-english-111451e7","Food Service Management","English","","tb-12-food-service-management-english-111451e7-ch-8","8","0","14","14","0","0","0","0","179","Extracted; Awaiting answer verification; Awaiting teacher review","Verify the printed options and obtain source-supported or teacher-verified answers before approval.","false"
"1","12-food-service-management-english-111451e7","Food Service Management","English","","tb-12-food-service-management-english-111451e7-ch-9","9","0","17","29","0","0","0","0","205","Extracted; Awaiting answer verification; Awaiting teacher review; Needs manual/OCR attention","Verify the printed options and obtain source-supported or teacher-verified answers before approval.","false"
"1","12-geography-english-24059775","Geography","English","","tb-12-geography-english-24059775-ch-1","1","0","9","13","0","0","0","0","25","Extracted; Awaiting answer verification; Awaiting teacher review; Needs manual/OCR attention","Verify the printed options and obtain source-supported or teacher-verified answers before approval.","false"
"1","12-geography-english-24059775","Geography","English","","tb-12-geography-english-24059775-ch-2","2","0","8","8","0","0","0","0","45","Extracted; Awaiting answer verification; Awaiting teacher review","Verify the printed options and obtain source-supported or teacher-verified answers before approval.","false"
"1","12-geography-english-24059775","Geography","English","","tb-12-geography-english-24059775-ch-3","3","0","9","9","0","0","0","0","65","Extracted; Awaiting answer verification; Awaiting teacher review; Needs manual/OCR attention","Verify the printed options and obtain source-supported or teacher-verified answers before approval.","false"
"1","12-geography-english-24059775","Geography","English","","tb-12-geography-english-24059775-ch-4","4","0","10","11","0","0","0","0","89","Extracted; Awaiting answer verification; Awaiting teacher review; Needs manual/OCR attention","Verify the printed options and obtain source-supported or teacher-verified answers before approval.","false"
"1","12-geography-english-24059775","Geography","English","","tb-12-geography-english-24059775-ch-5","5","0","10","15","0","0","0","0","114","Extracted; Awaiting answer verification; Awaiting teacher review; Needs manual/OCR attention","Verify the printed options and obtain source-supported or teacher-verified answers before approval.","false"
"1","12-geography-english-24059775","Geography","English","","tb-12-geography-english-24059775-ch-6","6","0","9","9","0","0","0","0","135","Extracted; Awaiting answer verification; Awaiting teacher review","Verify the printed options and obtain source-supported or teacher-verified answers before approval.","false"
"1","12-geography-english-24059775","Geography","English","","tb-12-geography-english-24059775-ch-7","7","0","10","10","0","0","0","0","150","Extracted; Awaiting answer verification; Awaiting teacher review","Verify the printed options and obtain source-supported or teacher-verified answers before approval.","false"
"1","12-geography-english-24059775","Geography","English","","tb-12-geography-english-24059775-ch-8","8","0","10","10","0","0","0","0","164","Extracted; Awaiting answer verification; Awaiting teacher review","Verify the printed options and obtain source-supported or teacher-verified answers before approval.","false"
"1","12-geography-english-24059775","Geography","English","","tb-12-geography-english-24059775-ch-9","9","0","0","0","0","0","0","0","","Not processed","Locate and inventory the original book-back one-mark section; determine whether MCQs exist before transcription.","false"
"1","12-geography-english-24059775","Geography","English","","tb-12-geography-english-24059775-ch-10","10","0","0","0","0","0","0","0","","Not processed","Locate and inventory the original book-back one-mark section; determine whether MCQs exist before transcription.","false"
"1","12-geography-english-24059775","Geography","English","","tb-12-geography-english-24059775-ch-11","11","0","0","1","0","0","0","0","","Not processed; Awaiting answer verification; Awaiting teacher review; Needs manual/OCR attention","Locate and inventory the original book-back one-mark section; determine whether MCQs exist before transcription.","false"
"1","12-geography-english-24059775","Geography","English","","tb-12-geography-english-24059775-ch-12","12","0","0","0","0","0","0","0","","Not processed","Locate and inventory the original book-back one-mark section; determine whether MCQs exist before transcription.","false"
"1","12-geography-english-24059775","Geography","English","","tb-12-geography-english-24059775-ch-13","13","0","0","0","0","0","0","0","","Not processed","Locate and inventory the original book-back one-mark section; determine whether MCQs exist before transcription.","false"
"1","12-history-english-3cd2e4c2","History","English","","tb-12-history-english-3cd2e4c2-ch-1","1","0","11","11","0","0","0","0","16","Extracted; Awaiting answer verification; Awaiting teacher review","Verify the printed options and obtain source-supported or teacher-verified answers before approval.","false"
"1","12-history-english-3cd2e4c2","History","English","","tb-12-history-english-3cd2e4c2-ch-2","2","0","2","5","0","0","0","0","32","Extracted; Awaiting answer verification; Awaiting teacher review; Needs manual/OCR attention","Verify the printed options and obtain source-supported or teacher-verified answers before approval.","false"
"1","12-history-english-3cd2e4c2","History","English","","tb-12-history-english-3cd2e4c2-ch-3","3","0","4","7","0","0","0","0","43","Extracted; Awaiting answer verification; Awaiting teacher review; Needs manual/OCR attention","Verify the printed options and obtain source-supported or teacher-verified answers before approval.","false"
"1","12-history-english-3cd2e4c2","History","English","","tb-12-history-english-3cd2e4c2-ch-4","4","0","10","10","0","0","0","0","61","Extracted; Awaiting answer verification; Awaiting teacher review; Needs manual/OCR attention","Verify the printed options and obtain source-supported or teacher-verified answers before approval.","false"
"1","12-history-english-3cd2e4c2","History","English","","tb-12-history-english-3cd2e4c2-ch-5","5","0","5","9","0","0","0","0","75","Extracted; Awaiting answer verification; Awaiting teacher review; Needs manual/OCR attention","Verify the printed options and obtain source-supported or teacher-verified answers before approval.","false"
"1","12-history-english-3cd2e4c2","History","English","","tb-12-history-english-3cd2e4c2-ch-6","6","0","4","8","0","0","0","0","85","Extracted; Awaiting answer verification; Awaiting teacher review; Needs manual/OCR attention","Verify the printed options and obtain source-supported or teacher-verified answers before approval.","false"
"1","12-history-english-3cd2e4c2","History","English","","tb-12-history-english-3cd2e4c2-ch-7","7","0","12","17","0","0","0","0","101","Extracted; Awaiting answer verification; Awaiting teacher review; Needs manual/OCR attention","Verify the printed options and obtain source-supported or teacher-verified answers before approval.","false"
"1","12-history-english-3cd2e4c2","History","English","","tb-12-history-english-3cd2e4c2-ch-8","8","0","8","8","0","0","0","0","116","Extracted; Awaiting answer verification; Awaiting teacher review; Needs manual/OCR attention","Verify the printed options and obtain source-supported or teacher-verified answers before approval.","false"
"1","12-history-english-3cd2e4c2","History","English","","tb-12-history-english-3cd2e4c2-ch-9","9","0","4","11","0","0","0","0","132","Extracted; Awaiting answer verification; Awaiting teacher review; Needs manual/OCR attention","Verify the printed options and obtain source-supported or teacher-verified answers before approval.","false"
"1","12-history-english-3cd2e4c2","History","English","","tb-12-history-english-3cd2e4c2-ch-10","10","0","12","16","0","0","0","0","150","Extracted; Awaiting answer verification; Awaiting teacher review; Needs manual/OCR attention","Verify the printed options and obtain source-supported or teacher-verified answers before approval.","false"
"1","12-history-english-3cd2e4c2","History","English","","tb-12-history-english-3cd2e4c2-ch-11","11","0","14","14","0","0","0","0","176","Extracted; Awaiting answer verification; Awaiting teacher review","Verify the printed options and obtain source-supported or teacher-verified answers before approval.","false"
"1","12-history-english-3cd2e4c2","History","English","","tb-12-history-english-3cd2e4c2-ch-12","12","0","10","14","0","0","0","0","195","Extracted; Awaiting answer verification; Awaiting teacher review; Needs manual/OCR attention","Verify the printed options and obtain source-supported or teacher-verified answers before approval.","false"
"1","12-history-english-3cd2e4c2","History","English","","tb-12-history-english-3cd2e4c2-ch-13","13","0","9","16","0","0","0","0","219","Extracted; Awaiting answer verification; Awaiting teacher review; Needs manual/OCR attention","Verify the printed options and obtain source-supported or teacher-verified answers before approval.","false"
"1","12-history-english-3cd2e4c2","History","English","","tb-12-history-english-3cd2e4c2-ch-14","14","0","15","15","0","0","0","0","243","Extracted; Awaiting answer verification; Awaiting teacher review; Needs manual/OCR attention","Verify the printed options and obtain source-supported or teacher-verified answers before approval.","false"
"1","12-history-english-3cd2e4c2","History","English","","tb-12-history-english-3cd2e4c2-ch-15","15","0","10","14","0","0","0","0","264","Extracted; Awaiting answer verification; Awaiting teacher review; Needs manual/OCR attention","Verify the printed options and obtain source-supported or teacher-verified answers before approval.","false"
"1","12-home-science-english-e5c3e008","Home Science","English","","tb-12-home-science-english-e5c3e008-ch-1","1","0","17","22","0","0","0","0","50","Extracted; Awaiting answer verification; Awaiting teacher review; Needs manual/OCR attention","Verify the printed options and obtain source-supported or teacher-verified answers before approval.","false"
"1","12-home-science-english-e5c3e008","Home Science","English","","tb-12-home-science-english-e5c3e008-ch-2","2","0","10","10","0","0","0","0","81","Extracted; Awaiting answer verification; Awaiting teacher review","Verify the printed options and obtain source-supported or teacher-verified answers before approval.","false"
"1","12-home-science-english-e5c3e008","Home Science","English","","tb-12-home-science-english-e5c3e008-ch-3","3","0","12","12","0","0","0","0","96","Extracted; Awaiting answer verification; Awaiting teacher review; Needs manual/OCR attention","Verify the printed options and obtain source-supported or teacher-verified answers before approval.","false"
"1","12-home-science-english-e5c3e008","Home Science","English","","tb-12-home-science-english-e5c3e008-ch-4","4","0","8","8","0","0","0","0","126","Extracted; Awaiting answer verification; Awaiting teacher review","Verify the printed options and obtain source-supported or teacher-verified answers before approval.","false"
"1","12-home-science-english-e5c3e008","Home Science","English","","tb-12-home-science-english-e5c3e008-ch-5","5","0","11","12","0","0","0","0","162","Extracted; Awaiting answer verification; Awaiting teacher review; Needs manual/OCR attention","Verify the printed options and obtain source-supported or teacher-verified answers before approval.","false"
"1","12-home-science-english-e5c3e008","Home Science","English","","tb-12-home-science-english-e5c3e008-ch-6","6","0","10","10","0","0","0","0","183","Extracted; Awaiting answer verification; Awaiting teacher review; Needs manual/OCR attention","Verify the printed options and obtain source-supported or teacher-verified answers before approval.","false"
"1","12-home-science-english-e5c3e008","Home Science","English","","tb-12-home-science-english-e5c3e008-ch-7","7","0","10","10","0","0","0","0","203","Extracted; Awaiting answer verification; Awaiting teacher review; Needs manual/OCR attention","Verify the printed options and obtain source-supported or teacher-verified answers before approval.","false"
"1","12-home-science-english-e5c3e008","Home Science","English","","tb-12-home-science-english-e5c3e008-ch-8","8","0","10","10","0","0","0","0","223","Extracted; Awaiting answer verification; Awaiting teacher review; Needs manual/OCR attention","Verify the printed options and obtain source-supported or teacher-verified answers before approval.","false"
"1","12-microbiology-english-6a36a404","Microbiology","English","","tb-12-microbiology-english-6a36a404-ch-1","1","0","5","5","0","0","0","0","14","Extracted; Awaiting answer verification; Awaiting teacher review","Verify the printed options and obtain source-supported or teacher-verified answers before approval.","false"
"1","12-microbiology-english-6a36a404","Microbiology","English","","tb-12-microbiology-english-6a36a404-ch-2","2","0","6","9","0","0","0","0","31","Extracted; Awaiting answer verification; Awaiting teacher review; Needs manual/OCR attention","Verify the printed options and obtain source-supported or teacher-verified answers before approval.","false"
"1","12-microbiology-english-6a36a404","Microbiology","English","","tb-12-microbiology-english-6a36a404-ch-3","3","0","10","10","0","0","0","0","47","Extracted; Awaiting answer verification; Awaiting teacher review","Verify the printed options and obtain source-supported or teacher-verified answers before approval.","false"
"1","12-microbiology-english-6a36a404","Microbiology","English","","tb-12-microbiology-english-6a36a404-ch-4","4","0","9","9","0","0","0","0","70","Extracted; Awaiting answer verification; Awaiting teacher review","Verify the printed options and obtain source-supported or teacher-verified answers before approval.","false"
"1","12-microbiology-english-6a36a404","Microbiology","English","","tb-12-microbiology-english-6a36a404-ch-5","5","0","5","8","0","0","0","0","87","Extracted; Awaiting answer verification; Awaiting teacher review; Needs manual/OCR attention","Verify the printed options and obtain source-supported or teacher-verified answers before approval.","false"
"1","12-microbiology-english-6a36a404","Microbiology","English","","tb-12-microbiology-english-6a36a404-ch-6","6","0","7","7","0","0","0","0","115","Extracted; Awaiting answer verification; Awaiting teacher review; Needs manual/OCR attention","Verify the printed options and obtain source-supported or teacher-verified answers before approval.","false"
"1","12-microbiology-english-6a36a404","Microbiology","English","","tb-12-microbiology-english-6a36a404-ch-7","7","0","5","12","0","0","0","0","153","Extracted; Awaiting answer verification; Awaiting teacher review; Needs manual/OCR attention","Verify the printed options and obtain source-supported or teacher-verified answers before approval.","false"
"1","12-microbiology-english-6a36a404","Microbiology","English","","tb-12-microbiology-english-6a36a404-ch-8","8","0","6","9","0","0","0","0","190","Extracted; Awaiting answer verification; Awaiting teacher review; Needs manual/OCR attention","Verify the printed options and obtain source-supported or teacher-verified answers before approval.","false"
"1","12-microbiology-english-6a36a404","Microbiology","English","","tb-12-microbiology-english-6a36a404-ch-9","9","0","2","16","0","0","0","0","208","Extracted; Awaiting answer verification; Awaiting teacher review; Needs manual/OCR attention","Verify the printed options and obtain source-supported or teacher-verified answers before approval.","false"
"1","12-microbiology-english-6a36a404","Microbiology","English","","tb-12-microbiology-english-6a36a404-ch-10","10","0","1","8","0","0","0","0","232","Extracted; Awaiting answer verification; Awaiting teacher review; Needs manual/OCR attention","Verify the printed options and obtain source-supported or teacher-verified answers before approval.","false"
"1","12-microbiology-english-6a36a404","Microbiology","English","","tb-12-microbiology-english-6a36a404-ch-11","11","0","7","12","0","0","0","0","251","Extracted; Awaiting answer verification; Awaiting teacher review; Needs manual/OCR attention","Verify the printed options and obtain source-supported or teacher-verified answers before approval.","false"
"1","12-microbiology-english-6a36a404","Microbiology","English","","tb-12-microbiology-english-6a36a404-ch-12","12","0","22","24","0","0","0","0","291","Extracted; Awaiting answer verification; Awaiting teacher review; Needs manual/OCR attention","Verify the printed options and obtain source-supported or teacher-verified answers before approval.","false"
"1","12-nursing-vocational-english-6c60782a","Nursing Vocational","English","","tb-12-nursing-vocational-english-6c60782a-ch-1","1","0","0","7","0","0","0","0","","Not processed; Awaiting answer verification; Awaiting teacher review; Needs manual/OCR attention","Locate and inventory the original book-back one-mark section; determine whether MCQs exist before transcription.","false"
"1","12-nursing-vocational-english-6c60782a","Nursing Vocational","English","","tb-12-nursing-vocational-english-6c60782a-ch-2","2","0","10","10","0","0","0","0","62","Extracted; Awaiting answer verification; Awaiting teacher review","Verify the printed options and obtain source-supported or teacher-verified answers before approval.","false"
"1","12-nursing-vocational-english-6c60782a","Nursing Vocational","English","","tb-12-nursing-vocational-english-6c60782a-ch-3","3","0","10","11","0","0","0","0","111","Extracted; Awaiting answer verification; Awaiting teacher review; Needs manual/OCR attention","Verify the printed options and obtain source-supported or teacher-verified answers before approval.","false"
"1","12-nursing-vocational-english-6c60782a","Nursing Vocational","English","","tb-12-nursing-vocational-english-6c60782a-ch-4","4","0","10","11","0","0","0","0","149","Extracted; Awaiting answer verification; Awaiting teacher review; Needs manual/OCR attention","Verify the printed options and obtain source-supported or teacher-verified answers before approval.","false"
"1","12-nursing-vocational-english-6c60782a","Nursing Vocational","English","","tb-12-nursing-vocational-english-6c60782a-ch-5","5","0","11","12","0","0","0","0","187","Extracted; Awaiting answer verification; Awaiting teacher review; Needs manual/OCR attention","Verify the printed options and obtain source-supported or teacher-verified answers before approval.","false"
"1","12-nursing-vocational-english-6c60782a","Nursing Vocational","English","","tb-12-nursing-vocational-english-6c60782a-ch-6","6","0","11","13","0","0","0","0","216","Extracted; Awaiting answer verification; Awaiting teacher review; Needs manual/OCR attention","Verify the printed options and obtain source-supported or teacher-verified answers before approval.","false"
"1","12-nursing-vocational-english-6c60782a","Nursing Vocational","English","","tb-12-nursing-vocational-english-6c60782a-ch-7","7","0","6","6","0","0","0","0","226","Extracted; Awaiting answer verification; Awaiting teacher review; Needs manual/OCR attention","Verify the printed options and obtain source-supported or teacher-verified answers before approval.","false"
"1","12-nursing-vocational-english-6c60782a","Nursing Vocational","English","","tb-12-nursing-vocational-english-6c60782a-ch-8","8","0","6","6","0","0","0","0","249","Extracted; Awaiting answer verification; Awaiting teacher review","Verify the printed options and obtain source-supported or teacher-verified answers before approval.","false"
"1","12-nursing-vocational-english-6c60782a","Nursing Vocational","English","","tb-12-nursing-vocational-english-6c60782a-ch-9","9","0","1","1","0","0","0","0","270","Extracted; Awaiting answer verification; Awaiting teacher review","Verify the printed options and obtain source-supported or teacher-verified answers before approval.","false"
"1","12-nursing-vocational-english-6c60782a","Nursing Vocational","English","","tb-12-nursing-vocational-english-6c60782a-ch-10","10","0","10","10","0","0","0","0","285","Extracted; Awaiting answer verification; Awaiting teacher review","Verify the printed options and obtain source-supported or teacher-verified answers before approval.","false"
"1","12-nursing-vocational-english-6c60782a","Nursing Vocational","English","","tb-12-nursing-vocational-english-6c60782a-ch-11","11","0","8","25","0","0","0","0","300","Extracted; Awaiting answer verification; Awaiting teacher review; Needs manual/OCR attention","Verify the printed options and obtain source-supported or teacher-verified answers before approval.","false"
"1","12-nutrition-and-dietetics-english-3d2e918e","Nutrition and Dietetics","English","","tb-12-nutrition-and-dietetics-english-3d2e918e-ch-1","1","0","16","17","0","0","0","0","23","Extracted; Awaiting answer verification; Awaiting teacher review; Needs manual/OCR attention","Verify the printed options and obtain source-supported or teacher-verified answers before approval.","false"
"1","12-nutrition-and-dietetics-english-3d2e918e","Nutrition and Dietetics","English","","tb-12-nutrition-and-dietetics-english-3d2e918e-ch-3","3","0","10","20","0","0","0","0","73","Extracted; Awaiting answer verification; Awaiting teacher review; Needs manual/OCR attention","Verify the printed options and obtain source-supported or teacher-verified answers before approval.","false"
"1","12-nutrition-and-dietetics-english-3d2e918e","Nutrition and Dietetics","English","","tb-12-nutrition-and-dietetics-english-3d2e918e-ch-4","4","0","7","7","0","0","0","0","87","Extracted; Awaiting answer verification; Awaiting teacher review","Verify the printed options and obtain source-supported or teacher-verified answers before approval.","false"
"1","12-nutrition-and-dietetics-english-3d2e918e","Nutrition and Dietetics","English","","tb-12-nutrition-and-dietetics-english-3d2e918e-ch-5","5","0","5","5","0","0","0","0","102","Extracted; Awaiting answer verification; Awaiting teacher review; Needs manual/OCR attention","Verify the printed options and obtain source-supported or teacher-verified answers before approval.","false"
"1","12-nutrition-and-dietetics-english-3d2e918e","Nutrition and Dietetics","English","","tb-12-nutrition-and-dietetics-english-3d2e918e-ch-6","6","0","4","4","0","0","0","0","115","Extracted; Awaiting answer verification; Awaiting teacher review","Verify the printed options and obtain source-supported or teacher-verified answers before approval.","false"
"1","12-nutrition-and-dietetics-english-3d2e918e","Nutrition and Dietetics","English","","tb-12-nutrition-and-dietetics-english-3d2e918e-ch-7","7","0","4","4","0","0","0","0","128","Extracted; Awaiting answer verification; Awaiting teacher review; Needs manual/OCR attention","Verify the printed options and obtain source-supported or teacher-verified answers before approval.","false"
"1","12-nutrition-and-dietetics-english-3d2e918e","Nutrition and Dietetics","English","","tb-12-nutrition-and-dietetics-english-3d2e918e-ch-8","8","0","2","2","0","0","0","0","147","Extracted; Awaiting answer verification; Awaiting teacher review","Verify the printed options and obtain source-supported or teacher-verified answers before approval.","false"
"1","12-nutrition-and-dietetics-english-3d2e918e","Nutrition and Dietetics","English","","tb-12-nutrition-and-dietetics-english-3d2e918e-ch-9","9","0","5","5","0","0","0","0","166","Extracted; Awaiting answer verification; Awaiting teacher review","Verify the printed options and obtain source-supported or teacher-verified answers before approval.","false"
"1","12-nutrition-and-dietetics-english-3d2e918e","Nutrition and Dietetics","English","","tb-12-nutrition-and-dietetics-english-3d2e918e-ch-10","10","0","5","5","0","0","0","0","179","Extracted; Awaiting answer verification; Awaiting teacher review; Needs manual/OCR attention","Verify the printed options and obtain source-supported or teacher-verified answers before approval.","false"
"1","12-nutrition-and-dietetics-english-3d2e918e","Nutrition and Dietetics","English","","tb-12-nutrition-and-dietetics-english-3d2e918e-ch-11","11","0","7","7","0","0","0","0","195","Extracted; Awaiting answer verification; Awaiting teacher review","Verify the printed options and obtain source-supported or teacher-verified answers before approval.","false"
"1","12-nutrition-and-dietetics-english-3d2e918e","Nutrition and Dietetics","English","","tb-12-nutrition-and-dietetics-english-3d2e918e-ch-12","12","0","8","8","0","0","0","0","208","Extracted; Awaiting answer verification; Awaiting teacher review; Needs manual/OCR attention","Verify the printed options and obtain source-supported or teacher-verified answers before approval.","false"
"1","12-office-management-secretaryship-typography-english-6b7b27b2","Office Management, Secretaryship & Typography","English","","tb-12-office-management-secretaryship-typography-english-6b7b27b2-ch-1","1","0","5","7","0","0","0","0","19","Extracted; Awaiting answer verification; Awaiting teacher review; Needs manual/OCR attention","Verify the printed options and obtain source-supported or teacher-verified answers before approval.","false"
"1","12-office-management-secretaryship-typography-english-6b7b27b2","Office Management, Secretaryship & Typography","English","","tb-12-office-management-secretaryship-typography-english-6b7b27b2-ch-2","2","0","11","15","0","0","0","0","26","Extracted; Awaiting answer verification; Awaiting teacher review; Needs manual/OCR attention","Verify the printed options and obtain source-supported or teacher-verified answers before approval.","false"
"1","12-office-management-secretaryship-typography-english-6b7b27b2","Office Management, Secretaryship & Typography","English","","tb-12-office-management-secretaryship-typography-english-6b7b27b2-ch-3","3","0","4","11","0","0","0","0","53","Extracted; Awaiting answer verification; Awaiting teacher review; Needs manual/OCR attention","Verify the printed options and obtain source-supported or teacher-verified answers before approval.","false"
"1","12-office-management-secretaryship-typography-english-6b7b27b2","Office Management, Secretaryship & Typography","English","","tb-12-office-management-secretaryship-typography-english-6b7b27b2-ch-4","4","0","4","7","0","0","0","0","64","Extracted; Awaiting answer verification; Awaiting teacher review; Needs manual/OCR attention","Verify the printed options and obtain source-supported or teacher-verified answers before approval.","false"
"1","12-office-management-secretaryship-typography-english-6b7b27b2","Office Management, Secretaryship & Typography","English","","tb-12-office-management-secretaryship-typography-english-6b7b27b2-ch-5","5","0","1","9","0","0","0","0","75","Extracted; Awaiting answer verification; Awaiting teacher review; Needs manual/OCR attention","Verify the printed options and obtain source-supported or teacher-verified answers before approval.","false"
"1","12-office-management-secretaryship-typography-english-6b7b27b2","Office Management, Secretaryship & Typography","English","","tb-12-office-management-secretaryship-typography-english-6b7b27b2-ch-6","6","0","5","5","0","0","0","0","87","Extracted; Awaiting answer verification; Awaiting teacher review","Verify the printed options and obtain source-supported or teacher-verified answers before approval.","false"
"1","12-office-management-secretaryship-typography-english-6b7b27b2","Office Management, Secretaryship & Typography","English","","tb-12-office-management-secretaryship-typography-english-6b7b27b2-ch-7","7","0","6","12","0","0","0","0","107","Extracted; Awaiting answer verification; Awaiting teacher review; Needs manual/OCR attention","Verify the printed options and obtain source-supported or teacher-verified answers before approval.","false"
"1","12-office-management-secretaryship-typography-english-6b7b27b2","Office Management, Secretaryship & Typography","English","","tb-12-office-management-secretaryship-typography-english-6b7b27b2-ch-8","8","0","7","9","0","0","0","0","121","Extracted; Awaiting answer verification; Awaiting teacher review; Needs manual/OCR attention","Verify the printed options and obtain source-supported or teacher-verified answers before approval.","false"
"1","12-office-management-secretaryship-typography-english-6b7b27b2","Office Management, Secretaryship & Typography","English","","tb-12-office-management-secretaryship-typography-english-6b7b27b2-ch-9","9","0","3","8","0","0","0","0","133","Extracted; Awaiting answer verification; Awaiting teacher review; Needs manual/OCR attention","Verify the printed options and obtain source-supported or teacher-verified answers before approval.","false"
"1","12-office-management-secretaryship-typography-english-6b7b27b2","Office Management, Secretaryship & Typography","English","","tb-12-office-management-secretaryship-typography-english-6b7b27b2-ch-10","10","0","8","25","0","0","0","0","142","Extracted; Awaiting answer verification; Awaiting teacher review; Needs manual/OCR attention","Verify the printed options and obtain source-supported or teacher-verified answers before approval.","false"
"1","12-political-science-english-db4a2e0c","Political Science","English","","tb-12-political-science-english-db4a2e0c-ch-1","1","0","12","12","0","0","0","0","22","Extracted; Awaiting answer verification; Awaiting teacher review","Verify the printed options and obtain source-supported or teacher-verified answers before approval.","false"
"1","12-political-science-english-db4a2e0c","Political Science","English","","tb-12-political-science-english-db4a2e0c-ch-2","2","0","19","23","0","0","0","0","47","Extracted; Awaiting answer verification; Awaiting teacher review; Needs manual/OCR attention","Verify the printed options and obtain source-supported or teacher-verified answers before approval.","false"
"1","12-political-science-english-db4a2e0c","Political Science","English","","tb-12-political-science-english-db4a2e0c-ch-3","3","0","15","15","0","0","0","0","68","Extracted; Awaiting answer verification; Awaiting teacher review","Verify the printed options and obtain source-supported or teacher-verified answers before approval.","false"
"1","12-political-science-english-db4a2e0c","Political Science","English","","tb-12-political-science-english-db4a2e0c-ch-4","4","0","11","12","0","0","0","0","89","Extracted; Awaiting answer verification; Awaiting teacher review; Needs manual/OCR attention","Verify the printed options and obtain source-supported or teacher-verified answers before approval.","false"
"1","12-political-science-english-db4a2e0c","Political Science","English","","tb-12-political-science-english-db4a2e0c-ch-5","5","0","10","10","0","0","0","0","112","Extracted; Awaiting answer verification; Awaiting teacher review; Needs manual/OCR attention","Verify the printed options and obtain source-supported or teacher-verified answers before approval.","false"
"1","12-political-science-english-db4a2e0c","Political Science","English","","tb-12-political-science-english-db4a2e0c-ch-6","6","0","18","18","0","0","0","0","137","Extracted; Awaiting answer verification; Awaiting teacher review; Needs manual/OCR attention","Verify the printed options and obtain source-supported or teacher-verified answers before approval.","false"
"1","12-political-science-english-db4a2e0c","Political Science","English","","tb-12-political-science-english-db4a2e0c-ch-7","7","0","8","8","0","0","0","0","165","Extracted; Awaiting answer verification; Awaiting teacher review; Needs manual/OCR attention","Verify the printed options and obtain source-supported or teacher-verified answers before approval.","false"
"1","12-political-science-english-db4a2e0c","Political Science","English","","tb-12-political-science-english-db4a2e0c-ch-8","8","0","9","9","0","0","0","0","193","Extracted; Awaiting answer verification; Awaiting teacher review","Verify the printed options and obtain source-supported or teacher-verified answers before approval.","false"
"1","12-political-science-english-db4a2e0c","Political Science","English","","tb-12-political-science-english-db4a2e0c-ch-9","9","0","9","9","0","0","0","0","214","Extracted; Awaiting answer verification; Awaiting teacher review; Needs manual/OCR attention","Verify the printed options and obtain source-supported or teacher-verified answers before approval.","false"
"1","12-political-science-english-db4a2e0c","Political Science","English","","tb-12-political-science-english-db4a2e0c-ch-10","10","0","11","11","0","0","0","0","254","Extracted; Awaiting answer verification; Awaiting teacher review","Verify the printed options and obtain source-supported or teacher-verified answers before approval.","false"
"1","12-political-science-english-db4a2e0c","Political Science","English","","tb-12-political-science-english-db4a2e0c-ch-11","11","0","6","6","0","0","0","0","282","Extracted; Awaiting answer verification; Awaiting teacher review","Verify the printed options and obtain source-supported or teacher-verified answers before approval.","false"
"1","12-political-science-english-db4a2e0c","Political Science","English","","tb-12-political-science-english-db4a2e0c-ch-12","12","0","10","10","0","0","0","0","307","Extracted; Awaiting answer verification; Awaiting teacher review","Verify the printed options and obtain source-supported or teacher-verified answers before approval.","false"
"1","12-zoology-english-788d2d32","Zoology","English","","tb-12-zoology-english-788d2d32-ch-1","1","0","5","5","0","0","0","0","16","Extracted; Awaiting answer verification; Awaiting teacher review; Needs manual/OCR attention","Verify the printed options and obtain source-supported or teacher-verified answers before approval.","false"
"1","12-zoology-english-788d2d32","Zoology","English","","tb-12-zoology-english-788d2d32-ch-2","2","0","10","15","0","0","0","0","36","Extracted; Awaiting answer verification; Awaiting teacher review; Needs manual/OCR attention","Verify the printed options and obtain source-supported or teacher-verified answers before approval.","false"
"1","12-zoology-english-788d2d32","Zoology","English","","tb-12-zoology-english-788d2d32-ch-3","3","0","5","10","0","0","0","0","50","Extracted; Awaiting answer verification; Awaiting teacher review; Needs manual/OCR attention","Verify the printed options and obtain source-supported or teacher-verified answers before approval.","false"
"1","12-zoology-english-788d2d32","Zoology","English","","tb-12-zoology-english-788d2d32-ch-4","4","0","22","22","0","0","0","0","65","Extracted; Awaiting answer verification; Awaiting teacher review","Verify the printed options and obtain source-supported or teacher-verified answers before approval.","false"
"1","12-zoology-english-788d2d32","Zoology","English","","tb-12-zoology-english-788d2d32-ch-5","5","0","7","11","0","0","0","0","95","Extracted; Awaiting answer verification; Awaiting teacher review; Needs manual/OCR attention","Verify the printed options and obtain source-supported or teacher-verified answers before approval.","false"
"1","12-zoology-english-788d2d32","Zoology","English","","tb-12-zoology-english-788d2d32-ch-6","6","0","16","16","0","0","0","0","117","Extracted; Awaiting answer verification; Awaiting teacher review","Verify the printed options and obtain source-supported or teacher-verified answers before approval.","false"
"1","12-zoology-english-788d2d32","Zoology","English","","tb-12-zoology-english-788d2d32-ch-7","7","0","8","15","0","0","0","0","134","Extracted; Awaiting answer verification; Awaiting teacher review; Needs manual/OCR attention","Verify the printed options and obtain source-supported or teacher-verified answers before approval.","false"
"1","12-zoology-english-788d2d32","Zoology","English","","tb-12-zoology-english-788d2d32-ch-8","8","0","14","14","0","0","0","0","152","Extracted; Awaiting answer verification; Awaiting teacher review","Verify the printed options and obtain source-supported or teacher-verified answers before approval.","false"
"1","12-zoology-english-788d2d32","Zoology","English","","tb-12-zoology-english-788d2d32-ch-9","9","0","4","8","0","0","0","0","163","Extracted; Awaiting answer verification; Awaiting teacher review; Needs manual/OCR attention","Verify the printed options and obtain source-supported or teacher-verified answers before approval.","false"
"1","12-zoology-english-788d2d32","Zoology","English","","tb-12-zoology-english-788d2d32-ch-10","10","0","9","9","0","0","0","0","181","Extracted; Awaiting answer verification; Awaiting teacher review","Verify the printed options and obtain source-supported or teacher-verified answers before approval.","false"
"1","12-zoology-english-788d2d32","Zoology","English","","tb-12-zoology-english-788d2d32-ch-11","11","0","9","9","0","0","0","0","201","Extracted; Awaiting answer verification; Awaiting teacher review","Verify the printed options and obtain source-supported or teacher-verified answers before approval.","false"
"1","12-zoology-english-788d2d32","Zoology","English","","tb-12-zoology-english-788d2d32-ch-12","12","0","8","8","0","0","0","0","224","Extracted; Awaiting answer verification; Awaiting teacher review","Verify the printed options and obtain source-supported or teacher-verified answers before approval.","false"
"1","12-zoology-english-788d2d32","Zoology","English","","tb-12-zoology-english-788d2d32-ch-13","13","0","95","107","0","0","0","0","242","Extracted; Awaiting answer verification; Awaiting teacher review; Needs manual/OCR attention","Verify the printed options and obtain source-supported or teacher-verified answers before approval.","false"
"3","12-auditing-english-cb18c74c","Auditing","English","","tb-12-auditing-english-cb18c74c-ch-3","3","0","10","10","0","0","0","0","55","Extracted; Awaiting answer verification; Awaiting teacher review; Needs manual/OCR attention","Verify the printed options and obtain source-supported or teacher-verified answers before approval.","false"
"3","12-auditing-english-cb18c74c","Auditing","English","","tb-12-auditing-english-cb18c74c-ch-5","5","0","19","25","0","0","0","0","94","Extracted; Awaiting answer verification; Awaiting teacher review; Needs manual/OCR attention","Verify the printed options and obtain source-supported or teacher-verified answers before approval.","false"
"3","12-auditing-english-cb18c74c","Auditing","English","","tb-12-auditing-english-cb18c74c-ch-9","9","0","18","19","0","0","0","0","157","Extracted; Awaiting answer verification; Awaiting teacher review; Needs manual/OCR attention","Verify the printed options and obtain source-supported or teacher-verified answers before approval.","false"
"3","12-business-mathematics-statistics-english-5710bd23","Business Mathematics & Statistics","English","","tb-12-business-mathematics-statistics-english-5710bd23-ch-2","2","0","26","26","26","0","0","26","59","Extracted; Awaiting answer verification; Awaiting teacher review; Needs manual/OCR attention","Individually compare prepared source/key evidence, repair OCR or notation, and explicitly approve or reject.","false"
"3","12-business-mathematics-statistics-english-5710bd23","Business Mathematics & Statistics","English","","tb-12-business-mathematics-statistics-english-5710bd23-ch-4","4","0","25","25","25","0","0","25","105","Extracted; Awaiting answer verification; Awaiting teacher review; Needs manual/OCR attention","Individually compare prepared source/key evidence, repair OCR or notation, and explicitly approve or reject.","false"
"3","12-business-mathematics-statistics-english-5710bd23","Business Mathematics & Statistics","English","","tb-12-business-mathematics-statistics-english-5710bd23-ch-6","6","0","30","32","0","0","0","0","147","Extracted; Awaiting answer verification; Awaiting teacher review; Needs manual/OCR attention","Verify the printed options and obtain source-supported or teacher-verified answers before approval.","false"
"3","12-business-mathematics-statistics-english-5710bd23","Business Mathematics & Statistics","English","","tb-12-business-mathematics-statistics-english-5710bd23-ch-7","7","0","32","33","0","0","0","0","175","Extracted; Awaiting answer verification; Awaiting teacher review; Needs manual/OCR attention","Verify the printed options and obtain source-supported or teacher-verified answers before approval.","false"
"3","12-business-mathematics-statistics-english-5710bd23","Business Mathematics & Statistics","English","","tb-12-business-mathematics-statistics-english-5710bd23-ch-8","8","0","21","22","0","0","0","0","201","Extracted; Awaiting answer verification; Awaiting teacher review; Needs manual/OCR attention","Verify the printed options and obtain source-supported or teacher-verified answers before approval.","false"
"3","12-business-mathematics-statistics-english-5710bd23","Business Mathematics & Statistics","English","","tb-12-business-mathematics-statistics-english-5710bd23-ch-10","10","0","19","19","0","0","0","0","266","Extracted; Awaiting answer verification; Awaiting teacher review; Needs manual/OCR attention","Verify the printed options and obtain source-supported or teacher-verified answers before approval.","false"
"3","12-chemistry-english-v1-2d0e27cb","Chemistry","English","1","tb-12-chemistry-english-v1-2d0e27cb-ch-5","5","0","18","21","0","0","0","0","179","Extracted; Awaiting answer verification; Awaiting teacher review; Needs manual/OCR attention","Verify the printed options and obtain source-supported or teacher-verified answers before approval.","false"
"3","12-chemistry-english-v1-2d0e27cb","Chemistry","English","1","tb-12-chemistry-english-v1-2d0e27cb-ch-6","6","0","23","24","0","0","0","0","207","Extracted; Awaiting answer verification; Awaiting teacher review; Needs manual/OCR attention","Verify the printed options and obtain source-supported or teacher-verified answers before approval.","false"
"3","12-chemistry-english-v1-2d0e27cb","Chemistry","English","1","tb-12-chemistry-english-v1-2d0e27cb-ch-7","7","0","29","30","0","0","0","0","236","Extracted; Awaiting answer verification; Awaiting teacher review; Needs manual/OCR attention","Verify the printed options and obtain source-supported or teacher-verified answers before approval.","false"
"3","12-chemistry-english-v2-0010d706","Chemistry","English","2","tb-12-chemistry-english-v2-0010d706-ch-8","8","0","23","23","0","0","0","0","32","Extracted; Awaiting answer verification; Awaiting teacher review; Needs manual/OCR attention","Verify the printed options and obtain source-supported or teacher-verified answers before approval.","false"
"3","12-chemistry-english-v2-0010d706","Chemistry","English","2","tb-12-chemistry-english-v2-0010d706-ch-13","13","0","25","33","0","0","0","0","233","Extracted; Awaiting answer verification; Awaiting teacher review; Needs manual/OCR attention","Verify the printed options and obtain source-supported or teacher-verified answers before approval.","false"
"3","12-chemistry-english-v2-0010d706","Chemistry","English","2","tb-12-chemistry-english-v2-0010d706-ch-15","15","0","15","15","0","0","0","0","298","Extracted; Awaiting answer verification; Awaiting teacher review; Needs manual/OCR attention","Verify the printed options and obtain source-supported or teacher-verified answers before approval.","false"
"3","12-economics-english-5418ce45","Economics","English","","tb-12-economics-english-5418ce45-ch-4","4","0","12","21","0","0","0","0","79","Extracted; Awaiting answer verification; Awaiting teacher review; Needs manual/OCR attention","Verify the printed options and obtain source-supported or teacher-verified answers before approval.","false"
"3","12-general-nursing-english-5c87aafc","General Nursing","English","","tb-12-general-nursing-english-5c87aafc-ch-1","1","0","49","49","0","0","0","0","42","Extracted; Awaiting answer verification; Awaiting teacher review","Verify the printed options and obtain source-supported or teacher-verified answers before approval.","false"
"3","12-general-nursing-english-5c87aafc","General Nursing","English","","tb-12-general-nursing-english-5c87aafc-ch-2","2","0","28","28","0","0","0","0","88","Extracted; Awaiting answer verification; Awaiting teacher review; Needs manual/OCR attention","Verify the printed options and obtain source-supported or teacher-verified answers before approval.","false"
"3","12-general-nursing-english-5c87aafc","General Nursing","English","","tb-12-general-nursing-english-5c87aafc-ch-3","3","0","6","7","0","0","0","0","103","Extracted; Awaiting answer verification; Awaiting teacher review; Needs manual/OCR attention","Verify the printed options and obtain source-supported or teacher-verified answers before approval.","false"
"3","12-general-nursing-english-5c87aafc","General Nursing","English","","tb-12-general-nursing-english-5c87aafc-ch-4","4","0","2","2","0","0","0","0","112","Extracted; Awaiting answer verification; Awaiting teacher review; Needs manual/OCR attention","Verify the printed options and obtain source-supported or teacher-verified answers before approval.","false"
"3","12-general-nursing-english-5c87aafc","General Nursing","English","","tb-12-general-nursing-english-5c87aafc-ch-5","5","0","10","10","0","0","0","0","144","Extracted; Awaiting answer verification; Awaiting teacher review","Verify the printed options and obtain source-supported or teacher-verified answers before approval.","false"
"3","12-general-nursing-english-5c87aafc","General Nursing","English","","tb-12-general-nursing-english-5c87aafc-ch-6","6","0","0","0","0","0","0","0","","Not processed","Locate and inventory the original book-back one-mark section; determine whether MCQs exist before transcription.","false"
"3","12-general-nursing-english-5c87aafc","General Nursing","English","","tb-12-general-nursing-english-5c87aafc-ch-7","7","0","10","10","0","0","0","0","179","Extracted; Awaiting answer verification; Awaiting teacher review","Verify the printed options and obtain source-supported or teacher-verified answers before approval.","false"
"3","12-general-nursing-english-5c87aafc","General Nursing","English","","tb-12-general-nursing-english-5c87aafc-ch-9","9","0","10","12","0","0","0","0","220","Extracted; Awaiting answer verification; Awaiting teacher review; Needs manual/OCR attention","Verify the printed options and obtain source-supported or teacher-verified answers before approval.","false"
"3","12-general-nursing-english-5c87aafc","General Nursing","English","","tb-12-general-nursing-english-5c87aafc-ch-10","10","0","9","9","0","0","0","0","247","Extracted; Awaiting answer verification; Awaiting teacher review","Verify the printed options and obtain source-supported or teacher-verified answers before approval.","false"
"3","12-general-nursing-english-5c87aafc","General Nursing","English","","tb-12-general-nursing-english-5c87aafc-ch-11","11","0","10","28","0","0","0","0","271","Extracted; Awaiting answer verification; Awaiting teacher review; Needs manual/OCR attention","Verify the printed options and obtain source-supported or teacher-verified answers before approval.","false"
"3","12-general-nursing-english-5c87aafc","General Nursing","English","","tb-12-general-nursing-english-5c87aafc-ch-12","12","0","10","10","0","0","0","0","289","Extracted; Awaiting answer verification; Awaiting teacher review; Needs manual/OCR attention","Verify the printed options and obtain source-supported or teacher-verified answers before approval.","false"
"3","12-general-nursing-english-5c87aafc","General Nursing","English","","tb-12-general-nursing-english-5c87aafc-ch-13","13","0","6","8","0","0","0","0","297","Extracted; Awaiting answer verification; Awaiting teacher review; Needs manual/OCR attention","Verify the printed options and obtain source-supported or teacher-verified answers before approval.","false"
"3","12-mathematics-english-v1-e33ceed7","Mathematics","English","1","tb-12-mathematics-english-v1-e33ceed7-ch-1","1","0","25","25","25","0","25","0","56","Extracted; Awaiting teacher review; Needs manual/OCR attention","Individually compare prepared source/key evidence, repair OCR or notation, and explicitly approve or reject.","false"
"3","12-mathematics-english-v1-e33ceed7","Mathematics","English","1","tb-12-mathematics-english-v1-e33ceed7-ch-2","2","0","25","26","25","0","25","0","101","Extracted; Awaiting answer verification; Awaiting teacher review; Needs manual/OCR attention","Individually compare prepared source/key evidence, repair OCR or notation, and explicitly approve or reject.","false"
"3","12-mathematics-english-v1-e33ceed7","Mathematics","English","1","tb-12-mathematics-english-v1-e33ceed7-ch-4","4","0","17","17","17","0","0","17","174","Extracted; Awaiting answer verification; Awaiting teacher review; Needs manual/OCR attention","Individually compare prepared source/key evidence, repair OCR or notation, and explicitly approve or reject.","false"
"3","12-mathematics-english-v1-e33ceed7","Mathematics","English","1","tb-12-mathematics-english-v1-e33ceed7-ch-5","5","0","25","26","25","0","25","0","223","Extracted; Awaiting answer verification; Awaiting teacher review; Needs manual/OCR attention","Individually compare prepared source/key evidence, repair OCR or notation, and explicitly approve or reject.","false"
"3","12-mathematics-english-v1-e33ceed7","Mathematics","English","1","tb-12-mathematics-english-v1-e33ceed7-ch-6","6","0","22","22","22","0","22","0","284","Extracted; Awaiting teacher review; Needs manual/OCR attention","Individually compare prepared source/key evidence, repair OCR or notation, and explicitly approve or reject.","false"
"3","12-mathematics-english-v2-d4925ec0","Mathematics","English","2","tb-12-mathematics-english-v2-d4925ec0-ch-7","7","0","20","22","20","0","20","0","58","Extracted; Awaiting answer verification; Awaiting teacher review; Needs manual/OCR attention","Individually compare prepared source/key evidence, repair OCR or notation, and explicitly approve or reject.","false"
"3","12-mathematics-english-v2-d4925ec0","Mathematics","English","2","tb-12-mathematics-english-v2-d4925ec0-ch-9","9","0","19","19","19","0","0","19","143","Extracted; Awaiting answer verification; Awaiting teacher review; Needs manual/OCR attention","Individually compare prepared source/key evidence, repair OCR or notation, and explicitly approve or reject.","false"
"3","12-mathematics-english-v2-d4925ec0","Mathematics","English","2","tb-12-mathematics-english-v2-d4925ec0-ch-10","10","0","25","26","0","0","0","0","179","Extracted; Awaiting answer verification; Awaiting teacher review; Needs manual/OCR attention","Verify the printed options and obtain source-supported or teacher-verified answers before approval.","false"
"3","12-mathematics-english-v2-d4925ec0","Mathematics","English","2","tb-12-mathematics-english-v2-d4925ec0-ch-12","12","0","16","17","0","0","0","0","253","Extracted; Awaiting answer verification; Awaiting teacher review; Needs manual/OCR attention","Verify the printed options and obtain source-supported or teacher-verified answers before approval.","false"
"3","12-statistics-english-1489a12e","Statistics","English","","tb-12-statistics-english-1489a12e-ch-9","9","0","9","11","0","0","0","0","258","Extracted; Awaiting answer verification; Awaiting teacher review; Needs manual/OCR attention","Verify the printed options and obtain source-supported or teacher-verified answers before approval.","false"
"3","12-textiles-and-dress-designing-english-1ceb8fbe","Textiles and Dress Designing","English","","tb-12-textiles-and-dress-designing-english-1ceb8fbe-ch-13","13","0","5","5","0","0","0","0","221","Extracted; Awaiting answer verification; Awaiting teacher review","Verify the printed options and obtain source-supported or teacher-verified answers before approval.","false"
"3","12-textiles-and-dress-designing-english-1ceb8fbe","Textiles and Dress Designing","English","","tb-12-textiles-and-dress-designing-english-1ceb8fbe-ch-14","14","0","4","4","0","0","0","0","230","Extracted; Awaiting answer verification; Awaiting teacher review","Verify the printed options and obtain source-supported or teacher-verified answers before approval.","false"
"5","12-accountancy-english-c0f4ded3","Accountancy","English","","tb-12-accountancy-english-c0f4ded3-ch-1","1","10","10","1","0","0","0","0","38","Extracted; Awaiting answer verification; Awaiting teacher review; Published (partial); Needs manual/OCR attention","Verify the printed options and obtain source-supported or teacher-verified answers before approval.","false"
"5","12-accountancy-english-c0f4ded3","Accountancy","English","","tb-12-accountancy-english-c0f4ded3-ch-2","2","10","10","1","0","0","0","0","77","Extracted; Awaiting answer verification; Awaiting teacher review; Published (partial); Needs manual/OCR attention","Verify the printed options and obtain source-supported or teacher-verified answers before approval.","false"
"5","12-accountancy-english-c0f4ded3","Accountancy","English","","tb-12-accountancy-english-c0f4ded3-ch-3","3","9","9","2","0","0","0","0","118","Extracted; Awaiting answer verification; Awaiting teacher review; Published (partial); Needs manual/OCR attention","Verify the printed options and obtain source-supported or teacher-verified answers before approval.","false"
"5","12-accountancy-english-c0f4ded3","Accountancy","English","","tb-12-accountancy-english-c0f4ded3-ch-4","4","8","8","5","0","0","0","0","139","Extracted; Awaiting answer verification; Awaiting teacher review; Published (partial); Needs manual/OCR attention","Verify the printed options and obtain source-supported or teacher-verified answers before approval.","false"
"5","12-accountancy-english-c0f4ded3","Accountancy","English","","tb-12-accountancy-english-c0f4ded3-ch-5","5","9","10","7","1","0","0","1","179","Extracted; Awaiting answer verification; Awaiting teacher review; Published (partial); Needs manual/OCR attention","Individually compare prepared source/key evidence, repair OCR or notation, and explicitly approve or reject.","false"
"5","12-accountancy-english-c0f4ded3","Accountancy","English","","tb-12-accountancy-english-c0f4ded3-ch-6","6","10","10","3","0","0","0","0","223","Extracted; Awaiting answer verification; Awaiting teacher review; Published (partial); Needs manual/OCR attention","Verify the printed options and obtain source-supported or teacher-verified answers before approval.","false"
"5","12-accountancy-english-c0f4ded3","Accountancy","English","","tb-12-accountancy-english-c0f4ded3-ch-7","7","9","9","2","0","0","0","0","263","Extracted; Awaiting answer verification; Awaiting teacher review; Published (partial); Needs manual/OCR attention","Verify the printed options and obtain source-supported or teacher-verified answers before approval.","false"
"5","12-accountancy-english-c0f4ded3","Accountancy","English","","tb-12-accountancy-english-c0f4ded3-ch-8","8","9","10","23","1","0","1","0","293","Extracted; Awaiting answer verification; Awaiting teacher review; Published (partial); Needs manual/OCR attention","Individually compare prepared source/key evidence, repair OCR or notation, and explicitly approve or reject.","false"
"5","12-accountancy-english-c0f4ded3","Accountancy","English","","tb-12-accountancy-english-c0f4ded3-ch-9","9","10","10","19","0","0","0","0","326","Extracted; Awaiting answer verification; Awaiting teacher review; Published (partial); Needs manual/OCR attention","Verify the printed options and obtain source-supported or teacher-verified answers before approval.","false"
"5","12-accountancy-english-c0f4ded3","Accountancy","English","","tb-12-accountancy-english-c0f4ded3-ch-10","10","10","10","3","0","0","0","0","363","Extracted; Awaiting answer verification; Awaiting teacher review; Published (partial); Needs manual/OCR attention","Verify the printed options and obtain source-supported or teacher-verified answers before approval.","false"
"5","12-auditing-english-cb18c74c","Auditing","English","","tb-12-auditing-english-cb18c74c-ch-1","1","10","10","0","0","0","0","0","30","Extracted; Published (partial)","Verify the printed options and obtain source-supported or teacher-verified answers before approval.","false"
"5","12-auditing-english-cb18c74c","Auditing","English","","tb-12-auditing-english-cb18c74c-ch-2","2","6","6","0","0","0","0","0","44","Extracted; Published (partial)","Verify the printed options and obtain source-supported or teacher-verified answers before approval.","false"
"5","12-auditing-english-cb18c74c","Auditing","English","","tb-12-auditing-english-cb18c74c-ch-4","4","29","30","3","1","0","1","0","73","Extracted; Awaiting answer verification; Awaiting teacher review; Published (partial); Needs manual/OCR attention","Individually compare prepared source/key evidence, repair OCR or notation, and explicitly approve or reject.","false"
"5","12-auditing-english-cb18c74c","Auditing","English","","tb-12-auditing-english-cb18c74c-ch-6","6","10","10","0","0","0","0","0","110","Extracted; Published (partial)","Verify the printed options and obtain source-supported or teacher-verified answers before approval.","false"
"5","12-auditing-english-cb18c74c","Auditing","English","","tb-12-auditing-english-cb18c74c-ch-7","7","10","10","2","0","0","0","0","125","Extracted; Awaiting answer verification; Awaiting teacher review; Published (partial); Needs manual/OCR attention","Verify the printed options and obtain source-supported or teacher-verified answers before approval.","false"
"5","12-auditing-english-cb18c74c","Auditing","English","","tb-12-auditing-english-cb18c74c-ch-8","8","9","10","5","1","0","1","0","138","Extracted; Awaiting answer verification; Awaiting teacher review; Published (partial); Needs manual/OCR attention","Individually compare prepared source/key evidence, repair OCR or notation, and explicitly approve or reject.","false"
"5","12-auditing-english-cb18c74c","Auditing","English","","tb-12-auditing-english-cb18c74c-ch-10","10","17","17","0","0","0","0","0","174","Extracted; Published (partial)","Verify the printed options and obtain source-supported or teacher-verified answers before approval.","false"
"5","12-basic-civil-engineering-english-fc2d4128","Basic Civil Engineering","English","","tb-12-basic-civil-engineering-english-fc2d4128-ch-1","1","6","6","1","0","0","0","0","24","Extracted; Awaiting answer verification; Awaiting teacher review; Published (partial); Needs manual/OCR attention","Verify the printed options and obtain source-supported or teacher-verified answers before approval.","false"
"5","12-basic-civil-engineering-english-fc2d4128","Basic Civil Engineering","English","","tb-12-basic-civil-engineering-english-fc2d4128-ch-2","2","6","6","1","0","0","0","0","42","Extracted; Awaiting answer verification; Awaiting teacher review; Published (partial); Needs manual/OCR attention","Verify the printed options and obtain source-supported or teacher-verified answers before approval.","false"
"5","12-basic-civil-engineering-english-fc2d4128","Basic Civil Engineering","English","","tb-12-basic-civil-engineering-english-fc2d4128-ch-3","3","7","7","4","0","0","0","0","66","Extracted; Awaiting answer verification; Awaiting teacher review; Published (partial); Needs manual/OCR attention","Verify the printed options and obtain source-supported or teacher-verified answers before approval.","false"
"5","12-basic-civil-engineering-english-fc2d4128","Basic Civil Engineering","English","","tb-12-basic-civil-engineering-english-fc2d4128-ch-4","4","7","7","1","0","0","0","0","92","Extracted; Awaiting answer verification; Awaiting teacher review; Published (partial); Needs manual/OCR attention","Verify the printed options and obtain source-supported or teacher-verified answers before approval.","false"
"5","12-basic-civil-engineering-english-fc2d4128","Basic Civil Engineering","English","","tb-12-basic-civil-engineering-english-fc2d4128-ch-5","5","5","5","5","0","0","0","0","115","Extracted; Awaiting answer verification; Awaiting teacher review; Published (partial); Needs manual/OCR attention","Verify the printed options and obtain source-supported or teacher-verified answers before approval.","false"
"5","12-basic-civil-engineering-english-fc2d4128","Basic Civil Engineering","English","","tb-12-basic-civil-engineering-english-fc2d4128-ch-6","6","6","6","5","0","0","0","0","141","Extracted; Awaiting answer verification; Awaiting teacher review; Published (partial); Needs manual/OCR attention","Verify the printed options and obtain source-supported or teacher-verified answers before approval.","false"
"5","12-basic-civil-engineering-english-fc2d4128","Basic Civil Engineering","English","","tb-12-basic-civil-engineering-english-fc2d4128-ch-7","7","6","6","10","0","0","0","0","161","Extracted; Awaiting answer verification; Awaiting teacher review; Published (partial); Needs manual/OCR attention","Verify the printed options and obtain source-supported or teacher-verified answers before approval.","false"
"5","12-basic-civil-engineering-english-fc2d4128","Basic Civil Engineering","English","","tb-12-basic-civil-engineering-english-fc2d4128-ch-8","8","4","33","30","0","0","0","0","171","Extracted; Awaiting answer verification; Awaiting teacher review; Published (partial); Needs manual/OCR attention","Verify the printed options and obtain source-supported or teacher-verified answers before approval.","false"
"5","12-basic-electronics-engineering-english-983efd90","Basic Electronics Engineering","English","","tb-12-basic-electronics-engineering-english-983efd90-ch-1","1","13","14","2","1","0","1","0","37","Extracted; Awaiting answer verification; Awaiting teacher review; Published (partial); Needs manual/OCR attention","Individually compare prepared source/key evidence, repair OCR or notation, and explicitly approve or reject.","false"
"5","12-basic-electronics-engineering-english-983efd90","Basic Electronics Engineering","English","","tb-12-basic-electronics-engineering-english-983efd90-ch-2","2","8","3","1","0","0","0","0","54","Extracted; Awaiting answer verification; Awaiting teacher review; Published (partial); Needs manual/OCR attention","Verify the printed options and obtain source-supported or teacher-verified answers before approval.","false"
"5","12-basic-electronics-engineering-english-983efd90","Basic Electronics Engineering","English","","tb-12-basic-electronics-engineering-english-983efd90-ch-3","3","10","10","3","0","0","0","0","87","Extracted; Awaiting answer verification; Awaiting teacher review; Published (partial); Needs manual/OCR attention","Verify the printed options and obtain source-supported or teacher-verified answers before approval.","false"
"5","12-basic-electronics-engineering-english-983efd90","Basic Electronics Engineering","English","","tb-12-basic-electronics-engineering-english-983efd90-ch-4","4","19","14","0","0","0","0","0","120","Extracted; Published (partial)","Verify the printed options and obtain source-supported or teacher-verified answers before approval.","false"
"5","12-basic-electronics-engineering-english-983efd90","Basic Electronics Engineering","English","","tb-12-basic-electronics-engineering-english-983efd90-ch-5","5","12","12","0","0","0","0","0","142","Extracted; Published (partial)","Verify the printed options and obtain source-supported or teacher-verified answers before approval.","false"
"5","12-basic-electronics-engineering-english-983efd90","Basic Electronics Engineering","English","","tb-12-basic-electronics-engineering-english-983efd90-ch-6","6","8","9","12","1","0","1","0","162","Extracted; Awaiting answer verification; Awaiting teacher review; Published (partial); Needs manual/OCR attention","Individually compare prepared source/key evidence, repair OCR or notation, and explicitly approve or reject.","false"
"5","12-basic-electronics-engineering-english-983efd90","Basic Electronics Engineering","English","","tb-12-basic-electronics-engineering-english-983efd90-ch-7","7","8","8","7","0","0","0","0","185","Extracted; Awaiting answer verification; Awaiting teacher review; Published (partial); Needs manual/OCR attention","Verify the printed options and obtain source-supported or teacher-verified answers before approval.","false"
"5","12-basic-electronics-engineering-english-983efd90","Basic Electronics Engineering","English","","tb-12-basic-electronics-engineering-english-983efd90-ch-8","8","9","10","1","1","0","0","1","203","Extracted; Awaiting answer verification; Awaiting teacher review; Published (partial); Needs manual/OCR attention","Individually compare prepared source/key evidence, repair OCR or notation, and explicitly approve or reject.","false"
"5","12-basic-electronics-engineering-english-983efd90","Basic Electronics Engineering","English","","tb-12-basic-electronics-engineering-english-983efd90-ch-9","9","3","4","7","1","0","0","1","232","Extracted; Awaiting answer verification; Awaiting teacher review; Published (partial); Needs manual/OCR attention","Individually compare prepared source/key evidence, repair OCR or notation, and explicitly approve or reject.","false"
"5","12-basic-electronics-engineering-english-983efd90","Basic Electronics Engineering","English","","tb-12-basic-electronics-engineering-english-983efd90-ch-10","10","3","16","18","0","0","0","0","257","Extracted; Awaiting answer verification; Awaiting teacher review; Published (partial); Needs manual/OCR attention","Verify the printed options and obtain source-supported or teacher-verified answers before approval.","false"
"5","12-business-mathematics-statistics-english-5710bd23","Business Mathematics & Statistics","English","","tb-12-business-mathematics-statistics-english-5710bd23-ch-1","1","3","25","22","22","0","0","22","26","Extracted; Awaiting answer verification; Awaiting teacher review; Published (partial); Needs manual/OCR attention","Individually compare prepared source/key evidence, repair OCR or notation, and explicitly approve or reject.","false"
"5","12-business-mathematics-statistics-english-5710bd23","Business Mathematics & Statistics","English","","tb-12-business-mathematics-statistics-english-5710bd23-ch-3","3","2","25","23","23","0","0","23","81","Extracted; Awaiting answer verification; Awaiting teacher review; Published (partial); Needs manual/OCR attention","Individually compare prepared source/key evidence, repair OCR or notation, and explicitly approve or reject.","false"
"5","12-business-mathematics-statistics-english-5710bd23","Business Mathematics & Statistics","English","","tb-12-business-mathematics-statistics-english-5710bd23-ch-5","5","1","12","11","11","0","11","0","126","Extracted; Awaiting teacher review; Published (partial); Needs manual/OCR attention","Individually compare prepared source/key evidence, repair OCR or notation, and explicitly approve or reject.","false"
"5","12-business-mathematics-statistics-english-5710bd23","Business Mathematics & Statistics","English","","tb-12-business-mathematics-statistics-english-5710bd23-ch-9","9","22","25","4","3","0","3","0","235","Extracted; Awaiting answer verification; Awaiting teacher review; Published (partial); Needs manual/OCR attention","Individually compare prepared source/key evidence, repair OCR or notation, and explicitly approve or reject.","false"
"5","12-chemistry-english-v1-2d0e27cb","Chemistry","English","1","tb-12-chemistry-english-v1-2d0e27cb-ch-1","1","10","24","15","14","0","0","14","30","Extracted; Awaiting answer verification; Awaiting teacher review; Published (partial); Needs manual/OCR attention","Individually compare prepared source/key evidence, repair OCR or notation, and explicitly approve or reject.","false"
"5","12-chemistry-english-v1-2d0e27cb","Chemistry","English","1","tb-12-chemistry-english-v1-2d0e27cb-ch-2","2","12","17","7","5","0","0","5","63","Extracted; Awaiting answer verification; Awaiting teacher review; Published (partial); Needs manual/OCR attention","Individually compare prepared source/key evidence, repair OCR or notation, and explicitly approve or reject.","false"
"5","12-chemistry-english-v1-2d0e27cb","Chemistry","English","1","tb-12-chemistry-english-v1-2d0e27cb-ch-3","3","5","18","16","12","0","0","12","106","Extracted; Awaiting answer verification; Awaiting teacher review; Published (partial); Needs manual/OCR attention","Individually compare prepared source/key evidence, repair OCR or notation, and explicitly approve or reject.","false"
"5","12-chemistry-english-v1-2d0e27cb","Chemistry","English","1","tb-12-chemistry-english-v1-2d0e27cb-ch-4","4","7","19","14","12","0","2","10","135","Extracted; Awaiting answer verification; Awaiting teacher review; Published (partial); Needs manual/OCR attention","Individually compare prepared source/key evidence, repair OCR or notation, and explicitly approve or reject.","false"
"5","12-chemistry-english-v2-0010d706","Chemistry","English","2","tb-12-chemistry-english-v2-0010d706-ch-9","9","5","22","18","17","0","0","17","66","Extracted; Awaiting answer verification; Awaiting teacher review; Published (partial); Needs manual/OCR attention","Individually compare prepared source/key evidence, repair OCR or notation, and explicitly approve or reject.","false"
"5","12-chemistry-english-v2-0010d706","Chemistry","English","2","tb-12-chemistry-english-v2-0010d706-ch-10","10","8","18","11","10","0","0","10","104","Extracted; Awaiting answer verification; Awaiting teacher review; Published (partial); Needs manual/OCR attention","Individually compare prepared source/key evidence, repair OCR or notation, and explicitly approve or reject.","false"
"5","12-chemistry-english-v2-0010d706","Chemistry","English","2","tb-12-chemistry-english-v2-0010d706-ch-11","11","7","16","14","9","0","0","9","143","Extracted; Awaiting answer verification; Awaiting teacher review; Published (partial); Needs manual/OCR attention","Individually compare prepared source/key evidence, repair OCR or notation, and explicitly approve or reject.","false"
"5","12-chemistry-english-v2-0010d706","Chemistry","English","2","tb-12-chemistry-english-v2-0010d706-ch-12","12","14","21","10","7","0","0","7","193","Extracted; Awaiting answer verification; Awaiting teacher review; Published (partial); Needs manual/OCR attention","Individually compare prepared source/key evidence, repair OCR or notation, and explicitly approve or reject.","false"
"5","12-chemistry-english-v2-0010d706","Chemistry","English","2","tb-12-chemistry-english-v2-0010d706-ch-14","14","20","23","3","3","0","0","3","272","Extracted; Awaiting answer verification; Awaiting teacher review; Published (partial); Needs manual/OCR attention","Individually compare prepared source/key evidence, repair OCR or notation, and explicitly approve or reject.","false"
"5","12-commerce-english-4f83c61b","Commerce","English","","tb-12-commerce-english-4f83c61b-ch-1","1","5","5","1","0","0","0","0","22","Extracted; Awaiting answer verification; Awaiting teacher review; Published (partial); Needs manual/OCR attention","Verify the printed options and obtain source-supported or teacher-verified answers before approval.","false"
"5","12-commerce-english-4f83c61b","Commerce","English","","tb-12-commerce-english-4f83c61b-ch-2","2","4","5","2","1","0","1","0","27","Extracted; Awaiting answer verification; Awaiting teacher review; Published (partial); Needs manual/OCR attention","Individually compare prepared source/key evidence, repair OCR or notation, and explicitly approve or reject.","false"
"5","12-commerce-english-4f83c61b","Commerce","English","","tb-12-commerce-english-4f83c61b-ch-3","3","5","5","0","0","0","0","0","33","Extracted; Published (partial)","Verify the printed options and obtain source-supported or teacher-verified answers before approval.","false"
"5","12-commerce-english-4f83c61b","Commerce","English","","tb-12-commerce-english-4f83c61b-ch-4","4","5","5","0","0","0","0","0","39","Extracted; Published (partial)","Verify the printed options and obtain source-supported or teacher-verified answers before approval.","false"
"5","12-commerce-english-4f83c61b","Commerce","English","","tb-12-commerce-english-4f83c61b-ch-5","5","5","5","0","0","0","0","0","45","Extracted; Published (partial)","Verify the printed options and obtain source-supported or teacher-verified answers before approval.","false"
"5","12-commerce-english-4f83c61b","Commerce","English","","tb-12-commerce-english-4f83c61b-ch-6","6","5","5","1","0","0","0","0","54","Extracted; Awaiting answer verification; Awaiting teacher review; Published (partial); Needs manual/OCR attention","Verify the printed options and obtain source-supported or teacher-verified answers before approval.","false"
"5","12-commerce-english-4f83c61b","Commerce","English","","tb-12-commerce-english-4f83c61b-ch-7","7","5","5","1","0","0","0","0","70","Extracted; Awaiting answer verification; Awaiting teacher review; Published (partial); Needs manual/OCR attention","Verify the printed options and obtain source-supported or teacher-verified answers before approval.","false"
"5","12-commerce-english-4f83c61b","Commerce","English","","tb-12-commerce-english-4f83c61b-ch-8","8","5","5","0","0","0","0","0","79","Extracted; Published (partial)","Verify the printed options and obtain source-supported or teacher-verified answers before approval.","false"
"5","12-commerce-english-4f83c61b","Commerce","English","","tb-12-commerce-english-4f83c61b-ch-9","9","3","4","1","0","0","0","0","85","Extracted; Awaiting answer verification; Awaiting teacher review; Published (partial)","Verify the printed options and obtain source-supported or teacher-verified answers before approval.","false"
"5","12-commerce-english-4f83c61b","Commerce","English","","tb-12-commerce-english-4f83c61b-ch-10","10","5","5","0","0","0","0","0","90","Extracted; Published (partial)","Verify the printed options and obtain source-supported or teacher-verified answers before approval.","false"
"5","12-commerce-english-4f83c61b","Commerce","English","","tb-12-commerce-english-4f83c61b-ch-11","11","5","5","1","0","0","0","0","100","Extracted; Awaiting answer verification; Awaiting teacher review; Published (partial); Needs manual/OCR attention","Verify the printed options and obtain source-supported or teacher-verified answers before approval.","false"
"5","12-commerce-english-4f83c61b","Commerce","English","","tb-12-commerce-english-4f83c61b-ch-12","12","5","5","0","0","0","0","0","110","Extracted; Published (partial)","Verify the printed options and obtain source-supported or teacher-verified answers before approval.","false"
"5","12-commerce-english-4f83c61b","Commerce","English","","tb-12-commerce-english-4f83c61b-ch-13","13","5","5","0","0","0","0","0","118","Extracted; Published (partial)","Verify the printed options and obtain source-supported or teacher-verified answers before approval.","false"
"5","12-commerce-english-4f83c61b","Commerce","English","","tb-12-commerce-english-4f83c61b-ch-14","14","5","5","0","0","0","0","0","126","Extracted; Published (partial)","Verify the printed options and obtain source-supported or teacher-verified answers before approval.","false"
"5","12-commerce-english-4f83c61b","Commerce","English","","tb-12-commerce-english-4f83c61b-ch-15","15","5","5","0","0","0","0","0","136","Extracted; Published (partial)","Verify the printed options and obtain source-supported or teacher-verified answers before approval.","false"
"5","12-commerce-english-4f83c61b","Commerce","English","","tb-12-commerce-english-4f83c61b-ch-16","16","5","5","0","0","0","0","0","148","Extracted; Published (partial)","Verify the printed options and obtain source-supported or teacher-verified answers before approval.","false"
"5","12-commerce-english-4f83c61b","Commerce","English","","tb-12-commerce-english-4f83c61b-ch-17","17","5","5","0","0","0","0","0","156","Extracted; Published (partial)","Verify the printed options and obtain source-supported or teacher-verified answers before approval.","false"
"5","12-commerce-english-4f83c61b","Commerce","English","","tb-12-commerce-english-4f83c61b-ch-18","18","5","5","0","0","0","0","0","163","Extracted; Published (partial)","Verify the printed options and obtain source-supported or teacher-verified answers before approval.","false"
"5","12-commerce-english-4f83c61b","Commerce","English","","tb-12-commerce-english-4f83c61b-ch-19","19","4","5","1","1","0","1","0","174","Extracted; Awaiting teacher review; Published (partial); Needs manual/OCR attention","Individually compare prepared source/key evidence, repair OCR or notation, and explicitly approve or reject.","false"
"5","12-commerce-english-4f83c61b","Commerce","English","","tb-12-commerce-english-4f83c61b-ch-20","20","5","5","0","0","0","0","0","182","Extracted; Published (partial)","Verify the printed options and obtain source-supported or teacher-verified answers before approval.","false"
"5","12-commerce-english-4f83c61b","Commerce","English","","tb-12-commerce-english-4f83c61b-ch-21","21","4","4","0","0","0","0","0","196","Extracted; Published (partial)","Verify the printed options and obtain source-supported or teacher-verified answers before approval.","false"
"5","12-commerce-english-4f83c61b","Commerce","English","","tb-12-commerce-english-4f83c61b-ch-22","22","5","5","1","0","0","0","0","210","Extracted; Awaiting answer verification; Awaiting teacher review; Published (partial); Needs manual/OCR attention","Verify the printed options and obtain source-supported or teacher-verified answers before approval.","false"
"5","12-commerce-english-4f83c61b","Commerce","English","","tb-12-commerce-english-4f83c61b-ch-23","23","5","5","0","0","0","0","0","226","Extracted; Published (partial)","Verify the printed options and obtain source-supported or teacher-verified answers before approval.","false"
"5","12-commerce-english-4f83c61b","Commerce","English","","tb-12-commerce-english-4f83c61b-ch-24","24","5","5","0","0","0","0","0","234","Extracted; Published (partial)","Verify the printed options and obtain source-supported or teacher-verified answers before approval.","false"
"5","12-commerce-english-4f83c61b","Commerce","English","","tb-12-commerce-english-4f83c61b-ch-25","25","5","5","0","0","0","0","0","243","Extracted; Published (partial)","Verify the printed options and obtain source-supported or teacher-verified answers before approval.","false"
"5","12-commerce-english-4f83c61b","Commerce","English","","tb-12-commerce-english-4f83c61b-ch-26","26","5","5","5","0","0","0","0","254","Extracted; Awaiting answer verification; Awaiting teacher review; Published (partial); Needs manual/OCR attention","Verify the printed options and obtain source-supported or teacher-verified answers before approval.","false"
"5","12-commerce-english-4f83c61b","Commerce","English","","tb-12-commerce-english-4f83c61b-ch-27","27","5","5","4","0","0","0","0","271","Extracted; Awaiting answer verification; Awaiting teacher review; Published (partial); Needs manual/OCR attention","Verify the printed options and obtain source-supported or teacher-verified answers before approval.","false"
"5","12-commerce-english-4f83c61b","Commerce","English","","tb-12-commerce-english-4f83c61b-ch-28","28","5","5","2","0","0","0","0","281","Extracted; Awaiting answer verification; Awaiting teacher review; Published (partial); Needs manual/OCR attention","Verify the printed options and obtain source-supported or teacher-verified answers before approval.","false"
"5","12-economics-english-5418ce45","Economics","English","","tb-12-economics-english-5418ce45-ch-1","1","20","20","0","0","0","0","0","21","Extracted; Published (partial)","Verify the printed options and obtain source-supported or teacher-verified answers before approval.","false"
"5","12-economics-english-5418ce45","Economics","English","","tb-12-economics-english-5418ce45-ch-2","2","19","20","2","1","0","1","0","38","Extracted; Awaiting answer verification; Awaiting teacher review; Published (partial); Needs manual/OCR attention","Individually compare prepared source/key evidence, repair OCR or notation, and explicitly approve or reject.","false"
"5","12-economics-english-5418ce45","Economics","English","","tb-12-economics-english-5418ce45-ch-3","3","20","20","0","0","0","0","0","54","Extracted; Published (partial)","Verify the printed options and obtain source-supported or teacher-verified answers before approval.","false"
"5","12-economics-english-5418ce45","Economics","English","","tb-12-economics-english-5418ce45-ch-5","5","14","19","7","0","0","0","0","97","Extracted; Awaiting answer verification; Awaiting teacher review; Published (partial); Needs manual/OCR attention","Verify the printed options and obtain source-supported or teacher-verified answers before approval.","false"
"5","12-economics-english-5418ce45","Economics","English","","tb-12-economics-english-5418ce45-ch-6","6","14","20","10","1","0","1","0","127","Extracted; Awaiting answer verification; Awaiting teacher review; Published (partial); Needs manual/OCR attention","Individually compare prepared source/key evidence, repair OCR or notation, and explicitly approve or reject.","false"
"5","12-economics-english-5418ce45","Economics","English","","tb-12-economics-english-5418ce45-ch-7","7","17","17","4","0","0","0","0","155","Extracted; Awaiting answer verification; Awaiting teacher review; Published (partial); Needs manual/OCR attention","Verify the printed options and obtain source-supported or teacher-verified answers before approval.","false"
"5","12-economics-english-5418ce45","Economics","English","","tb-12-economics-english-5418ce45-ch-8","8","19","19","2","0","0","0","0","178","Extracted; Awaiting answer verification; Awaiting teacher review; Published (partial); Needs manual/OCR attention","Verify the printed options and obtain source-supported or teacher-verified answers before approval.","false"
"5","12-economics-english-5418ce45","Economics","English","","tb-12-economics-english-5418ce45-ch-9","9","12","15","8","3","0","3","0","186","Extracted; Awaiting answer verification; Awaiting teacher review; Published (partial); Needs manual/OCR attention","Individually compare prepared source/key evidence, repair OCR or notation, and explicitly approve or reject.","false"
"5","12-economics-english-5418ce45","Economics","English","","tb-12-economics-english-5418ce45-ch-10","10","19","20","2","1","0","1","0","239","Extracted; Awaiting answer verification; Awaiting teacher review; Published (partial); Needs manual/OCR attention","Individually compare prepared source/key evidence, repair OCR or notation, and explicitly approve or reject.","false"
"5","12-economics-english-5418ce45","Economics","English","","tb-12-economics-english-5418ce45-ch-11","11","18","18","1","0","0","0","0","260","Extracted; Awaiting answer verification; Awaiting teacher review; Published (partial); Needs manual/OCR attention","Verify the printed options and obtain source-supported or teacher-verified answers before approval.","false"
"5","12-economics-english-5418ce45","Economics","English","","tb-12-economics-english-5418ce45-ch-12","12","14","15","5","1","0","1","0","284","Extracted; Awaiting answer verification; Awaiting teacher review; Published (partial); Needs manual/OCR attention","Individually compare prepared source/key evidence, repair OCR or notation, and explicitly approve or reject.","false"
"5","12-general-nursing-english-5c87aafc","General Nursing","English","","tb-12-general-nursing-english-5c87aafc-ch-8","8","16","20","4","0","0","0","0","200","Extracted; Awaiting answer verification; Awaiting teacher review; Published (partial)","Verify the printed options and obtain source-supported or teacher-verified answers before approval.","false"
"5","12-mathematics-english-v1-e33ceed7","Mathematics","English","1","tb-12-mathematics-english-v1-e33ceed7-ch-3","3","1","10","9","9","0","0","9","135","Extracted; Awaiting answer verification; Awaiting teacher review; Published (partial); Needs manual/OCR attention","Individually compare prepared source/key evidence, repair OCR or notation, and explicitly approve or reject.","false"
"5","12-mathematics-english-v2-d4925ec0","Mathematics","English","2","tb-12-mathematics-english-v2-d4925ec0-ch-8","8","2","15","13","13","0","13","0","91","Extracted; Awaiting teacher review; Published (partial); Needs manual/OCR attention","Individually compare prepared source/key evidence, repair OCR or notation, and explicitly approve or reject.","false"
"5","12-mathematics-english-v2-d4925ec0","Mathematics","English","2","tb-12-mathematics-english-v2-d4925ec0-ch-11","11","5","19","14","14","0","0","14","222","Extracted; Awaiting answer verification; Awaiting teacher review; Published (partial); Needs manual/OCR attention","Individually compare prepared source/key evidence, repair OCR or notation, and explicitly approve or reject.","false"
"5","12-physics-english-v1-1b1de8f8","Physics","English","1","tb-12-physics-english-v1-1b1de8f8-ch-1","1","3","13","11","10","0","0","10","79","Extracted; Awaiting answer verification; Awaiting teacher review; Published (partial); Needs manual/OCR attention","Individually compare prepared source/key evidence, repair OCR or notation, and explicitly approve or reject.","false"
"5","12-physics-english-v1-1b1de8f8","Physics","English","1","tb-12-physics-english-v1-1b1de8f8-ch-2","2","4","14","12","10","0","0","10","126","Extracted; Awaiting answer verification; Awaiting teacher review; Published (partial); Needs manual/OCR attention","Individually compare prepared source/key evidence, repair OCR or notation, and explicitly approve or reject.","false"
"5","12-physics-english-v1-1b1de8f8","Physics","English","1","tb-12-physics-english-v1-1b1de8f8-ch-3","3","1","14","13","13","0","0","13","197","Extracted; Awaiting answer verification; Awaiting teacher review; Published (partial); Needs manual/OCR attention","Individually compare prepared source/key evidence, repair OCR or notation, and explicitly approve or reject.","false"
"5","12-physics-english-v1-1b1de8f8","Physics","English","1","tb-12-physics-english-v1-1b1de8f8-ch-4","4","4","13","11","9","0","9","0","266","Extracted; Awaiting answer verification; Awaiting teacher review; Published (partial); Needs manual/OCR attention","Individually compare prepared source/key evidence, repair OCR or notation, and explicitly approve or reject.","false"
"5","12-physics-english-v1-1b1de8f8","Physics","English","1","tb-12-physics-english-v1-1b1de8f8-ch-5","5","8","15","9","7","0","0","7","290","Extracted; Awaiting answer verification; Awaiting teacher review; Published (partial); Needs manual/OCR attention","Individually compare prepared source/key evidence, repair OCR or notation, and explicitly approve or reject.","false"
"5","12-physics-english-v2-0ce6704c","Physics","English","2","tb-12-physics-english-v2-0ce6704c-ch-6","6","3","5","7","2","0","2","0","56","Extracted; Awaiting answer verification; Awaiting teacher review; Published (partial); Needs manual/OCR attention","Individually compare prepared source/key evidence, repair OCR or notation, and explicitly approve or reject.","false"
"5","12-physics-english-v2-0ce6704c","Physics","English","2","tb-12-physics-english-v2-0ce6704c-ch-7","7","4","6","6","1","0","1","0","110","Extracted; Awaiting answer verification; Awaiting teacher review; Published (partial); Needs manual/OCR attention","Individually compare prepared source/key evidence, repair OCR or notation, and explicitly approve or reject.","false"
"5","12-physics-english-v2-0ce6704c","Physics","English","2","tb-12-physics-english-v2-0ce6704c-ch-8","8","3","9","10","6","0","0","6","143","Extracted; Awaiting answer verification; Awaiting teacher review; Published (partial); Needs manual/OCR attention","Individually compare prepared source/key evidence, repair OCR or notation, and explicitly approve or reject.","false"
"5","12-physics-english-v2-0ce6704c","Physics","English","2","tb-12-physics-english-v2-0ce6704c-ch-9","9","5","15","17","6","0","0","6","197","Extracted; Awaiting answer verification; Awaiting teacher review; Published (partial); Needs manual/OCR attention","Individually compare prepared source/key evidence, repair OCR or notation, and explicitly approve or reject.","false"
"5","12-physics-english-v2-0ce6704c","Physics","English","2","tb-12-physics-english-v2-0ce6704c-ch-10","10","4","9","10","1","0","0","1","254","Extracted; Awaiting answer verification; Awaiting teacher review; Published (partial); Needs manual/OCR attention","Individually compare prepared source/key evidence, repair OCR or notation, and explicitly approve or reject.","false"
"5","12-physics-english-v2-0ce6704c","Physics","English","2","tb-12-physics-english-v2-0ce6704c-ch-11","11","10","10","1","0","0","0","0","290","Extracted; Awaiting answer verification; Awaiting teacher review; Published (partial); Needs manual/OCR attention","Verify the printed options and obtain source-supported or teacher-verified answers before approval.","false"
"5","12-statistics-english-1489a12e","Statistics","English","","tb-12-statistics-english-1489a12e-ch-1","1","6","18","12","12","0","12","0","34","Extracted; Awaiting teacher review; Published (partial); Needs manual/OCR attention","Individually compare prepared source/key evidence, repair OCR or notation, and explicitly approve or reject.","false"
"5","12-statistics-english-1489a12e","Statistics","English","","tb-12-statistics-english-1489a12e-ch-2","2","7","16","9","9","0","0","9","76","Extracted; Awaiting answer verification; Awaiting teacher review; Published (partial); Needs manual/OCR attention","Individually compare prepared source/key evidence, repair OCR or notation, and explicitly approve or reject.","false"
"5","12-statistics-english-1489a12e","Statistics","English","","tb-12-statistics-english-1489a12e-ch-3","3","13","19","6","6","0","6","0","105","Extracted; Awaiting teacher review; Published (partial); Needs manual/OCR attention","Individually compare prepared source/key evidence, repair OCR or notation, and explicitly approve or reject.","false"
"5","12-statistics-english-1489a12e","Statistics","English","","tb-12-statistics-english-1489a12e-ch-4","4","16","20","5","4","0","4","0","129","Extracted; Awaiting answer verification; Awaiting teacher review; Published (partial); Needs manual/OCR attention","Individually compare prepared source/key evidence, repair OCR or notation, and explicitly approve or reject.","false"
"5","12-statistics-english-1489a12e","Statistics","English","","tb-12-statistics-english-1489a12e-ch-5","5","14","18","6","4","0","0","4","154","Extracted; Awaiting answer verification; Awaiting teacher review; Published (partial); Needs manual/OCR attention","Individually compare prepared source/key evidence, repair OCR or notation, and explicitly approve or reject.","false"
"5","12-statistics-english-1489a12e","Statistics","English","","tb-12-statistics-english-1489a12e-ch-6","6","9","10","5","1","0","1","0","182","Extracted; Awaiting answer verification; Awaiting teacher review; Published (partial); Needs manual/OCR attention","Individually compare prepared source/key evidence, repair OCR or notation, and explicitly approve or reject.","false"
"5","12-statistics-english-1489a12e","Statistics","English","","tb-12-statistics-english-1489a12e-ch-7","7","15","15","1","0","0","0","0","207","Extracted; Awaiting answer verification; Awaiting teacher review; Published (partial); Needs manual/OCR attention","Verify the printed options and obtain source-supported or teacher-verified answers before approval.","false"
"5","12-statistics-english-1489a12e","Statistics","English","","tb-12-statistics-english-1489a12e-ch-8","8","19","19","1","0","0","0","0","245","Extracted; Awaiting answer verification; Awaiting teacher review; Published (partial); Needs manual/OCR attention","Verify the printed options and obtain source-supported or teacher-verified answers before approval.","false"
"5","12-textiles-and-dress-designing-english-1ceb8fbe","Textiles and Dress Designing","English","","tb-12-textiles-and-dress-designing-english-1ceb8fbe-ch-1","1","3","3","6","0","0","0","0","25","Extracted; Awaiting answer verification; Awaiting teacher review; Published (partial); Needs manual/OCR attention","Verify the printed options and obtain source-supported or teacher-verified answers before approval.","false"
"5","12-textiles-and-dress-designing-english-1ceb8fbe","Textiles and Dress Designing","English","","tb-12-textiles-and-dress-designing-english-1ceb8fbe-ch-2","2","5","5","0","0","0","0","0","40","Extracted; Published (partial)","Verify the printed options and obtain source-supported or teacher-verified answers before approval.","false"
"5","12-textiles-and-dress-designing-english-1ceb8fbe","Textiles and Dress Designing","English","","tb-12-textiles-and-dress-designing-english-1ceb8fbe-ch-3","3","5","5","0","0","0","0","0","54","Extracted; Published (partial)","Verify the printed options and obtain source-supported or teacher-verified answers before approval.","false"
"5","12-textiles-and-dress-designing-english-1ceb8fbe","Textiles and Dress Designing","English","","tb-12-textiles-and-dress-designing-english-1ceb8fbe-ch-4","4","3","3","0","0","0","0","0","64","Extracted; Published (partial)","Verify the printed options and obtain source-supported or teacher-verified answers before approval.","false"
"5","12-textiles-and-dress-designing-english-1ceb8fbe","Textiles and Dress Designing","English","","tb-12-textiles-and-dress-designing-english-1ceb8fbe-ch-5","5","6","6","1","0","0","0","0","82","Extracted; Awaiting answer verification; Awaiting teacher review; Published (partial); Needs manual/OCR attention","Verify the printed options and obtain source-supported or teacher-verified answers before approval.","false"
"5","12-textiles-and-dress-designing-english-1ceb8fbe","Textiles and Dress Designing","English","","tb-12-textiles-and-dress-designing-english-1ceb8fbe-ch-6","6","3","4","2","1","0","1","0","106","Extracted; Awaiting answer verification; Awaiting teacher review; Published (partial); Needs manual/OCR attention","Individually compare prepared source/key evidence, repair OCR or notation, and explicitly approve or reject.","false"
"5","12-textiles-and-dress-designing-english-1ceb8fbe","Textiles and Dress Designing","English","","tb-12-textiles-and-dress-designing-english-1ceb8fbe-ch-7","7","3","5","2","2","0","2","0","113","Extracted; Awaiting teacher review; Published (partial); Needs manual/OCR attention","Individually compare prepared source/key evidence, repair OCR or notation, and explicitly approve or reject.","false"
"5","12-textiles-and-dress-designing-english-1ceb8fbe","Textiles and Dress Designing","English","","tb-12-textiles-and-dress-designing-english-1ceb8fbe-ch-8","8","9","10","1","1","0","1","0","133","Extracted; Awaiting teacher review; Published (partial); Needs manual/OCR attention","Individually compare prepared source/key evidence, repair OCR or notation, and explicitly approve or reject.","false"
"5","12-textiles-and-dress-designing-english-1ceb8fbe","Textiles and Dress Designing","English","","tb-12-textiles-and-dress-designing-english-1ceb8fbe-ch-9","9","5","5","0","0","0","0","0","157","Extracted; Published (partial)","Verify the printed options and obtain source-supported or teacher-verified answers before approval.","false"
"5","12-textiles-and-dress-designing-english-1ceb8fbe","Textiles and Dress Designing","English","","tb-12-textiles-and-dress-designing-english-1ceb8fbe-ch-10","10","4","4","4","0","0","0","0","173","Extracted; Awaiting answer verification; Awaiting teacher review; Published (partial); Needs manual/OCR attention","Verify the printed options and obtain source-supported or teacher-verified answers before approval.","false"
"5","12-textiles-and-dress-designing-english-1ceb8fbe","Textiles and Dress Designing","English","","tb-12-textiles-and-dress-designing-english-1ceb8fbe-ch-11","11","4","4","0","0","0","0","0","183","Extracted; Published (partial)","Verify the printed options and obtain source-supported or teacher-verified answers before approval.","false"
"5","12-textiles-and-dress-designing-english-1ceb8fbe","Textiles and Dress Designing","English","","tb-12-textiles-and-dress-designing-english-1ceb8fbe-ch-12","12","5","5","0","0","0","0","0","203","Extracted; Published (partial)","Verify the printed options and obtain source-supported or teacher-verified answers before approval.","false"
"5","12-textiles-and-dress-designing-english-1ceb8fbe","Textiles and Dress Designing","English","","tb-12-textiles-and-dress-designing-english-1ceb8fbe-ch-15","15","6","6","18","0","0","0","0","240","Extracted; Awaiting answer verification; Awaiting teacher review; Published (partial); Needs manual/OCR attention","Verify the printed options and obtain source-supported or teacher-verified answers before approval.","false"
